attach_id,local_path,source_url,bytes
391,data/images/orig/391.jpg,http://johnlsayers.com/phpBB2/download/file.php?id=391,87301
392,data/images/orig/392.jpg,http://johnlsayers.com/phpBB2/download/file.php?id=392,90207
400,data/images/orig/400.jpg,http://johnlsayers.com/phpBB2/download/file.php?id=400,155346
402,data/images/orig/402.jpg,http://johnlsayers.com/phpBB2/download/file.php?id=402,87302
403,data/images/orig/403.jpg,http://johnlsayers.com/phpBB2/download/file.php?id=403,67454
757,data/images/orig/757.jpg,http://johnlsayers.com/phpBB2/download/file.php?id=757,19569
815,data/images/orig/815.jpg,http://johnlsayers.com/phpBB2/download/file.php?id=815,35042
820,data/images/orig/820.jpg,http://johnlsayers.com/phpBB2/download/file.php?id=820,72484
857,data/images/orig/857.jpg,http://johnlsayers.com/phpBB2/download/file.php?id=857,33611
858,data/images/orig/858.jpg,http://johnlsayers.com/phpBB2/download/file.php?id=858,63380
899,data/images/orig/899.jpg,http://johnlsayers.com/phpBB2/download/file.php?id=899,142110
910,data/images/orig/910.jpg,http://johnlsayers.com/phpBB2/download/file.php?id=910,94481
965,data/images/orig/965.jpg,http://johnlsayers.com/phpBB2/download/file.php?id=965,94861
1728,data/images/orig/1728.jpg,http://johnlsayers.com/phpBB2/download/file.php?id=1728,32474
2765,data/images/orig/2765.gif,http://www.johnlsayers.com/phpBB2/download/file.php?id=2765,26153
3091,data/images/orig/3091.gif,http://johnlsayers.com/phpBB2/download/file.php?id=3091,11689
3092,data/images/orig/3092.gif,http://johnlsayers.com/phpBB2/download/file.php?id=3092,9567
3093,data/images/orig/3093.jpg,http://johnlsayers.com/phpBB2/download/file.php?id=3093,11509
3110,data/images/orig/3110.gif,http://johnlsayers.com/phpBB2/download/file.php?id=3110,35181
3111,data/images/orig/3111.gif,http://johnlsayers.com/phpBB2/download/file.php?id=3111,51565
3112,data/images/orig/3112.gif,http://johnlsayers.com/phpBB2/download/file.php?id=3112,92788
3271,data/images/orig/3271.jpg,http://johnlsayers.com/phpBB2/download/file.php?id=3271,95154
3272,data/images/orig/3272.jpg,http://johnlsayers.com/phpBB2/download/file.php?id=3272,28033
3273,data/images/orig/3273.jpg,http://johnlsayers.com/phpBB2/download/file.php?id=3273,82701
3276,data/images/orig/3276.jpg,http://johnlsayers.com/phpBB2/download/file.php?id=3276,103793
3277,data/images/orig/3277.jpg,http://johnlsayers.com/phpBB2/download/file.php?id=3277,116312
3439,data/images/orig/3439.jpg,http://johnlsayers.com/phpBB2/download/file.php?id=3439,66972
3949,data/images/orig/3949.jpg,http://johnlsayers.com/phpBB2/download/file.php?id=3949,72312
3950,data/images/orig/3950.jpg,http://johnlsayers.com/phpBB2/download/file.php?id=3950,50433
3951,data/images/orig/3951.jpg,http://johnlsayers.com/phpBB2/download/file.php?id=3951,44722
3952,data/images/orig/3952.jpg,http://johnlsayers.com/phpBB2/download/file.php?id=3952,50982
3953,data/images/orig/3953.jpg,http://johnlsayers.com/phpBB2/download/file.php?id=3953,55018
3957,data/images/orig/3957.jpg,http://johnlsayers.com/phpBB2/download/file.php?id=3957,53370
3987,data/images/orig/3987.jpg,http://johnlsayers.com/phpBB2/download/file.php?id=3987,86992
3989,data/images/orig/3989.jpg,http://johnlsayers.com/phpBB2/download/file.php?id=3989,45555
4044,data/images/orig/4044.jpg,http://johnlsayers.com/phpBB2/download/file.php?id=4044,139736
4221,data/images/orig/4221.jpg,http://johnlsayers.com/phpBB2/download/file.php?id=4221,53206
4802,data/images/orig/4802.jpg,http://johnlsayers.com/phpBB2/download/file.php?id=4802,123836
5357,data/images/orig/5357.jpg,http://johnlsayers.com/phpBB2/download/file.php?id=5357,61591
5358,data/images/orig/5358.jpg,http://johnlsayers.com/phpBB2/download/file.php?id=5358,64278
5359,data/images/orig/5359.jpg,http://johnlsayers.com/phpBB2/download/file.php?id=5359,58681
5360,data/images/orig/5360.jpg,http://johnlsayers.com/phpBB2/download/file.php?id=5360,77836
5785,data/images/orig/5785.gif,http://johnlsayers.com/phpBB2/download/file.php?id=5785,10570
5786,data/images/orig/5786.gif,http://johnlsayers.com/phpBB2/download/file.php?id=5786,13423
5787,data/images/orig/5787.gif,http://johnlsayers.com/phpBB2/download/file.php?id=5787,7138
5788,data/images/orig/5788.gif,http://johnlsayers.com/phpBB2/download/file.php?id=5788,9626
5789,data/images/orig/5789.gif,http://johnlsayers.com/phpBB2/download/file.php?id=5789,9376
5790,data/images/orig/5790.gif,http://johnlsayers.com/phpBB2/download/file.php?id=5790,10205
6199,data/images/orig/6199.jpg,http://johnlsayers.com/phpBB2/download/file.php?id=6199,39706
6200,data/images/orig/6200.jpg,http://johnlsayers.com/phpBB2/download/file.php?id=6200,57034
6201,data/images/orig/6201.jpg,http://johnlsayers.com/phpBB2/download/file.php?id=6201,57319
6202,data/images/orig/6202.jpg,http://johnlsayers.com/phpBB2/download/file.php?id=6202,30092
6203,data/images/orig/6203.jpg,http://johnlsayers.com/phpBB2/download/file.php?id=6203,44562
6213,data/images/orig/6213.jpg,http://johnlsayers.com/phpBB2/download/file.php?id=6213,64383
6491,data/images/orig/6491.jpg,http://johnlsayers.com/phpBB2/download/file.php?id=6491,48627
6492,data/images/orig/6492.jpg,http://johnlsayers.com/phpBB2/download/file.php?id=6492,47703
6493,data/images/orig/6493.jpg,http://johnlsayers.com/phpBB2/download/file.php?id=6493,54437
6640,data/images/orig/6640.jpg,http://johnlsayers.com/phpBB2/download/file.php?id=6640,24394
6641,data/images/orig/6641.jpg,http://johnlsayers.com/phpBB2/download/file.php?id=6641,40055
6642,data/images/orig/6642.jpg,http://johnlsayers.com/phpBB2/download/file.php?id=6642,23167
6643,data/images/orig/6643.jpg,http://johnlsayers.com/phpBB2/download/file.php?id=6643,1859
6644,data/images/orig/6644.jpg,http://johnlsayers.com/phpBB2/download/file.php?id=6644,48024
6645,data/images/orig/6645.jpg,http://johnlsayers.com/phpBB2/download/file.php?id=6645,27482
6724,data/images/orig/6724.jpg,http://johnlsayers.com/phpBB2/download/file.php?id=6724,94262
6725,data/images/orig/6725.jpg,http://johnlsayers.com/phpBB2/download/file.php?id=6725,79554
6726,data/images/orig/6726.jpg,http://johnlsayers.com/phpBB2/download/file.php?id=6726,63373
6824,data/images/orig/6824.jpg,http://johnlsayers.com/phpBB2/download/file.php?id=6824,44744
6825,data/images/orig/6825.jpg,http://johnlsayers.com/phpBB2/download/file.php?id=6825,37702
6826,data/images/orig/6826.jpg,http://johnlsayers.com/phpBB2/download/file.php?id=6826,52669
6827,data/images/orig/6827.jpg,http://johnlsayers.com/phpBB2/download/file.php?id=6827,50715
6849,data/images/orig/6849.jpg,http://johnlsayers.com/phpBB2/download/file.php?id=6849,47599
6970,data/images/orig/6970.jpg,http://johnlsayers.com/phpBB2/download/file.php?id=6970,43341
6971,data/images/orig/6971.jpg,http://johnlsayers.com/phpBB2/download/file.php?id=6971,51373
7053,data/images/orig/7053.jpg,http://johnlsayers.com/phpBB2/download/file.php?id=7053,42010
8254,data/images/orig/8254.gif,http://johnlsayers.com/phpBB2/download/file.php?id=8254,12355
8274,data/images/orig/8274.jpg,http://johnlsayers.com/phpBB2/download/file.php?id=8274,28258
8275,data/images/orig/8275.jpg,http://johnlsayers.com/phpBB2/download/file.php?id=8275,47288
8276,data/images/orig/8276.jpg,http://johnlsayers.com/phpBB2/download/file.php?id=8276,42172
8277,data/images/orig/8277.jpg,http://johnlsayers.com/phpBB2/download/file.php?id=8277,42224
8278,data/images/orig/8278.jpg,http://johnlsayers.com/phpBB2/download/file.php?id=8278,44458
8279,data/images/orig/8279.jpg,http://johnlsayers.com/phpBB2/download/file.php?id=8279,22903
8447,data/images/orig/8447.jpg,http://johnlsayers.com/phpBB2/download/file.php?id=8447,49080
8448,data/images/orig/8448.jpg,http://johnlsayers.com/phpBB2/download/file.php?id=8448,41580
9201,data/images/orig/9201.jpg,http://johnlsayers.com/phpBB2/download/file.php?id=9201,26889
9213,data/images/orig/9213.jpg,http://johnlsayers.com/phpBB2/download/file.php?id=9213,88419
10140,data/images/orig/10140.gif,http://johnlsayers.com/phpBB2/download/file.php?id=10140,13610
10457,data/images/orig/10457.jpg,http://johnlsayers.com/phpBB2/download/file.php?id=10457,146444
10564,data/images/orig/10564.pdf,http://johnlsayers.com/phpBB2/download/file.php?id=10564,42960
11034,data/images/orig/11034.jpg,http://johnlsayers.com/phpBB2/download/file.php?id=11034,48172
11035,data/images/orig/11035.jpg,http://johnlsayers.com/phpBB2/download/file.php?id=11035,102881
11206,data/images/orig/11206.gif,http://www.johnlsayers.com/phpBB2/download/file.php?id=11206,7515
11481,data/images/orig/11481.jpg,http://www.johnlsayers.com/phpBB2/download/file.php?id=11481,115492
11698,data/images/orig/11698.jpg,http://johnlsayers.com/phpBB2/download/file.php?id=11698,64243
11699,data/images/orig/11699.jpg,http://johnlsayers.com/phpBB2/download/file.php?id=11699,118512
11700,data/images/orig/11700.jpg,http://johnlsayers.com/phpBB2/download/file.php?id=11700,134539
11702,data/images/orig/11702.jpg,http://johnlsayers.com/phpBB2/download/file.php?id=11702,59953
12077,data/images/orig/12077.jpg,http://johnlsayers.com/phpBB2/download/file.php?id=12077,127170
12078,data/images/orig/12078.jpg,http://johnlsayers.com/phpBB2/download/file.php?id=12078,91022
12079,data/images/orig/12079.jpg,http://johnlsayers.com/phpBB2/download/file.php?id=12079,126775
12080,data/images/orig/12080.jpg,http://johnlsayers.com/phpBB2/download/file.php?id=12080,87190
12081,data/images/orig/12081.jpg,http://johnlsayers.com/phpBB2/download/file.php?id=12081,97587
12082,data/images/orig/12082.jpg,http://johnlsayers.com/phpBB2/download/file.php?id=12082,79676
12083,data/images/orig/12083.jpg,http://johnlsayers.com/phpBB2/download/file.php?id=12083,84174
12085,data/images/orig/12085.jpg,http://johnlsayers.com/phpBB2/download/file.php?id=12085,23894
12086,data/images/orig/12086.jpg,http://johnlsayers.com/phpBB2/download/file.php?id=12086,134230
12087,data/images/orig/12087.jpg,http://johnlsayers.com/phpBB2/download/file.php?id=12087,57698
12211,data/images/orig/12211.jpg,http://johnlsayers.com/phpBB2/download/file.php?id=12211,285546
12212,data/images/orig/12212.jpg,http://johnlsayers.com/phpBB2/download/file.php?id=12212,43098
12213,data/images/orig/12213.jpg,http://johnlsayers.com/phpBB2/download/file.php?id=12213,32783
12214,data/images/orig/12214.jpg,http://johnlsayers.com/phpBB2/download/file.php?id=12214,272178
12363,data/images/orig/12363.jpg,http://johnlsayers.com/phpBB2/download/file.php?id=12363,18360
12662,data/images/orig/12662.jpg,http://johnlsayers.com/phpBB2/download/file.php?id=12662,48812
12669,data/images/orig/12669.jpg,http://johnlsayers.com/phpBB2/download/file.php?id=12669,51603
13064,data/images/orig/13064.jpg,http://johnlsayers.com/phpBB2/download/file.php?id=13064,178955
13065,data/images/orig/13065.jpg,http://johnlsayers.com/phpBB2/download/file.php?id=13065,141446
13066,data/images/orig/13066.jpg,http://johnlsayers.com/phpBB2/download/file.php?id=13066,171665
13067,data/images/orig/13067.jpg,http://johnlsayers.com/phpBB2/download/file.php?id=13067,135417
13103,data/images/orig/13103.jpg,http://johnlsayers.com/phpBB2/download/file.php?id=13103,53697
13483,data/images/orig/13483.jpg,http://johnlsayers.com/phpBB2/download/file.php?id=13483,91104
13484,data/images/orig/13484.jpg,http://johnlsayers.com/phpBB2/download/file.php?id=13484,74993
13485,data/images/orig/13485.jpg,http://johnlsayers.com/phpBB2/download/file.php?id=13485,82961
13486,data/images/orig/13486.jpg,http://johnlsayers.com/phpBB2/download/file.php?id=13486,67992
13487,data/images/orig/13487.jpg,http://johnlsayers.com/phpBB2/download/file.php?id=13487,100525
13488,data/images/orig/13488.jpg,http://johnlsayers.com/phpBB2/download/file.php?id=13488,83463
13489,data/images/orig/13489.jpg,http://johnlsayers.com/phpBB2/download/file.php?id=13489,104065
13522,data/images/orig/13522.jpg,http://www.johnlsayers.com/phpBB2/download/file.php?id=13522,80048
13679,data/images/orig/13679.jpg,http://johnlsayers.com/phpBB2/download/file.php?id=13679,45644
13680,data/images/orig/13680.jpg,http://johnlsayers.com/phpBB2/download/file.php?id=13680,48477
13681,data/images/orig/13681.jpg,http://johnlsayers.com/phpBB2/download/file.php?id=13681,50652
13682,data/images/orig/13682.jpg,http://johnlsayers.com/phpBB2/download/file.php?id=13682,45944
13683,data/images/orig/13683.jpg,http://johnlsayers.com/phpBB2/download/file.php?id=13683,44491
13684,data/images/orig/13684.jpg,http://johnlsayers.com/phpBB2/download/file.php?id=13684,47599
13685,data/images/orig/13685.jpg,http://johnlsayers.com/phpBB2/download/file.php?id=13685,38851
13686,data/images/orig/13686.jpg,http://johnlsayers.com/phpBB2/download/file.php?id=13686,42278
13687,data/images/orig/13687.jpg,http://johnlsayers.com/phpBB2/download/file.php?id=13687,49336
13688,data/images/orig/13688.jpg,http://johnlsayers.com/phpBB2/download/file.php?id=13688,49729
13689,data/images/orig/13689.jpg,http://johnlsayers.com/phpBB2/download/file.php?id=13689,49184
13690,data/images/orig/13690.jpg,http://johnlsayers.com/phpBB2/download/file.php?id=13690,44595
13737,data/images/orig/13737.jpg,http://www.johnlsayers.com/phpBB2/download/file.php?id=13737,68741
13814,data/images/orig/13814.jpg,http://johnlsayers.com/phpBB2/download/file.php?id=13814,159979
13815,data/images/orig/13815.jpg,http://johnlsayers.com/phpBB2/download/file.php?id=13815,166617
13816,data/images/orig/13816.jpg,http://johnlsayers.com/phpBB2/download/file.php?id=13816,176979
13818,data/images/orig/13818.jpg,http://johnlsayers.com/phpBB2/download/file.php?id=13818,31483
13819,data/images/orig/13819.jpg,http://johnlsayers.com/phpBB2/download/file.php?id=13819,170126
13878,data/images/orig/13878.jpg,http://johnlsayers.com/phpBB2/download/file.php?id=13878,48049
13879,data/images/orig/13879.jpg,http://johnlsayers.com/phpBB2/download/file.php?id=13879,43891
14083,data/images/orig/14083.jpg,http://johnlsayers.com/phpBB2/download/file.php?id=14083,219786
14119,data/images/orig/14119.jpg,http://johnlsayers.com/phpBB2/download/file.php?id=14119,156317
14142,data/images/orig/14142.jpg,http://johnlsayers.com/phpBB2/download/file.php?id=14142,81614
14245,data/images/orig/14245.jpg,http://johnlsayers.com/phpBB2/download/file.php?id=14245,261521
14619,data/images/orig/14619.jpg,http://johnlsayers.com/phpBB2/download/file.php?id=14619,209491
14627,data/images/orig/14627.jpg,http://johnlsayers.com/phpBB2/download/file.php?id=14627,56835
14728,data/images/orig/14728.jpg,http://johnlsayers.com/phpBB2/download/file.php?id=14728,365848
14729,data/images/orig/14729.jpg,http://johnlsayers.com/phpBB2/download/file.php?id=14729,321364
14730,data/images/orig/14730.jpg,http://johnlsayers.com/phpBB2/download/file.php?id=14730,345233
14731,data/images/orig/14731.jpg,http://johnlsayers.com/phpBB2/download/file.php?id=14731,351870
14732,data/images/orig/14732.jpg,http://johnlsayers.com/phpBB2/download/file.php?id=14732,367283
14733,data/images/orig/14733.jpg,http://johnlsayers.com/phpBB2/download/file.php?id=14733,322306
14952,data/images/orig/14952.gif,http://johnlsayers.com/phpBB2/download/file.php?id=14952,22393
14957,data/images/orig/14957.gif,http://johnlsayers.com/phpBB2/download/file.php?id=14957,27284
14973,data/images/orig/14973.jpg,http://johnlsayers.com/phpBB2/download/file.php?id=14973,68185
14974,data/images/orig/14974.jpg,http://johnlsayers.com/phpBB2/download/file.php?id=14974,67859
14975,data/images/orig/14975.jpg,http://johnlsayers.com/phpBB2/download/file.php?id=14975,125776
14976,data/images/orig/14976.jpg,http://johnlsayers.com/phpBB2/download/file.php?id=14976,80437
14977,data/images/orig/14977.jpg,http://johnlsayers.com/phpBB2/download/file.php?id=14977,75444
14978,data/images/orig/14978.jpg,http://johnlsayers.com/phpBB2/download/file.php?id=14978,76409
14979,data/images/orig/14979.jpg,http://johnlsayers.com/phpBB2/download/file.php?id=14979,102700
14980,data/images/orig/14980.jpg,http://johnlsayers.com/phpBB2/download/file.php?id=14980,109179
14981,data/images/orig/14981.jpg,http://johnlsayers.com/phpBB2/download/file.php?id=14981,190024
14982,data/images/orig/14982.jpg,http://johnlsayers.com/phpBB2/download/file.php?id=14982,180998
14983,data/images/orig/14983.jpg,http://johnlsayers.com/phpBB2/download/file.php?id=14983,104445
14984,data/images/orig/14984.jpg,http://johnlsayers.com/phpBB2/download/file.php?id=14984,78246
15003,data/images/orig/15003.jpg,http://johnlsayers.com/phpBB2/download/file.php?id=15003,106855
15004,data/images/orig/15004.jpg,http://johnlsayers.com/phpBB2/download/file.php?id=15004,92069
15005,data/images/orig/15005.jpg,http://johnlsayers.com/phpBB2/download/file.php?id=15005,90354
15006,data/images/orig/15006.jpg,http://johnlsayers.com/phpBB2/download/file.php?id=15006,106989
15007,data/images/orig/15007.jpg,http://johnlsayers.com/phpBB2/download/file.php?id=15007,196759
15008,data/images/orig/15008.jpg,http://johnlsayers.com/phpBB2/download/file.php?id=15008,113717
15009,data/images/orig/15009.jpg,http://johnlsayers.com/phpBB2/download/file.php?id=15009,110882
15010,data/images/orig/15010.jpg,http://johnlsayers.com/phpBB2/download/file.php?id=15010,105724
15011,data/images/orig/15011.jpg,http://johnlsayers.com/phpBB2/download/file.php?id=15011,102623
15012,data/images/orig/15012.jpg,http://johnlsayers.com/phpBB2/download/file.php?id=15012,98319
15013,data/images/orig/15013.jpg,http://johnlsayers.com/phpBB2/download/file.php?id=15013,109879
15014,data/images/orig/15014.jpg,http://johnlsayers.com/phpBB2/download/file.php?id=15014,101305
15015,data/images/orig/15015.jpg,http://johnlsayers.com/phpBB2/download/file.php?id=15015,106174
15016,data/images/orig/15016.jpg,http://johnlsayers.com/phpBB2/download/file.php?id=15016,85019
15017,data/images/orig/15017.jpg,http://johnlsayers.com/phpBB2/download/file.php?id=15017,81495
15288,data/images/orig/15288.jpg,http://johnlsayers.com/phpBB2/download/file.php?id=15288,55668
15289,data/images/orig/15289.skp,http://johnlsayers.com/phpBB2/download/file.php?id=15289,33812
15294,data/images/orig/15294.jpg,http://johnlsayers.com/phpBB2/download/file.php?id=15294,128993
15295,data/images/orig/15295.jpg,http://johnlsayers.com/phpBB2/download/file.php?id=15295,142168
15296,data/images/orig/15296.jpg,http://johnlsayers.com/phpBB2/download/file.php?id=15296,180084
15297,data/images/orig/15297.jpg,http://johnlsayers.com/phpBB2/download/file.php?id=15297,211033
15298,data/images/orig/15298.jpg,http://johnlsayers.com/phpBB2/download/file.php?id=15298,278400
15299,data/images/orig/15299.jpg,http://johnlsayers.com/phpBB2/download/file.php?id=15299,187724
15300,data/images/orig/15300.jpg,http://johnlsayers.com/phpBB2/download/file.php?id=15300,232570
15301,data/images/orig/15301.jpg,http://johnlsayers.com/phpBB2/download/file.php?id=15301,238554
15302,data/images/orig/15302.jpg,http://johnlsayers.com/phpBB2/download/file.php?id=15302,184563
15303,data/images/orig/15303.jpg,http://johnlsayers.com/phpBB2/download/file.php?id=15303,222560
15304,data/images/orig/15304.jpg,http://johnlsayers.com/phpBB2/download/file.php?id=15304,226998
15305,data/images/orig/15305.jpg,http://johnlsayers.com/phpBB2/download/file.php?id=15305,140558
15306,data/images/orig/15306.jpg,http://johnlsayers.com/phpBB2/download/file.php?id=15306,134675
15307,data/images/orig/15307.jpg,http://johnlsayers.com/phpBB2/download/file.php?id=15307,155966
15308,data/images/orig/15308.jpg,http://johnlsayers.com/phpBB2/download/file.php?id=15308,131908
15309,data/images/orig/15309.jpg,http://johnlsayers.com/phpBB2/download/file.php?id=15309,105337
15310,data/images/orig/15310.jpg,http://johnlsayers.com/phpBB2/download/file.php?id=15310,113733
15311,data/images/orig/15311.jpg,http://johnlsayers.com/phpBB2/download/file.php?id=15311,146394
15312,data/images/orig/15312.jpg,http://johnlsayers.com/phpBB2/download/file.php?id=15312,149714
15313,data/images/orig/15313.jpg,http://johnlsayers.com/phpBB2/download/file.php?id=15313,124804
15314,data/images/orig/15314.jpg,http://johnlsayers.com/phpBB2/download/file.php?id=15314,114691
15315,data/images/orig/15315.jpg,http://johnlsayers.com/phpBB2/download/file.php?id=15315,132359
15316,data/images/orig/15316.jpg,http://johnlsayers.com/phpBB2/download/file.php?id=15316,136274
15317,data/images/orig/15317.jpg,http://johnlsayers.com/phpBB2/download/file.php?id=15317,118069
15318,data/images/orig/15318.jpg,http://johnlsayers.com/phpBB2/download/file.php?id=15318,89475
15319,data/images/orig/15319.jpg,http://johnlsayers.com/phpBB2/download/file.php?id=15319,106847
15320,data/images/orig/15320.jpg,http://johnlsayers.com/phpBB2/download/file.php?id=15320,69597
15321,data/images/orig/15321.jpg,http://johnlsayers.com/phpBB2/download/file.php?id=15321,71069
15322,data/images/orig/15322.jpg,http://johnlsayers.com/phpBB2/download/file.php?id=15322,86037
15323,data/images/orig/15323.jpg,http://johnlsayers.com/phpBB2/download/file.php?id=15323,115325
15324,data/images/orig/15324.jpg,http://johnlsayers.com/phpBB2/download/file.php?id=15324,124567
15325,data/images/orig/15325.jpg,http://johnlsayers.com/phpBB2/download/file.php?id=15325,156139
15326,data/images/orig/15326.jpg,http://johnlsayers.com/phpBB2/download/file.php?id=15326,161096
15327,data/images/orig/15327.jpg,http://johnlsayers.com/phpBB2/download/file.php?id=15327,123207
15328,data/images/orig/15328.jpg,http://johnlsayers.com/phpBB2/download/file.php?id=15328,73097
15329,data/images/orig/15329.jpg,http://johnlsayers.com/phpBB2/download/file.php?id=15329,143600
15330,data/images/orig/15330.jpg,http://johnlsayers.com/phpBB2/download/file.php?id=15330,113233
15331,data/images/orig/15331.jpg,http://johnlsayers.com/phpBB2/download/file.php?id=15331,113957
15332,data/images/orig/15332.jpg,http://johnlsayers.com/phpBB2/download/file.php?id=15332,86820
15333,data/images/orig/15333.jpg,http://johnlsayers.com/phpBB2/download/file.php?id=15333,78877
15334,data/images/orig/15334.jpg,http://johnlsayers.com/phpBB2/download/file.php?id=15334,88253
15335,data/images/orig/15335.jpg,http://johnlsayers.com/phpBB2/download/file.php?id=15335,85722
15336,data/images/orig/15336.jpg,http://johnlsayers.com/phpBB2/download/file.php?id=15336,103302
15337,data/images/orig/15337.jpg,http://johnlsayers.com/phpBB2/download/file.php?id=15337,99766
15338,data/images/orig/15338.jpg,http://johnlsayers.com/phpBB2/download/file.php?id=15338,137478
15339,data/images/orig/15339.jpg,http://johnlsayers.com/phpBB2/download/file.php?id=15339,123054
15340,data/images/orig/15340.jpg,http://johnlsayers.com/phpBB2/download/file.php?id=15340,112243
15341,data/images/orig/15341.jpg,http://johnlsayers.com/phpBB2/download/file.php?id=15341,131209
15342,data/images/orig/15342.jpg,http://johnlsayers.com/phpBB2/download/file.php?id=15342,122453
15343,data/images/orig/15343.jpg,http://johnlsayers.com/phpBB2/download/file.php?id=15343,121445
15344,data/images/orig/15344.jpg,http://johnlsayers.com/phpBB2/download/file.php?id=15344,112848
15345,data/images/orig/15345.jpg,http://johnlsayers.com/phpBB2/download/file.php?id=15345,120459
15346,data/images/orig/15346.jpg,http://johnlsayers.com/phpBB2/download/file.php?id=15346,101774
15564,data/images/orig/15564.jpg,http://johnlsayers.com/phpBB2/download/file.php?id=15564,13953
15661,data/images/orig/15661.jpg,http://johnlsayers.com/phpBB2/download/file.php?id=15661,47687
15782,data/images/orig/15782.jpg,http://johnlsayers.com/phpBB2/download/file.php?id=15782,134723
15784,data/images/orig/15784.jpg,http://johnlsayers.com/phpBB2/download/file.php?id=15784,105171
15841,data/images/orig/15841.jpg,http://johnlsayers.com/phpBB2/download/file.php?id=15841,105171
15892,data/images/orig/15892.jpg,http://johnlsayers.com/phpBB2/download/file.php?id=15892,128595
15893,data/images/orig/15893.jpg,http://johnlsayers.com/phpBB2/download/file.php?id=15893,125472
15898,data/images/orig/15898.jpg,http://johnlsayers.com/phpBB2/download/file.php?id=15898,18606
16012,data/images/orig/16012.jpg,http://johnlsayers.com/phpBB2/download/file.php?id=16012,36734
16138,data/images/orig/16138.jpg,http://www.johnlsayers.com/phpBB2/download/file.php?id=16138,34100
16139,data/images/orig/16139.jpg,http://www.johnlsayers.com/phpBB2/download/file.php?id=16139,27569
16548,data/images/orig/16548.jpg,http://johnlsayers.com/phpBB2/download/file.php?id=16548,43524
16549,data/images/orig/16549.jpg,http://johnlsayers.com/phpBB2/download/file.php?id=16549,25613
16828,data/images/orig/16828.jpg,http://johnlsayers.com/phpBB2/download/file.php?id=16828,93463
17030,data/images/orig/17030.jpg,http://www.johnlsayers.com/phpBB2/download/file.php?id=17030,138398
17031,data/images/orig/17031.jpg,http://www.johnlsayers.com/phpBB2/download/file.php?id=17031,122162
17142,data/images/orig/17142.jpg,http://johnlsayers.com/phpBB2/download/file.php?id=17142,46761
17147,data/images/orig/17147.jpg,http://johnlsayers.com/phpBB2/download/file.php?id=17147,68303
17148,data/images/orig/17148.jpg,http://johnlsayers.com/phpBB2/download/file.php?id=17148,74054
17149,data/images/orig/17149.jpg,http://johnlsayers.com/phpBB2/download/file.php?id=17149,58716
17150,data/images/orig/17150.jpg,http://johnlsayers.com/phpBB2/download/file.php?id=17150,60708
17151,data/images/orig/17151.jpg,http://johnlsayers.com/phpBB2/download/file.php?id=17151,67735
17152,data/images/orig/17152.jpg,http://johnlsayers.com/phpBB2/download/file.php?id=17152,54668
17153,data/images/orig/17153.jpg,http://johnlsayers.com/phpBB2/download/file.php?id=17153,63120
17154,data/images/orig/17154.jpg,http://johnlsayers.com/phpBB2/download/file.php?id=17154,58988
17155,data/images/orig/17155.jpg,http://johnlsayers.com/phpBB2/download/file.php?id=17155,64028
17156,data/images/orig/17156.jpg,http://johnlsayers.com/phpBB2/download/file.php?id=17156,36021
17157,data/images/orig/17157.jpg,http://johnlsayers.com/phpBB2/download/file.php?id=17157,42990
17204,data/images/orig/17204.jpg,http://johnlsayers.com/phpBB2/download/file.php?id=17204,303405
17261,data/images/orig/17261.jpg,http://johnlsayers.com/phpBB2/download/file.php?id=17261,25138
17262,data/images/orig/17262.jpg,http://johnlsayers.com/phpBB2/download/file.php?id=17262,26661
17263,data/images/orig/17263.jpg,http://johnlsayers.com/phpBB2/download/file.php?id=17263,39687
17267,data/images/orig/17267.jpg,http://johnlsayers.com/phpBB2/download/file.php?id=17267,28190
17268,data/images/orig/17268.jpg,http://johnlsayers.com/phpBB2/download/file.php?id=17268,34525
17269,data/images/orig/17269.jpg,http://johnlsayers.com/phpBB2/download/file.php?id=17269,25043
17314,data/images/orig/17314.jpg,http://johnlsayers.com/phpBB2/download/file.php?id=17314,206239
17316,data/images/orig/17316.jpg,http://johnlsayers.com/phpBB2/download/file.php?id=17316,123811
17318,data/images/orig/17318.jpg,http://johnlsayers.com/phpBB2/download/file.php?id=17318,179116
17320,data/images/orig/17320.jpg,http://johnlsayers.com/phpBB2/download/file.php?id=17320,119211
17321,data/images/orig/17321.jpg,http://johnlsayers.com/phpBB2/download/file.php?id=17321,108498
17322,data/images/orig/17322.jpg,http://johnlsayers.com/phpBB2/download/file.php?id=17322,138622
17323,data/images/orig/17323.jpg,http://johnlsayers.com/phpBB2/download/file.php?id=17323,138265
17324,data/images/orig/17324.jpg,http://johnlsayers.com/phpBB2/download/file.php?id=17324,128600
17325,data/images/orig/17325.jpg,http://johnlsayers.com/phpBB2/download/file.php?id=17325,174007
17326,data/images/orig/17326.jpg,http://johnlsayers.com/phpBB2/download/file.php?id=17326,127387
17327,data/images/orig/17327.jpg,http://johnlsayers.com/phpBB2/download/file.php?id=17327,121255
17333,data/images/orig/17333.jpg,http://johnlsayers.com/phpBB2/download/file.php?id=17333,84898
17335,data/images/orig/17335.jpg,http://johnlsayers.com/phpBB2/download/file.php?id=17335,66778
17336,data/images/orig/17336.jpg,http://johnlsayers.com/phpBB2/download/file.php?id=17336,62466
17337,data/images/orig/17337.jpg,http://johnlsayers.com/phpBB2/download/file.php?id=17337,68475
17339,data/images/orig/17339.jpg,http://johnlsayers.com/phpBB2/download/file.php?id=17339,77974
17340,data/images/orig/17340.jpg,http://johnlsayers.com/phpBB2/download/file.php?id=17340,98716
17341,data/images/orig/17341.jpg,http://johnlsayers.com/phpBB2/download/file.php?id=17341,142395
17342,data/images/orig/17342.jpg,http://johnlsayers.com/phpBB2/download/file.php?id=17342,116164
17343,data/images/orig/17343.jpg,http://johnlsayers.com/phpBB2/download/file.php?id=17343,86504
17427,data/images/orig/17427.png,http://johnlsayers.com/phpBB2/download/file.php?id=17427,221747
17448,data/images/orig/17448.jpg,http://johnlsayers.com/phpBB2/download/file.php?id=17448,293001
17516,data/images/orig/17516.jpg,http://johnlsayers.com/phpBB2/download/file.php?id=17516,82033
17519,data/images/orig/17519.zip,http://johnlsayers.com/phpBB2/download/file.php?id=17519,490294
17563,data/images/orig/17563.jpg,http://johnlsayers.com/phpBB2/download/file.php?id=17563,84697
17600,data/images/orig/17600.jpg,http://johnlsayers.com/phpBB2/download/file.php?id=17600,101137
17640,data/images/orig/17640.jpg,http://johnlsayers.com/phpBB2/download/file.php?id=17640,212950
17641,data/images/orig/17641.jpg,http://johnlsayers.com/phpBB2/download/file.php?id=17641,142137
17642,data/images/orig/17642.jpg,http://johnlsayers.com/phpBB2/download/file.php?id=17642,239587
17708,data/images/orig/17708.jpg,http://johnlsayers.com/phpBB2/download/file.php?id=17708,304059
17731,data/images/orig/17731.jpg,http://johnlsayers.com/phpBB2/download/file.php?id=17731,68126
17732,data/images/orig/17732.jpg,http://johnlsayers.com/phpBB2/download/file.php?id=17732,65336
17781,data/images/orig/17781.jpg,http://johnlsayers.com/phpBB2/download/file.php?id=17781,78718
17782,data/images/orig/17782.jpg,http://johnlsayers.com/phpBB2/download/file.php?id=17782,100027
17783,data/images/orig/17783.jpg,http://johnlsayers.com/phpBB2/download/file.php?id=17783,95723
18128,data/images/orig/18128.jpg,http://johnlsayers.com/phpBB2/download/file.php?id=18128,39392
18235,data/images/orig/18235.jpg,http://johnlsayers.com/phpBB2/download/file.php?id=18235,61523
18236,data/images/orig/18236.jpg,http://johnlsayers.com/phpBB2/download/file.php?id=18236,109047
18237,data/images/orig/18237.jpg,http://johnlsayers.com/phpBB2/download/file.php?id=18237,117970
18239,data/images/orig/18239.jpg,http://johnlsayers.com/phpBB2/download/file.php?id=18239,63556
18240,data/images/orig/18240.jpg,http://johnlsayers.com/phpBB2/download/file.php?id=18240,78925
18241,data/images/orig/18241.jpg,http://johnlsayers.com/phpBB2/download/file.php?id=18241,37517
18324,data/images/orig/18324.jpg,http://johnlsayers.com/phpBB2/download/file.php?id=18324,55963
18325,data/images/orig/18325.jpg,http://johnlsayers.com/phpBB2/download/file.php?id=18325,50946
18326,data/images/orig/18326.jpg,http://johnlsayers.com/phpBB2/download/file.php?id=18326,56581
18327,data/images/orig/18327.jpg,http://johnlsayers.com/phpBB2/download/file.php?id=18327,54405
18328,data/images/orig/18328.jpg,http://johnlsayers.com/phpBB2/download/file.php?id=18328,55040
18453,data/images/orig/18453.jpg,http://johnlsayers.com/phpBB2/download/file.php?id=18453,64995
18504,data/images/orig/18504.jpg,http://johnlsayers.com/phpBB2/download/file.php?id=18504,36788
18505,data/images/orig/18505.jpg,http://johnlsayers.com/phpBB2/download/file.php?id=18505,63764
18506,data/images/orig/18506.jpg,http://johnlsayers.com/phpBB2/download/file.php?id=18506,45310
18507,data/images/orig/18507.jpg,http://johnlsayers.com/phpBB2/download/file.php?id=18507,73905
18655,data/images/orig/18655.jpg,http://johnlsayers.com/phpBB2/download/file.php?id=18655,58121
18656,data/images/orig/18656.jpg,http://johnlsayers.com/phpBB2/download/file.php?id=18656,48769
18657,data/images/orig/18657.jpg,http://johnlsayers.com/phpBB2/download/file.php?id=18657,60952
18658,data/images/orig/18658.jpg,http://johnlsayers.com/phpBB2/download/file.php?id=18658,34984
18718,data/images/orig/18718.jpg,http://johnlsayers.com/phpBB2/download/file.php?id=18718,147872
18719,data/images/orig/18719.jpg,http://johnlsayers.com/phpBB2/download/file.php?id=18719,213642
18720,data/images/orig/18720.jpg,http://johnlsayers.com/phpBB2/download/file.php?id=18720,152215
18721,data/images/orig/18721.jpg,http://johnlsayers.com/phpBB2/download/file.php?id=18721,106078
18722,data/images/orig/18722.jpg,http://johnlsayers.com/phpBB2/download/file.php?id=18722,97339
18723,data/images/orig/18723.jpg,http://johnlsayers.com/phpBB2/download/file.php?id=18723,174623
19444,data/images/orig/19444.jpg,http://johnlsayers.com/phpBB2/download/file.php?id=19444,132135
19445,data/images/orig/19445.jpg,http://johnlsayers.com/phpBB2/download/file.php?id=19445,135361
19446,data/images/orig/19446.jpg,http://johnlsayers.com/phpBB2/download/file.php?id=19446,140720
19447,data/images/orig/19447.jpg,http://johnlsayers.com/phpBB2/download/file.php?id=19447,131947
19448,data/images/orig/19448.jpg,http://johnlsayers.com/phpBB2/download/file.php?id=19448,147007
19449,data/images/orig/19449.jpg,http://johnlsayers.com/phpBB2/download/file.php?id=19449,139637
19450,data/images/orig/19450.jpg,http://johnlsayers.com/phpBB2/download/file.php?id=19450,116288
19451,data/images/orig/19451.jpg,http://johnlsayers.com/phpBB2/download/file.php?id=19451,138032
19452,data/images/orig/19452.jpg,http://johnlsayers.com/phpBB2/download/file.php?id=19452,120557
19453,data/images/orig/19453.jpg,http://johnlsayers.com/phpBB2/download/file.php?id=19453,127300
19454,data/images/orig/19454.jpg,http://johnlsayers.com/phpBB2/download/file.php?id=19454,119258
19582,data/images/orig/19582.jpg,http://johnlsayers.com/phpBB2/download/file.php?id=19582,125100
19583,data/images/orig/19583.jpg,http://johnlsayers.com/phpBB2/download/file.php?id=19583,104429
19584,data/images/orig/19584.jpg,http://johnlsayers.com/phpBB2/download/file.php?id=19584,127341
19585,data/images/orig/19585.jpg,http://johnlsayers.com/phpBB2/download/file.php?id=19585,73144
19586,data/images/orig/19586.jpg,http://johnlsayers.com/phpBB2/download/file.php?id=19586,64167
19587,data/images/orig/19587.jpg,http://johnlsayers.com/phpBB2/download/file.php?id=19587,99858
19588,data/images/orig/19588.jpg,http://johnlsayers.com/phpBB2/download/file.php?id=19588,101947
19589,data/images/orig/19589.jpg,http://johnlsayers.com/phpBB2/download/file.php?id=19589,105162
19590,data/images/orig/19590.jpg,http://johnlsayers.com/phpBB2/download/file.php?id=19590,109094
19733,data/images/orig/19733.jpg,http://johnlsayers.com/phpBB2/download/file.php?id=19733,87781
19734,data/images/orig/19734.jpg,http://johnlsayers.com/phpBB2/download/file.php?id=19734,78848
19735,data/images/orig/19735.jpg,http://johnlsayers.com/phpBB2/download/file.php?id=19735,64749
19736,data/images/orig/19736.jpg,http://johnlsayers.com/phpBB2/download/file.php?id=19736,70522
19779,data/images/orig/19779.jpg,http://johnlsayers.com/phpBB2/download/file.php?id=19779,21812
19784,data/images/orig/19784.jpg,http://johnlsayers.com/phpBB2/download/file.php?id=19784,192501
19799,data/images/orig/19799.jpg,http://johnlsayers.com/phpBB2/download/file.php?id=19799,68254
19800,data/images/orig/19800.jpg,http://johnlsayers.com/phpBB2/download/file.php?id=19800,101203
19805,data/images/orig/19805.jpg,http://johnlsayers.com/phpBB2/download/file.php?id=19805,36858
19817,data/images/orig/19817.jpg,http://johnlsayers.com/phpBB2/download/file.php?id=19817,76284
19878,data/images/orig/19878.jpg,http://johnlsayers.com/phpBB2/download/file.php?id=19878,27777
19879,data/images/orig/19879.jpg,http://johnlsayers.com/phpBB2/download/file.php?id=19879,41095
20054,data/images/orig/20054.xls,http://johnlsayers.com/phpBB2/download/file.php?id=20054,23040
20061,data/images/orig/20061.jpg,http://www.johnlsayers.com/phpBB2/download/file.php?id=20061,220463
20062,data/images/orig/20062.jpg,http://www.johnlsayers.com/phpBB2/download/file.php?id=20062,256854
20063,data/images/orig/20063.jpg,http://www.johnlsayers.com/phpBB2/download/file.php?id=20063,329881
20064,data/images/orig/20064.jpg,http://www.johnlsayers.com/phpBB2/download/file.php?id=20064,339089
20065,data/images/orig/20065.jpg,http://www.johnlsayers.com/phpBB2/download/file.php?id=20065,342933
20066,data/images/orig/20066.jpg,http://www.johnlsayers.com/phpBB2/download/file.php?id=20066,298892
20069,data/images/orig/20069.jpg,http://www.johnlsayers.com/phpBB2/download/file.php?id=20069,340345
20070,data/images/orig/20070.jpg,http://www.johnlsayers.com/phpBB2/download/file.php?id=20070,264530
20071,data/images/orig/20071.jpg,http://www.johnlsayers.com/phpBB2/download/file.php?id=20071,268762
20072,data/images/orig/20072.jpg,http://www.johnlsayers.com/phpBB2/download/file.php?id=20072,314898
20073,data/images/orig/20073.jpg,http://www.johnlsayers.com/phpBB2/download/file.php?id=20073,338692
20074,data/images/orig/20074.jpg,http://www.johnlsayers.com/phpBB2/download/file.php?id=20074,264305
20075,data/images/orig/20075.jpg,http://www.johnlsayers.com/phpBB2/download/file.php?id=20075,244292
20076,data/images/orig/20076.jpg,http://www.johnlsayers.com/phpBB2/download/file.php?id=20076,356984
20077,data/images/orig/20077.gif,http://www.johnlsayers.com/phpBB2/download/file.php?id=20077,10897
20078,data/images/orig/20078.gif,http://www.johnlsayers.com/phpBB2/download/file.php?id=20078,11775
20079,data/images/orig/20079.jpg,http://www.johnlsayers.com/phpBB2/download/file.php?id=20079,301127
20080,data/images/orig/20080.jpg,http://www.johnlsayers.com/phpBB2/download/file.php?id=20080,307217
20081,data/images/orig/20081.jpg,http://www.johnlsayers.com/phpBB2/download/file.php?id=20081,184238
20082,data/images/orig/20082.jpg,http://www.johnlsayers.com/phpBB2/download/file.php?id=20082,220620
20083,data/images/orig/20083.jpg,http://www.johnlsayers.com/phpBB2/download/file.php?id=20083,335786
20084,data/images/orig/20084.jpg,http://www.johnlsayers.com/phpBB2/download/file.php?id=20084,285159
20426,data/images/orig/20426.jpg,http://johnlsayers.com/phpBB2/download/file.php?id=20426,75028
20427,data/images/orig/20427.jpg,http://johnlsayers.com/phpBB2/download/file.php?id=20427,75745
20428,data/images/orig/20428.jpg,http://johnlsayers.com/phpBB2/download/file.php?id=20428,81277
20429,data/images/orig/20429.jpg,http://johnlsayers.com/phpBB2/download/file.php?id=20429,75255
20458,data/images/orig/20458.jpg,http://johnlsayers.com/phpBB2/download/file.php?id=20458,174346
20459,data/images/orig/20459.jpg,http://johnlsayers.com/phpBB2/download/file.php?id=20459,192859
20460,data/images/orig/20460.jpg,http://johnlsayers.com/phpBB2/download/file.php?id=20460,192859
20474,data/images/orig/20474.jpg,http://johnlsayers.com/phpBB2/download/file.php?id=20474,224019
20765,data/images/orig/20765.jpg,http://johnlsayers.com/phpBB2/download/file.php?id=20765,53438
20998,data/images/orig/20998.jpg,http://johnlsayers.com/phpBB2/download/file.php?id=20998,26154
21000,data/images/orig/21000.jpg,http://johnlsayers.com/phpBB2/download/file.php?id=21000,25560
21003,data/images/orig/21003.jpg,http://johnlsayers.com/phpBB2/download/file.php?id=21003,31438
21022,data/images/orig/21022.jpg,http://johnlsayers.com/phpBB2/download/file.php?id=21022,48499
21129,data/images/orig/21129.jpg,http://johnlsayers.com/phpBB2/download/file.php?id=21129,140147
21130,data/images/orig/21130.jpg,http://johnlsayers.com/phpBB2/download/file.php?id=21130,124616
21132,data/images/orig/21132.jpg,http://johnlsayers.com/phpBB2/download/file.php?id=21132,83708
21133,data/images/orig/21133.jpg,http://johnlsayers.com/phpBB2/download/file.php?id=21133,174271
21134,data/images/orig/21134.jpg,http://johnlsayers.com/phpBB2/download/file.php?id=21134,126970
21135,data/images/orig/21135.jpg,http://johnlsayers.com/phpBB2/download/file.php?id=21135,169208
21137,data/images/orig/21137.jpg,http://johnlsayers.com/phpBB2/download/file.php?id=21137,361561
21138,data/images/orig/21138.jpg,http://johnlsayers.com/phpBB2/download/file.php?id=21138,189667
21140,data/images/orig/21140.jpg,http://johnlsayers.com/phpBB2/download/file.php?id=21140,16472
21141,data/images/orig/21141.jpg,http://johnlsayers.com/phpBB2/download/file.php?id=21141,27675
21154,data/images/orig/21154.jpg,http://johnlsayers.com/phpBB2/download/file.php?id=21154,317598
21155,data/images/orig/21155.jpg,http://johnlsayers.com/phpBB2/download/file.php?id=21155,276951
21156,data/images/orig/21156.jpg,http://johnlsayers.com/phpBB2/download/file.php?id=21156,278916
21157,data/images/orig/21157.jpg,http://johnlsayers.com/phpBB2/download/file.php?id=21157,292429
21158,data/images/orig/21158.jpg,http://johnlsayers.com/phpBB2/download/file.php?id=21158,133713
21159,data/images/orig/21159.jpg,http://johnlsayers.com/phpBB2/download/file.php?id=21159,116065
21160,data/images/orig/21160.jpg,http://johnlsayers.com/phpBB2/download/file.php?id=21160,288106
21161,data/images/orig/21161.jpg,http://johnlsayers.com/phpBB2/download/file.php?id=21161,200113
21162,data/images/orig/21162.jpg,http://johnlsayers.com/phpBB2/download/file.php?id=21162,279432
21163,data/images/orig/21163.jpg,http://johnlsayers.com/phpBB2/download/file.php?id=21163,281770
21164,data/images/orig/21164.jpg,http://johnlsayers.com/phpBB2/download/file.php?id=21164,230908
21165,data/images/orig/21165.jpg,http://johnlsayers.com/phpBB2/download/file.php?id=21165,125122
21166,data/images/orig/21166.jpg,http://johnlsayers.com/phpBB2/download/file.php?id=21166,107073
21173,data/images/orig/21173.jpg,http://johnlsayers.com/phpBB2/download/file.php?id=21173,54817
21175,data/images/orig/21175.jpg,http://johnlsayers.com/phpBB2/download/file.php?id=21175,52058
21176,data/images/orig/21176.jpg,http://johnlsayers.com/phpBB2/download/file.php?id=21176,56113
21177,data/images/orig/21177.jpg,http://johnlsayers.com/phpBB2/download/file.php?id=21177,54783
21178,data/images/orig/21178.jpg,http://johnlsayers.com/phpBB2/download/file.php?id=21178,51849
21266,data/images/orig/21266.jpg,http://johnlsayers.com/phpBB2/download/file.php?id=21266,21859
21267,data/images/orig/21267.jpg,http://johnlsayers.com/phpBB2/download/file.php?id=21267,19506
21268,data/images/orig/21268.jpg,http://johnlsayers.com/phpBB2/download/file.php?id=21268,21513
21269,data/images/orig/21269.jpg,http://johnlsayers.com/phpBB2/download/file.php?id=21269,28993
21270,data/images/orig/21270.jpg,http://johnlsayers.com/phpBB2/download/file.php?id=21270,44451
21271,data/images/orig/21271.jpg,http://johnlsayers.com/phpBB2/download/file.php?id=21271,95945
21435,data/images/orig/21435.jpg,http://johnlsayers.com/phpBB2/download/file.php?id=21435,42251
21436,data/images/orig/21436.jpg,http://johnlsayers.com/phpBB2/download/file.php?id=21436,33329
21437,data/images/orig/21437.jpg,http://johnlsayers.com/phpBB2/download/file.php?id=21437,28129
21439,data/images/orig/21439.jpg,http://johnlsayers.com/phpBB2/download/file.php?id=21439,29841
21440,data/images/orig/21440.jpg,http://johnlsayers.com/phpBB2/download/file.php?id=21440,40675
21441,data/images/orig/21441.jpg,http://johnlsayers.com/phpBB2/download/file.php?id=21441,29384
21442,data/images/orig/21442.jpg,http://johnlsayers.com/phpBB2/download/file.php?id=21442,36989
21443,data/images/orig/21443.jpg,http://johnlsayers.com/phpBB2/download/file.php?id=21443,36774
21697,data/images/orig/21697.jpg,http://johnlsayers.com/phpBB2/download/file.php?id=21697,35554
21698,data/images/orig/21698.jpg,http://johnlsayers.com/phpBB2/download/file.php?id=21698,38354
21699,data/images/orig/21699.jpg,http://johnlsayers.com/phpBB2/download/file.php?id=21699,34782
21700,data/images/orig/21700.jpg,http://johnlsayers.com/phpBB2/download/file.php?id=21700,45262
21701,data/images/orig/21701.jpg,http://johnlsayers.com/phpBB2/download/file.php?id=21701,30435
21835,data/images/orig/21835.jpg,http://johnlsayers.com/phpBB2/download/file.php?id=21835,95269
21836,data/images/orig/21836.jpg,http://johnlsayers.com/phpBB2/download/file.php?id=21836,94557
21837,data/images/orig/21837.jpg,http://johnlsayers.com/phpBB2/download/file.php?id=21837,108623
21908,data/images/orig/21908.jpg,http://johnlsayers.com/phpBB2/download/file.php?id=21908,95563
22043,data/images/orig/22043.jpg,http://www.johnlsayers.com/phpBB2/download/file.php?id=22043,38114
22044,data/images/orig/22044.jpg,http://www.johnlsayers.com/phpBB2/download/file.php?id=22044,27224
22045,data/images/orig/22045.jpg,http://www.johnlsayers.com/phpBB2/download/file.php?id=22045,29869
22046,data/images/orig/22046.jpg,http://www.johnlsayers.com/phpBB2/download/file.php?id=22046,25055
22047,data/images/orig/22047.jpg,http://www.johnlsayers.com/phpBB2/download/file.php?id=22047,37638
22048,data/images/orig/22048.jpg,http://www.johnlsayers.com/phpBB2/download/file.php?id=22048,13627
22049,data/images/orig/22049.jpg,http://www.johnlsayers.com/phpBB2/download/file.php?id=22049,47045
22050,data/images/orig/22050.jpg,http://www.johnlsayers.com/phpBB2/download/file.php?id=22050,46369
22051,data/images/orig/22051.jpg,http://www.johnlsayers.com/phpBB2/download/file.php?id=22051,46920
22052,data/images/orig/22052.jpg,http://www.johnlsayers.com/phpBB2/download/file.php?id=22052,46660
22053,data/images/orig/22053.jpg,http://www.johnlsayers.com/phpBB2/download/file.php?id=22053,46486
22054,data/images/orig/22054.jpg,http://www.johnlsayers.com/phpBB2/download/file.php?id=22054,44294
22055,data/images/orig/22055.jpg,http://www.johnlsayers.com/phpBB2/download/file.php?id=22055,61842
22056,data/images/orig/22056.jpg,http://www.johnlsayers.com/phpBB2/download/file.php?id=22056,55973
22057,data/images/orig/22057.jpg,http://www.johnlsayers.com/phpBB2/download/file.php?id=22057,78914
22058,data/images/orig/22058.jpg,http://www.johnlsayers.com/phpBB2/download/file.php?id=22058,72254
22059,data/images/orig/22059.jpg,http://www.johnlsayers.com/phpBB2/download/file.php?id=22059,73221
22060,data/images/orig/22060.jpg,http://www.johnlsayers.com/phpBB2/download/file.php?id=22060,69308
22061,data/images/orig/22061.jpg,http://www.johnlsayers.com/phpBB2/download/file.php?id=22061,52774
22062,data/images/orig/22062.jpg,http://www.johnlsayers.com/phpBB2/download/file.php?id=22062,69027
22063,data/images/orig/22063.jpg,http://www.johnlsayers.com/phpBB2/download/file.php?id=22063,52989
22064,data/images/orig/22064.jpg,http://www.johnlsayers.com/phpBB2/download/file.php?id=22064,70234
22065,data/images/orig/22065.jpg,http://www.johnlsayers.com/phpBB2/download/file.php?id=22065,41454
22066,data/images/orig/22066.jpg,http://www.johnlsayers.com/phpBB2/download/file.php?id=22066,37577
22067,data/images/orig/22067.jpg,http://www.johnlsayers.com/phpBB2/download/file.php?id=22067,37426
22148,data/images/orig/22148.skp,http://johnlsayers.com/phpBB2/download/file.php?id=22148,108656
22253,data/images/orig/22253.jpg,http://johnlsayers.com/phpBB2/download/file.php?id=22253,30584
22254,data/images/orig/22254.jpg,http://johnlsayers.com/phpBB2/download/file.php?id=22254,38743
22302,data/images/orig/22302.jpg,http://johnlsayers.com/phpBB2/download/file.php?id=22302,218116
22303,data/images/orig/22303.jpg,http://johnlsayers.com/phpBB2/download/file.php?id=22303,202430
22304,data/images/orig/22304.jpg,http://johnlsayers.com/phpBB2/download/file.php?id=22304,88347
22305,data/images/orig/22305.jpg,http://johnlsayers.com/phpBB2/download/file.php?id=22305,193417
22306,data/images/orig/22306.jpg,http://johnlsayers.com/phpBB2/download/file.php?id=22306,217588
22307,data/images/orig/22307.jpg,http://johnlsayers.com/phpBB2/download/file.php?id=22307,194175
22308,data/images/orig/22308.jpg,http://johnlsayers.com/phpBB2/download/file.php?id=22308,210247
22309,data/images/orig/22309.jpg,http://johnlsayers.com/phpBB2/download/file.php?id=22309,195154
22310,data/images/orig/22310.jpg,http://johnlsayers.com/phpBB2/download/file.php?id=22310,182481
22311,data/images/orig/22311.jpg,http://johnlsayers.com/phpBB2/download/file.php?id=22311,198177
22312,data/images/orig/22312.jpg,http://johnlsayers.com/phpBB2/download/file.php?id=22312,44808
22313,data/images/orig/22313.jpg,http://johnlsayers.com/phpBB2/download/file.php?id=22313,84679
22314,data/images/orig/22314.jpg,http://johnlsayers.com/phpBB2/download/file.php?id=22314,89796
22315,data/images/orig/22315.jpg,http://johnlsayers.com/phpBB2/download/file.php?id=22315,211349
22316,data/images/orig/22316.jpg,http://johnlsayers.com/phpBB2/download/file.php?id=22316,73627
22317,data/images/orig/22317.jpg,http://johnlsayers.com/phpBB2/download/file.php?id=22317,48708
22318,data/images/orig/22318.jpg,http://johnlsayers.com/phpBB2/download/file.php?id=22318,187527
22319,data/images/orig/22319.jpg,http://johnlsayers.com/phpBB2/download/file.php?id=22319,194531
22320,data/images/orig/22320.jpg,http://johnlsayers.com/phpBB2/download/file.php?id=22320,194018
22321,data/images/orig/22321.jpg,http://johnlsayers.com/phpBB2/download/file.php?id=22321,191560
22322,data/images/orig/22322.jpg,http://johnlsayers.com/phpBB2/download/file.php?id=22322,222621
22323,data/images/orig/22323.jpg,http://johnlsayers.com/phpBB2/download/file.php?id=22323,201208
22592,data/images/orig/22592.jpg,http://johnlsayers.com/phpBB2/download/file.php?id=22592,22684
22593,data/images/orig/22593.jpg,http://johnlsayers.com/phpBB2/download/file.php?id=22593,92088
22595,data/images/orig/22595.bmp,http://johnlsayers.com/phpBB2/download/file.php?id=22595,451638
22724,data/images/orig/22724.jpg,http://johnlsayers.com/phpBB2/download/file.php?id=22724,169280
22727,data/images/orig/22727.jpg,http://johnlsayers.com/phpBB2/download/file.php?id=22727,73796
22728,data/images/orig/22728.jpg,http://johnlsayers.com/phpBB2/download/file.php?id=22728,63416
22729,data/images/orig/22729.jpg,http://johnlsayers.com/phpBB2/download/file.php?id=22729,75700
22730,data/images/orig/22730.jpg,http://johnlsayers.com/phpBB2/download/file.php?id=22730,70203
22731,data/images/orig/22731.jpg,http://johnlsayers.com/phpBB2/download/file.php?id=22731,72897
22732,data/images/orig/22732.jpg,http://johnlsayers.com/phpBB2/download/file.php?id=22732,59613
22735,data/images/orig/22735.jpg,http://johnlsayers.com/phpBB2/download/file.php?id=22735,61183
22736,data/images/orig/22736.jpg,http://johnlsayers.com/phpBB2/download/file.php?id=22736,57094
22737,data/images/orig/22737.jpg,http://johnlsayers.com/phpBB2/download/file.php?id=22737,64446
22738,data/images/orig/22738.jpg,http://johnlsayers.com/phpBB2/download/file.php?id=22738,45503
22739,data/images/orig/22739.jpg,http://johnlsayers.com/phpBB2/download/file.php?id=22739,65590
22740,data/images/orig/22740.jpg,http://johnlsayers.com/phpBB2/download/file.php?id=22740,60340
22741,data/images/orig/22741.jpg,http://johnlsayers.com/phpBB2/download/file.php?id=22741,52233
22742,data/images/orig/22742.jpg,http://johnlsayers.com/phpBB2/download/file.php?id=22742,71776
22743,data/images/orig/22743.jpg,http://johnlsayers.com/phpBB2/download/file.php?id=22743,64227
22765,data/images/orig/22765.jpg,http://johnlsayers.com/phpBB2/download/file.php?id=22765,56101
22766,data/images/orig/22766.jpg,http://johnlsayers.com/phpBB2/download/file.php?id=22766,47773
22767,data/images/orig/22767.jpg,http://johnlsayers.com/phpBB2/download/file.php?id=22767,44662
22768,data/images/orig/22768.jpg,http://johnlsayers.com/phpBB2/download/file.php?id=22768,51024
22769,data/images/orig/22769.jpg,http://johnlsayers.com/phpBB2/download/file.php?id=22769,76558
22771,data/images/orig/22771.jpg,http://johnlsayers.com/phpBB2/download/file.php?id=22771,44053
22772,data/images/orig/22772.jpg,http://johnlsayers.com/phpBB2/download/file.php?id=22772,16000
22773,data/images/orig/22773.jpg,http://johnlsayers.com/phpBB2/download/file.php?id=22773,22491
22774,data/images/orig/22774.jpg,http://johnlsayers.com/phpBB2/download/file.php?id=22774,42078
22777,data/images/orig/22777.jpg,http://johnlsayers.com/phpBB2/download/file.php?id=22777,57065
22778,data/images/orig/22778.jpg,http://johnlsayers.com/phpBB2/download/file.php?id=22778,48246
22779,data/images/orig/22779.jpg,http://johnlsayers.com/phpBB2/download/file.php?id=22779,37284
22780,data/images/orig/22780.jpg,http://johnlsayers.com/phpBB2/download/file.php?id=22780,47846
22782,data/images/orig/22782.jpg,http://johnlsayers.com/phpBB2/download/file.php?id=22782,48858
22783,data/images/orig/22783.jpg,http://johnlsayers.com/phpBB2/download/file.php?id=22783,44897
22784,data/images/orig/22784.jpg,http://johnlsayers.com/phpBB2/download/file.php?id=22784,56198
22786,data/images/orig/22786.jpg,http://johnlsayers.com/phpBB2/download/file.php?id=22786,52853
22787,data/images/orig/22787.jpg,http://johnlsayers.com/phpBB2/download/file.php?id=22787,70365
22788,data/images/orig/22788.jpg,http://johnlsayers.com/phpBB2/download/file.php?id=22788,67193
22789,data/images/orig/22789.jpg,http://johnlsayers.com/phpBB2/download/file.php?id=22789,67535
22792,data/images/orig/22792.png,http://johnlsayers.com/phpBB2/download/file.php?id=22792,501898
22797,data/images/orig/22797.jpg,http://johnlsayers.com/phpBB2/download/file.php?id=22797,36869
22798,data/images/orig/22798.jpg,http://johnlsayers.com/phpBB2/download/file.php?id=22798,34176
22799,data/images/orig/22799.jpg,http://johnlsayers.com/phpBB2/download/file.php?id=22799,45462
22801,data/images/orig/22801.jpg,http://johnlsayers.com/phpBB2/download/file.php?id=22801,38803
22808,data/images/orig/22808.jpg,http://johnlsayers.com/phpBB2/download/file.php?id=22808,55516
22809,data/images/orig/22809.jpg,http://johnlsayers.com/phpBB2/download/file.php?id=22809,59655
22823,data/images/orig/22823.jpg,http://johnlsayers.com/phpBB2/download/file.php?id=22823,54932
22824,data/images/orig/22824.jpg,http://johnlsayers.com/phpBB2/download/file.php?id=22824,52851
22825,data/images/orig/22825.jpg,http://johnlsayers.com/phpBB2/download/file.php?id=22825,52905
22826,data/images/orig/22826.jpg,http://johnlsayers.com/phpBB2/download/file.php?id=22826,57028
22827,data/images/orig/22827.jpg,http://johnlsayers.com/phpBB2/download/file.php?id=22827,53801
22828,data/images/orig/22828.jpg,http://johnlsayers.com/phpBB2/download/file.php?id=22828,55328
22829,data/images/orig/22829.jpg,http://johnlsayers.com/phpBB2/download/file.php?id=22829,49019
22830,data/images/orig/22830.jpg,http://johnlsayers.com/phpBB2/download/file.php?id=22830,55943
22831,data/images/orig/22831.jpg,http://johnlsayers.com/phpBB2/download/file.php?id=22831,47576
22832,data/images/orig/22832.jpg,http://johnlsayers.com/phpBB2/download/file.php?id=22832,63078
22833,data/images/orig/22833.jpg,http://johnlsayers.com/phpBB2/download/file.php?id=22833,58049
22834,data/images/orig/22834.jpg,http://johnlsayers.com/phpBB2/download/file.php?id=22834,63519
22835,data/images/orig/22835.jpg,http://johnlsayers.com/phpBB2/download/file.php?id=22835,60994
22841,data/images/orig/22841.jpg,http://johnlsayers.com/phpBB2/download/file.php?id=22841,99717
22842,data/images/orig/22842.jpg,http://johnlsayers.com/phpBB2/download/file.php?id=22842,122199
22843,data/images/orig/22843.jpg,http://johnlsayers.com/phpBB2/download/file.php?id=22843,103021
22844,data/images/orig/22844.jpg,http://johnlsayers.com/phpBB2/download/file.php?id=22844,63938
22845,data/images/orig/22845.jpg,http://johnlsayers.com/phpBB2/download/file.php?id=22845,56537
22846,data/images/orig/22846.jpg,http://johnlsayers.com/phpBB2/download/file.php?id=22846,105800
22847,data/images/orig/22847.jpg,http://johnlsayers.com/phpBB2/download/file.php?id=22847,61964
22848,data/images/orig/22848.jpg,http://johnlsayers.com/phpBB2/download/file.php?id=22848,36376
22849,data/images/orig/22849.jpg,http://johnlsayers.com/phpBB2/download/file.php?id=22849,57014
22850,data/images/orig/22850.jpg,http://johnlsayers.com/phpBB2/download/file.php?id=22850,62122
22851,data/images/orig/22851.jpg,http://johnlsayers.com/phpBB2/download/file.php?id=22851,57499
22852,data/images/orig/22852.jpg,http://johnlsayers.com/phpBB2/download/file.php?id=22852,69566
22853,data/images/orig/22853.jpg,http://johnlsayers.com/phpBB2/download/file.php?id=22853,54842
22854,data/images/orig/22854.jpg,http://johnlsayers.com/phpBB2/download/file.php?id=22854,275185
22855,data/images/orig/22855.jpg,http://johnlsayers.com/phpBB2/download/file.php?id=22855,277529
22856,data/images/orig/22856.jpg,http://johnlsayers.com/phpBB2/download/file.php?id=22856,281455
22857,data/images/orig/22857.jpg,http://johnlsayers.com/phpBB2/download/file.php?id=22857,225917
22858,data/images/orig/22858.jpg,http://johnlsayers.com/phpBB2/download/file.php?id=22858,143664
22859,data/images/orig/22859.jpg,http://johnlsayers.com/phpBB2/download/file.php?id=22859,253285
22860,data/images/orig/22860.jpg,http://johnlsayers.com/phpBB2/download/file.php?id=22860,271069
22861,data/images/orig/22861.jpg,http://johnlsayers.com/phpBB2/download/file.php?id=22861,177300
22862,data/images/orig/22862.jpg,http://johnlsayers.com/phpBB2/download/file.php?id=22862,244828
22863,data/images/orig/22863.jpg,http://johnlsayers.com/phpBB2/download/file.php?id=22863,155654
22864,data/images/orig/22864.jpg,http://johnlsayers.com/phpBB2/download/file.php?id=22864,119231
22865,data/images/orig/22865.jpg,http://johnlsayers.com/phpBB2/download/file.php?id=22865,151745
22866,data/images/orig/22866.jpg,http://johnlsayers.com/phpBB2/download/file.php?id=22866,160145
22867,data/images/orig/22867.jpg,http://johnlsayers.com/phpBB2/download/file.php?id=22867,63932
22868,data/images/orig/22868.jpg,http://johnlsayers.com/phpBB2/download/file.php?id=22868,51473
22869,data/images/orig/22869.jpg,http://johnlsayers.com/phpBB2/download/file.php?id=22869,81978
22870,data/images/orig/22870.jpg,http://johnlsayers.com/phpBB2/download/file.php?id=22870,66822
22874,data/images/orig/22874.jpg,http://johnlsayers.com/phpBB2/download/file.php?id=22874,52824
22875,data/images/orig/22875.jpg,http://johnlsayers.com/phpBB2/download/file.php?id=22875,52518
22911,data/images/orig/22911.jpg,http://johnlsayers.com/phpBB2/download/file.php?id=22911,51905
22912,data/images/orig/22912.jpg,http://johnlsayers.com/phpBB2/download/file.php?id=22912,63888
22913,data/images/orig/22913.jpg,http://johnlsayers.com/phpBB2/download/file.php?id=22913,54215
22914,data/images/orig/22914.jpg,http://johnlsayers.com/phpBB2/download/file.php?id=22914,42468
22915,data/images/orig/22915.jpg,http://johnlsayers.com/phpBB2/download/file.php?id=22915,35187
22916,data/images/orig/22916.jpg,http://johnlsayers.com/phpBB2/download/file.php?id=22916,34235
22917,data/images/orig/22917.jpg,http://johnlsayers.com/phpBB2/download/file.php?id=22917,33841
22933,data/images/orig/22933.jpg,http://johnlsayers.com/phpBB2/download/file.php?id=22933,23035
22934,data/images/orig/22934.jpg,http://johnlsayers.com/phpBB2/download/file.php?id=22934,39475
22935,data/images/orig/22935.jpg,http://johnlsayers.com/phpBB2/download/file.php?id=22935,30459
22936,data/images/orig/22936.jpg,http://johnlsayers.com/phpBB2/download/file.php?id=22936,30100
22937,data/images/orig/22937.jpg,http://johnlsayers.com/phpBB2/download/file.php?id=22937,44069
22938,data/images/orig/22938.jpg,http://johnlsayers.com/phpBB2/download/file.php?id=22938,24323
22939,data/images/orig/22939.jpg,http://johnlsayers.com/phpBB2/download/file.php?id=22939,38207
22940,data/images/orig/22940.jpg,http://johnlsayers.com/phpBB2/download/file.php?id=22940,32490
22941,data/images/orig/22941.jpg,http://johnlsayers.com/phpBB2/download/file.php?id=22941,12810
22942,data/images/orig/22942.jpg,http://johnlsayers.com/phpBB2/download/file.php?id=22942,19469
22979,data/images/orig/22979.jpg,http://johnlsayers.com/phpBB2/download/file.php?id=22979,495202
22980,data/images/orig/22980.jpg,http://johnlsayers.com/phpBB2/download/file.php?id=22980,23175
22981,data/images/orig/22981.jpg,http://johnlsayers.com/phpBB2/download/file.php?id=22981,34387
23125,data/images/orig/23125.jpg,http://johnlsayers.com/phpBB2/download/file.php?id=23125,41342
23126,data/images/orig/23126.jpg,http://johnlsayers.com/phpBB2/download/file.php?id=23126,36658
23127,data/images/orig/23127.jpg,http://johnlsayers.com/phpBB2/download/file.php?id=23127,47562
23128,data/images/orig/23128.jpg,http://johnlsayers.com/phpBB2/download/file.php?id=23128,53022
23129,data/images/orig/23129.jpg,http://johnlsayers.com/phpBB2/download/file.php?id=23129,44826
23130,data/images/orig/23130.jpg,http://johnlsayers.com/phpBB2/download/file.php?id=23130,48881
23131,data/images/orig/23131.jpg,http://johnlsayers.com/phpBB2/download/file.php?id=23131,27863
23132,data/images/orig/23132.jpg,http://johnlsayers.com/phpBB2/download/file.php?id=23132,55827
23133,data/images/orig/23133.jpg,http://johnlsayers.com/phpBB2/download/file.php?id=23133,38142
23134,data/images/orig/23134.jpg,http://johnlsayers.com/phpBB2/download/file.php?id=23134,45039
23135,data/images/orig/23135.jpg,http://johnlsayers.com/phpBB2/download/file.php?id=23135,46288
23145,data/images/orig/23145.jpg,http://johnlsayers.com/phpBB2/download/file.php?id=23145,73065
23158,data/images/orig/23158.jpg,http://johnlsayers.com/phpBB2/download/file.php?id=23158,49173
23159,data/images/orig/23159.jpg,http://johnlsayers.com/phpBB2/download/file.php?id=23159,49792
23160,data/images/orig/23160.jpg,http://johnlsayers.com/phpBB2/download/file.php?id=23160,54839
23161,data/images/orig/23161.jpg,http://johnlsayers.com/phpBB2/download/file.php?id=23161,45960
23162,data/images/orig/23162.jpg,http://johnlsayers.com/phpBB2/download/file.php?id=23162,56276
23163,data/images/orig/23163.jpg,http://johnlsayers.com/phpBB2/download/file.php?id=23163,47160
23185,data/images/orig/23185.jpg,http://johnlsayers.com/phpBB2/download/file.php?id=23185,25269
23186,data/images/orig/23186.jpg,http://johnlsayers.com/phpBB2/download/file.php?id=23186,18586
23187,data/images/orig/23187.jpg,http://johnlsayers.com/phpBB2/download/file.php?id=23187,13935
23188,data/images/orig/23188.jpg,http://johnlsayers.com/phpBB2/download/file.php?id=23188,39208
23189,data/images/orig/23189.jpg,http://johnlsayers.com/phpBB2/download/file.php?id=23189,39122
23190,data/images/orig/23190.jpg,http://johnlsayers.com/phpBB2/download/file.php?id=23190,37849
23191,data/images/orig/23191.jpg,http://johnlsayers.com/phpBB2/download/file.php?id=23191,28460
23206,data/images/orig/23206.jpg,http://johnlsayers.com/phpBB2/download/file.php?id=23206,86069
23214,data/images/orig/23214.jpg,http://johnlsayers.com/phpBB2/download/file.php?id=23214,90136
23215,data/images/orig/23215.jpg,http://johnlsayers.com/phpBB2/download/file.php?id=23215,68904
23216,data/images/orig/23216.jpg,http://johnlsayers.com/phpBB2/download/file.php?id=23216,57906
23217,data/images/orig/23217.jpg,http://johnlsayers.com/phpBB2/download/file.php?id=23217,62601
23300,data/images/orig/23300.jpg,http://johnlsayers.com/phpBB2/download/file.php?id=23300,30134
23301,data/images/orig/23301.jpg,http://johnlsayers.com/phpBB2/download/file.php?id=23301,25367
23302,data/images/orig/23302.jpg,http://johnlsayers.com/phpBB2/download/file.php?id=23302,34530
23303,data/images/orig/23303.jpg,http://johnlsayers.com/phpBB2/download/file.php?id=23303,20727
23450,data/images/orig/23450.jpg,http://johnlsayers.com/phpBB2/download/file.php?id=23450,34663
23451,data/images/orig/23451.jpg,http://johnlsayers.com/phpBB2/download/file.php?id=23451,48758
23452,data/images/orig/23452.jpg,http://johnlsayers.com/phpBB2/download/file.php?id=23452,51027
23453,data/images/orig/23453.jpg,http://johnlsayers.com/phpBB2/download/file.php?id=23453,50518
23458,data/images/orig/23458.jpg,http://johnlsayers.com/phpBB2/download/file.php?id=23458,31110
23459,data/images/orig/23459.jpg,http://johnlsayers.com/phpBB2/download/file.php?id=23459,39505
23475,data/images/orig/23475.jpg,http://johnlsayers.com/phpBB2/download/file.php?id=23475,126162
23476,data/images/orig/23476.jpg,http://johnlsayers.com/phpBB2/download/file.php?id=23476,98100
23477,data/images/orig/23477.jpg,http://johnlsayers.com/phpBB2/download/file.php?id=23477,100610
23478,data/images/orig/23478.jpg,http://johnlsayers.com/phpBB2/download/file.php?id=23478,66116
23479,data/images/orig/23479.jpg,http://johnlsayers.com/phpBB2/download/file.php?id=23479,110886
23480,data/images/orig/23480.jpg,http://johnlsayers.com/phpBB2/download/file.php?id=23480,25927
23481,data/images/orig/23481.jpg,http://johnlsayers.com/phpBB2/download/file.php?id=23481,135737
23483,data/images/orig/23483.jpg,http://johnlsayers.com/phpBB2/download/file.php?id=23483,112904
23484,data/images/orig/23484.jpg,http://johnlsayers.com/phpBB2/download/file.php?id=23484,145089
23485,data/images/orig/23485.jpg,http://johnlsayers.com/phpBB2/download/file.php?id=23485,100177
23499,data/images/orig/23499.jpg,http://johnlsayers.com/phpBB2/download/file.php?id=23499,246997
23500,data/images/orig/23500.jpg,http://johnlsayers.com/phpBB2/download/file.php?id=23500,286692
23501,data/images/orig/23501.jpg,http://johnlsayers.com/phpBB2/download/file.php?id=23501,265084
23502,data/images/orig/23502.jpg,http://johnlsayers.com/phpBB2/download/file.php?id=23502,261683
23503,data/images/orig/23503.jpg,http://johnlsayers.com/phpBB2/download/file.php?id=23503,282189
23504,data/images/orig/23504.jpg,http://johnlsayers.com/phpBB2/download/file.php?id=23504,249835
23505,data/images/orig/23505.jpg,http://johnlsayers.com/phpBB2/download/file.php?id=23505,277004
23506,data/images/orig/23506.jpg,http://johnlsayers.com/phpBB2/download/file.php?id=23506,238148
23507,data/images/orig/23507.jpg,http://johnlsayers.com/phpBB2/download/file.php?id=23507,303099
23508,data/images/orig/23508.jpg,http://johnlsayers.com/phpBB2/download/file.php?id=23508,276850
23509,data/images/orig/23509.jpg,http://johnlsayers.com/phpBB2/download/file.php?id=23509,277299
23510,data/images/orig/23510.jpg,http://johnlsayers.com/phpBB2/download/file.php?id=23510,256581
23817,data/images/orig/23817.skp,http://johnlsayers.com/phpBB2/download/file.php?id=23817,20178
23854,data/images/orig/23854.jpg,http://johnlsayers.com/phpBB2/download/file.php?id=23854,40329
23945,data/images/orig/23945.jpg,http://johnlsayers.com/phpBB2/download/file.php?id=23945,89174
23946,data/images/orig/23946.jpg,http://johnlsayers.com/phpBB2/download/file.php?id=23946,47550
23947,data/images/orig/23947.jpg,http://johnlsayers.com/phpBB2/download/file.php?id=23947,41948
23948,data/images/orig/23948.jpg,http://johnlsayers.com/phpBB2/download/file.php?id=23948,71235
23949,data/images/orig/23949.jpg,http://johnlsayers.com/phpBB2/download/file.php?id=23949,61144
23950,data/images/orig/23950.jpg,http://johnlsayers.com/phpBB2/download/file.php?id=23950,72021
23998,data/images/orig/23998.jpg,http://johnlsayers.com/phpBB2/download/file.php?id=23998,48036
24049,data/images/orig/24049.jpg,http://johnlsayers.com/phpBB2/download/file.php?id=24049,21085
24050,data/images/orig/24050.jpg,http://johnlsayers.com/phpBB2/download/file.php?id=24050,23546
24051,data/images/orig/24051.jpg,http://johnlsayers.com/phpBB2/download/file.php?id=24051,26713
24118,data/images/orig/24118.jpg,http://johnlsayers.com/phpBB2/download/file.php?id=24118,77307
24119,data/images/orig/24119.jpg,http://johnlsayers.com/phpBB2/download/file.php?id=24119,51804
24365,data/images/orig/24365.png,http://johnlsayers.com/phpBB2/download/file.php?id=24365,256775
24465,data/images/orig/24465.jpg,http://johnlsayers.com/phpBB2/download/file.php?id=24465,78570
24581,data/images/orig/24581.jpg,http://johnlsayers.com/phpBB2/download/file.php?id=24581,271524
24666,data/images/orig/24666.jpg,http://johnlsayers.com/phpBB2/download/file.php?id=24666,309304
24694,data/images/orig/24694.jpg,http://johnlsayers.com/phpBB2/download/file.php?id=24694,58178
24695,data/images/orig/24695.jpg,http://johnlsayers.com/phpBB2/download/file.php?id=24695,57706
24696,data/images/orig/24696.jpg,http://johnlsayers.com/phpBB2/download/file.php?id=24696,66485
24697,data/images/orig/24697.jpg,http://johnlsayers.com/phpBB2/download/file.php?id=24697,59255
24703,data/images/orig/24703.jpg,http://johnlsayers.com/phpBB2/download/file.php?id=24703,27514
24704,data/images/orig/24704.jpg,http://johnlsayers.com/phpBB2/download/file.php?id=24704,71166
24705,data/images/orig/24705.jpg,http://johnlsayers.com/phpBB2/download/file.php?id=24705,137813
24706,data/images/orig/24706.jpg,http://johnlsayers.com/phpBB2/download/file.php?id=24706,154363
24749,data/images/orig/24749.jpg,http://johnlsayers.com/phpBB2/download/file.php?id=24749,18698
24750,data/images/orig/24750.jpg,http://johnlsayers.com/phpBB2/download/file.php?id=24750,82560
24751,data/images/orig/24751.jpg,http://johnlsayers.com/phpBB2/download/file.php?id=24751,151288
24752,data/images/orig/24752.jpg,http://johnlsayers.com/phpBB2/download/file.php?id=24752,159873
24754,data/images/orig/24754.jpg,http://johnlsayers.com/phpBB2/download/file.php?id=24754,129672
24755,data/images/orig/24755.jpg,http://johnlsayers.com/phpBB2/download/file.php?id=24755,99216
24756,data/images/orig/24756.jpg,http://johnlsayers.com/phpBB2/download/file.php?id=24756,85345
24757,data/images/orig/24757.jpg,http://johnlsayers.com/phpBB2/download/file.php?id=24757,56971
24759,data/images/orig/24759.jpg,http://johnlsayers.com/phpBB2/download/file.php?id=24759,98702
24813,data/images/orig/24813.jpg,http://johnlsayers.com/phpBB2/download/file.php?id=24813,181887
24814,data/images/orig/24814.jpg,http://johnlsayers.com/phpBB2/download/file.php?id=24814,163644
24815,data/images/orig/24815.jpg,http://johnlsayers.com/phpBB2/download/file.php?id=24815,153766
24816,data/images/orig/24816.jpg,http://johnlsayers.com/phpBB2/download/file.php?id=24816,152789
24817,data/images/orig/24817.jpg,http://johnlsayers.com/phpBB2/download/file.php?id=24817,202612
24818,data/images/orig/24818.jpg,http://johnlsayers.com/phpBB2/download/file.php?id=24818,219309
24819,data/images/orig/24819.jpg,http://johnlsayers.com/phpBB2/download/file.php?id=24819,180551
24820,data/images/orig/24820.jpg,http://johnlsayers.com/phpBB2/download/file.php?id=24820,173865
24821,data/images/orig/24821.jpg,http://johnlsayers.com/phpBB2/download/file.php?id=24821,177977
24822,data/images/orig/24822.jpg,http://johnlsayers.com/phpBB2/download/file.php?id=24822,161777
24823,data/images/orig/24823.jpg,http://johnlsayers.com/phpBB2/download/file.php?id=24823,201147
24824,data/images/orig/24824.jpg,http://johnlsayers.com/phpBB2/download/file.php?id=24824,190840
24825,data/images/orig/24825.jpg,http://johnlsayers.com/phpBB2/download/file.php?id=24825,184354
24826,data/images/orig/24826.jpg,http://johnlsayers.com/phpBB2/download/file.php?id=24826,184003
24844,data/images/orig/24844.jpg,http://johnlsayers.com/phpBB2/download/file.php?id=24844,205787
24845,data/images/orig/24845.jpg,http://johnlsayers.com/phpBB2/download/file.php?id=24845,172393
24846,data/images/orig/24846.jpg,http://johnlsayers.com/phpBB2/download/file.php?id=24846,177926
24847,data/images/orig/24847.jpg,http://johnlsayers.com/phpBB2/download/file.php?id=24847,179798
24866,data/images/orig/24866.jpg,http://www.johnlsayers.com/phpBB2/download/file.php?id=24866,65969
24867,data/images/orig/24867.jpg,http://www.johnlsayers.com/phpBB2/download/file.php?id=24867,54436
24868,data/images/orig/24868.jpg,http://www.johnlsayers.com/phpBB2/download/file.php?id=24868,59624
24869,data/images/orig/24869.jpg,http://www.johnlsayers.com/phpBB2/download/file.php?id=24869,71755
24870,data/images/orig/24870.jpg,http://www.johnlsayers.com/phpBB2/download/file.php?id=24870,58389
24897,data/images/orig/24897.jpg,http://johnlsayers.com/phpBB2/download/file.php?id=24897,28578
24898,data/images/orig/24898.jpg,http://johnlsayers.com/phpBB2/download/file.php?id=24898,35877
24899,data/images/orig/24899.jpg,http://johnlsayers.com/phpBB2/download/file.php?id=24899,36153
24900,data/images/orig/24900.jpg,http://johnlsayers.com/phpBB2/download/file.php?id=24900,32218
24901,data/images/orig/24901.jpg,http://johnlsayers.com/phpBB2/download/file.php?id=24901,18372
24907,data/images/orig/24907.jpg,http://johnlsayers.com/phpBB2/download/file.php?id=24907,4876
24908,data/images/orig/24908.jpg,http://johnlsayers.com/phpBB2/download/file.php?id=24908,52163
24909,data/images/orig/24909.jpg,http://johnlsayers.com/phpBB2/download/file.php?id=24909,70312
24910,data/images/orig/24910.jpg,http://johnlsayers.com/phpBB2/download/file.php?id=24910,74910
24924,data/images/orig/24924.jpg,http://www.johnlsayers.com/phpBB2/download/file.php?id=24924,52763
24925,data/images/orig/24925.jpg,http://www.johnlsayers.com/phpBB2/download/file.php?id=24925,39301
24926,data/images/orig/24926.jpg,http://www.johnlsayers.com/phpBB2/download/file.php?id=24926,68800
24927,data/images/orig/24927.jpg,http://www.johnlsayers.com/phpBB2/download/file.php?id=24927,66010
24928,data/images/orig/24928.jpg,http://www.johnlsayers.com/phpBB2/download/file.php?id=24928,68800
24929,data/images/orig/24929.jpg,http://www.johnlsayers.com/phpBB2/download/file.php?id=24929,58338
24961,data/images/orig/24961.jpg,http://johnlsayers.com/phpBB2/download/file.php?id=24961,37263
24962,data/images/orig/24962.jpg,http://johnlsayers.com/phpBB2/download/file.php?id=24962,47878
24963,data/images/orig/24963.jpg,http://johnlsayers.com/phpBB2/download/file.php?id=24963,99362
24964,data/images/orig/24964.jpg,http://johnlsayers.com/phpBB2/download/file.php?id=24964,109877
24965,data/images/orig/24965.jpg,http://johnlsayers.com/phpBB2/download/file.php?id=24965,73700
24966,data/images/orig/24966.jpg,http://johnlsayers.com/phpBB2/download/file.php?id=24966,48330
24974,data/images/orig/24974.jpg,http://johnlsayers.com/phpBB2/download/file.php?id=24974,83856
24975,data/images/orig/24975.jpg,http://johnlsayers.com/phpBB2/download/file.php?id=24975,90909
24976,data/images/orig/24976.jpg,http://johnlsayers.com/phpBB2/download/file.php?id=24976,84799
24977,data/images/orig/24977.jpg,http://johnlsayers.com/phpBB2/download/file.php?id=24977,91412
24984,data/images/orig/24984.jpg,http://johnlsayers.com/phpBB2/download/file.php?id=24984,29929
24985,data/images/orig/24985.jpg,http://johnlsayers.com/phpBB2/download/file.php?id=24985,20063
24986,data/images/orig/24986.jpg,http://johnlsayers.com/phpBB2/download/file.php?id=24986,44630
24987,data/images/orig/24987.jpg,http://johnlsayers.com/phpBB2/download/file.php?id=24987,39374
24988,data/images/orig/24988.jpg,http://johnlsayers.com/phpBB2/download/file.php?id=24988,45075
25000,data/images/orig/25000.jpg,http://johnlsayers.com/phpBB2/download/file.php?id=25000,68203
25001,data/images/orig/25001.jpg,http://johnlsayers.com/phpBB2/download/file.php?id=25001,23071
25002,data/images/orig/25002.jpg,http://johnlsayers.com/phpBB2/download/file.php?id=25002,22424
25003,data/images/orig/25003.jpg,http://johnlsayers.com/phpBB2/download/file.php?id=25003,45426
25040,data/images/orig/25040.jpg,http://johnlsayers.com/phpBB2/download/file.php?id=25040,144433
25041,data/images/orig/25041.jpg,http://johnlsayers.com/phpBB2/download/file.php?id=25041,126873
25042,data/images/orig/25042.jpg,http://johnlsayers.com/phpBB2/download/file.php?id=25042,139072
25043,data/images/orig/25043.jpg,http://johnlsayers.com/phpBB2/download/file.php?id=25043,152501
25073,data/images/orig/25073.jpg,http://johnlsayers.com/phpBB2/download/file.php?id=25073,121121
25074,data/images/orig/25074.jpg,http://johnlsayers.com/phpBB2/download/file.php?id=25074,114167
25075,data/images/orig/25075.jpg,http://johnlsayers.com/phpBB2/download/file.php?id=25075,122356
25076,data/images/orig/25076.jpg,http://johnlsayers.com/phpBB2/download/file.php?id=25076,131525
25077,data/images/orig/25077.jpg,http://johnlsayers.com/phpBB2/download/file.php?id=25077,145264
25105,data/images/orig/25105.jpg,http://johnlsayers.com/phpBB2/download/file.php?id=25105,76652
25118,data/images/orig/25118.jpg,http://johnlsayers.com/phpBB2/download/file.php?id=25118,27075
25123,data/images/orig/25123.jpg,http://johnlsayers.com/phpBB2/download/file.php?id=25123,67029
25124,data/images/orig/25124.skp,http://johnlsayers.com/phpBB2/download/file.php?id=25124,144580
25125,data/images/orig/25125.jpg,http://johnlsayers.com/phpBB2/download/file.php?id=25125,58054
25126,data/images/orig/25126.jpg,http://johnlsayers.com/phpBB2/download/file.php?id=25126,67279
25127,data/images/orig/25127.jpg,http://johnlsayers.com/phpBB2/download/file.php?id=25127,66047
25128,data/images/orig/25128.jpg,http://johnlsayers.com/phpBB2/download/file.php?id=25128,87234
25129,data/images/orig/25129.jpg,http://johnlsayers.com/phpBB2/download/file.php?id=25129,64732
25151,data/images/orig/25151.jpg,http://johnlsayers.com/phpBB2/download/file.php?id=25151,65197
25152,data/images/orig/25152.jpg,http://johnlsayers.com/phpBB2/download/file.php?id=25152,50233
25153,data/images/orig/25153.jpg,http://johnlsayers.com/phpBB2/download/file.php?id=25153,44715
25154,data/images/orig/25154.jpg,http://johnlsayers.com/phpBB2/download/file.php?id=25154,58622
25155,data/images/orig/25155.jpg,http://johnlsayers.com/phpBB2/download/file.php?id=25155,73371
25156,data/images/orig/25156.jpg,http://johnlsayers.com/phpBB2/download/file.php?id=25156,83013
25157,data/images/orig/25157.jpg,http://johnlsayers.com/phpBB2/download/file.php?id=25157,61403
25197,data/images/orig/25197.jpg,http://www.johnlsayers.com/phpBB2/download/file.php?id=25197,55785
25198,data/images/orig/25198.jpg,http://www.johnlsayers.com/phpBB2/download/file.php?id=25198,90087
25199,data/images/orig/25199.jpg,http://www.johnlsayers.com/phpBB2/download/file.php?id=25199,63118
25200,data/images/orig/25200.jpg,http://www.johnlsayers.com/phpBB2/download/file.php?id=25200,60594
25201,data/images/orig/25201.jpg,http://www.johnlsayers.com/phpBB2/download/file.php?id=25201,70450
25202,data/images/orig/25202.jpg,http://www.johnlsayers.com/phpBB2/download/file.php?id=25202,52766
25256,data/images/orig/25256.jpg,http://johnlsayers.com/phpBB2/download/file.php?id=25256,70446
25257,data/images/orig/25257.jpg,http://johnlsayers.com/phpBB2/download/file.php?id=25257,100407
25258,data/images/orig/25258.jpg,http://johnlsayers.com/phpBB2/download/file.php?id=25258,60154
25260,data/images/orig/25260.jpg,http://johnlsayers.com/phpBB2/download/file.php?id=25260,74150
25261,data/images/orig/25261.jpg,http://johnlsayers.com/phpBB2/download/file.php?id=25261,63476
25263,data/images/orig/25263.jpg,http://johnlsayers.com/phpBB2/download/file.php?id=25263,75344
25264,data/images/orig/25264.jpg,http://johnlsayers.com/phpBB2/download/file.php?id=25264,68344
25265,data/images/orig/25265.jpg,http://johnlsayers.com/phpBB2/download/file.php?id=25265,100868
25266,data/images/orig/25266.jpg,http://johnlsayers.com/phpBB2/download/file.php?id=25266,63476
25271,data/images/orig/25271.jpg,http://johnlsayers.com/phpBB2/download/file.php?id=25271,174269
25273,data/images/orig/25273.jpg,http://johnlsayers.com/phpBB2/download/file.php?id=25273,159302
25276,data/images/orig/25276.gif,http://johnlsayers.com/phpBB2/download/file.php?id=25276,20843
25289,data/images/orig/25289.jpg,http://johnlsayers.com/phpBB2/download/file.php?id=25289,70890
25290,data/images/orig/25290.jpg,http://johnlsayers.com/phpBB2/download/file.php?id=25290,74545
25297,data/images/orig/25297.jpg,http://johnlsayers.com/phpBB2/download/file.php?id=25297,52093
25299,data/images/orig/25299.jpg,http://johnlsayers.com/phpBB2/download/file.php?id=25299,81611
25300,data/images/orig/25300.jpg,http://johnlsayers.com/phpBB2/download/file.php?id=25300,124924
25311,data/images/orig/25311.jpg,http://johnlsayers.com/phpBB2/download/file.php?id=25311,67691
25312,data/images/orig/25312.jpg,http://johnlsayers.com/phpBB2/download/file.php?id=25312,42886
25330,data/images/orig/25330.jpg,http://johnlsayers.com/phpBB2/download/file.php?id=25330,36937
25331,data/images/orig/25331.jpg,http://johnlsayers.com/phpBB2/download/file.php?id=25331,78743
25336,data/images/orig/25336.jpg,http://johnlsayers.com/phpBB2/download/file.php?id=25336,24587
25341,data/images/orig/25341.jpg,http://johnlsayers.com/phpBB2/download/file.php?id=25341,53848
25345,data/images/orig/25345.jpg,http://johnlsayers.com/phpBB2/download/file.php?id=25345,31848
25348,data/images/orig/25348.jpg,http://www.johnlsayers.com/phpBB2/download/file.php?id=25348,56831
25349,data/images/orig/25349.jpg,http://www.johnlsayers.com/phpBB2/download/file.php?id=25349,52172
25350,data/images/orig/25350.jpg,http://www.johnlsayers.com/phpBB2/download/file.php?id=25350,60774
25360,data/images/orig/25360.png,http://johnlsayers.com/phpBB2/download/file.php?id=25360&t=1,162594
25361,data/images/orig/25361.png,http://johnlsayers.com/phpBB2/download/file.php?id=25361&t=1,178808
25362,data/images/orig/25362.png,http://johnlsayers.com/phpBB2/download/file.php?id=25362&t=1,165924
25363,data/images/orig/25363.png,http://johnlsayers.com/phpBB2/download/file.php?id=25363&t=1,169850
25409,data/images/orig/25409.jpg,http://johnlsayers.com/phpBB2/download/file.php?id=25409&t=1,19840
25464,data/images/orig/25464.jpg,http://johnlsayers.com/phpBB2/download/file.php?id=25464&t=1,31103
25509,data/images/orig/25509.jpg,http://johnlsayers.com/phpBB2/download/file.php?id=25509&mode=view,38000
25516,data/images/orig/25516.jpg,http://johnlsayers.com/phpBB2/download/file.php?id=25516&t=1,14803
25564,data/images/orig/25564.jpg,http://johnlsayers.com/phpBB2/download/file.php?id=25564&mode=view,45734
25569,data/images/orig/25569.jpg,http://johnlsayers.com/phpBB2/download/file.php?id=25569,81523
25570,data/images/orig/25570.jpg,http://johnlsayers.com/phpBB2/download/file.php?id=25570&t=1,29204
25615,data/images/orig/25615.jpg,http://johnlsayers.com/phpBB2/download/file.php?id=25615&mode=view,44254
25619,data/images/orig/25619.jpg,http://johnlsayers.com/phpBB2/download/file.php?id=25619&mode=view,15847
25620,data/images/orig/25620.jpg,http://johnlsayers.com/phpBB2/download/file.php?id=25620&t=1,16252
25621,data/images/orig/25621.jpg,http://johnlsayers.com/phpBB2/download/file.php?id=25621&mode=view,25201
25622,data/images/orig/25622.jpg,http://johnlsayers.com/phpBB2/download/file.php?id=25622&mode=view,21711
25623,data/images/orig/25623.jpg,http://johnlsayers.com/phpBB2/download/file.php?id=25623&t=1,12176
25625,data/images/orig/25625.jpg,http://johnlsayers.com/phpBB2/download/file.php?id=25625&t=1,13038
25626,data/images/orig/25626.jpg,http://johnlsayers.com/phpBB2/download/file.php?id=25626,5892
25627,data/images/orig/25627.jpg,http://johnlsayers.com/phpBB2/download/file.php?id=25627&t=1,12580
25640,data/images/orig/25640.jpg,http://johnlsayers.com/phpBB2/download/file.php?id=25640&t=1,33654
25682,data/images/orig/25682.jpg,http://johnlsayers.com/phpBB2/download/file.php?id=25682&t=1,23103
25691,data/images/orig/25691.jpg,http://johnlsayers.com/phpBB2/download/file.php?id=25691&t=1,42597
25739,data/images/orig/25739.jpg,http://johnlsayers.com/phpBB2/download/file.php?id=25739&mode=view,106619
25740,data/images/orig/25740.jpg,http://johnlsayers.com/phpBB2/download/file.php?id=25740&t=1,29802
25741,data/images/orig/25741.jpg,http://johnlsayers.com/phpBB2/download/file.php?id=25741&mode=view,108237
25747,data/images/orig/25747.jpg,http://johnlsayers.com/phpBB2/download/file.php?id=25747&mode=view,123646
25748,data/images/orig/25748.jpg,http://johnlsayers.com/phpBB2/download/file.php?id=25748&mode=view,92785
25749,data/images/orig/25749.jpg,http://johnlsayers.com/phpBB2/download/file.php?id=25749&mode=view,106255
25750,data/images/orig/25750.jpg,http://johnlsayers.com/phpBB2/download/file.php?id=25750&mode=view,114100
25751,data/images/orig/25751.jpg,http://johnlsayers.com/phpBB2/download/file.php?id=25751&t=1,21592
25757,data/images/orig/25757.jpg,http://johnlsayers.com/phpBB2/download/file.php?id=25757&mode=view,91429
25799,data/images/orig/25799.jpg,http://johnlsayers.com/phpBB2/download/file.php?id=25799&t=1,30742
25800,data/images/orig/25800.jpg,http://johnlsayers.com/phpBB2/download/file.php?id=25800&mode=view,101689
25803,data/images/orig/25803.jpg,http://johnlsayers.com/phpBB2/download/file.php?id=25803&mode=view,115930
25816,data/images/orig/25816.jpg,http://johnlsayers.com/phpBB2/download/file.php?id=25816&mode=view,32368
25826,data/images/orig/25826.jpg,http://johnlsayers.com/phpBB2/download/file.php?id=25826&t=1,25157
25850,data/images/orig/25850.jpg,http://johnlsayers.com/phpBB2/download/file.php?id=25850&mode=view,39708
25870,data/images/orig/25870.jpg,http://johnlsayers.com/phpBB2/download/file.php?id=25870&t=1,22630
25871,data/images/orig/25871.jpg,http://johnlsayers.com/phpBB2/download/file.php?id=25871&t=1,28913
25872,data/images/orig/25872.jpg,http://johnlsayers.com/phpBB2/download/file.php?id=25872&t=1,45774
25873,data/images/orig/25873.jpg,http://johnlsayers.com/phpBB2/download/file.php?id=25873&t=1,26892
25874,data/images/orig/25874.jpg,http://johnlsayers.com/phpBB2/download/file.php?id=25874&t=1,37559
25875,data/images/orig/25875.jpg,http://johnlsayers.com/phpBB2/download/file.php?id=25875&t=1,27929
25876,data/images/orig/25876.jpg,http://johnlsayers.com/phpBB2/download/file.php?id=25876&t=1,30657
25880,data/images/orig/25880.jpg,http://johnlsayers.com/phpBB2/download/file.php?id=25880&t=1,13053
25886,data/images/orig/25886.jpg,http://johnlsayers.com/phpBB2/download/file.php?id=25886&mode=view,121934
25896,data/images/orig/25896.jpg,http://johnlsayers.com/phpBB2/download/file.php?id=25896&t=1,32352
25934,data/images/orig/25934.jpg,http://johnlsayers.com/phpBB2/download/file.php?id=25934&mode=view,98066
25978,data/images/orig/25978.jpg,http://johnlsayers.com/phpBB2/download/file.php?id=25978&t=1,15640
25991,data/images/orig/25991.jpg,http://johnlsayers.com/phpBB2/download/file.php?id=25991&mode=view,116137
26010,data/images/orig/26010.jpg,http://johnlsayers.com/phpBB2/download/file.php?id=26010&mode=view,107268
26017,data/images/orig/26017.jpg,http://johnlsayers.com/phpBB2/download/file.php?id=26017&mode=view,66355
26019,data/images/orig/26019.jpg,http://johnlsayers.com/phpBB2/download/file.php?id=26019&mode=view,70329
26065,data/images/orig/26065.jpg,http://johnlsayers.com/phpBB2/download/file.php?id=26065&t=1,33217
26067,data/images/orig/26067.jpg,http://johnlsayers.com/phpBB2/download/file.php?id=26067&t=1,16522
26074,data/images/orig/26074.jpg,http://johnlsayers.com/phpBB2/download/file.php?id=26074&t=1,33911
26075,data/images/orig/26075.jpg,http://johnlsayers.com/phpBB2/download/file.php?id=26075&t=1,32647
26099,data/images/orig/26099.jpg,http://johnlsayers.com/phpBB2/download/file.php?id=26099&t=1,25512
26100,data/images/orig/26100.jpg,http://johnlsayers.com/phpBB2/download/file.php?id=26100&t=1,28344
26102,data/images/orig/26102.jpg,http://johnlsayers.com/phpBB2/download/file.php?id=26102&mode=view,71030
26104,data/images/orig/26104.jpg,http://johnlsayers.com/phpBB2/download/file.php?id=26104&mode=view,81628
26107,data/images/orig/26107.jpg,http://johnlsayers.com/phpBB2/download/file.php?id=26107,10859
26150,data/images/orig/26150.jpg,http://johnlsayers.com/phpBB2/download/file.php?id=26150&t=1,28067
26152,data/images/orig/26152.jpg,http://johnlsayers.com/phpBB2/download/file.php?id=26152&mode=view,81706
26158,data/images/orig/26158.jpg,http://johnlsayers.com/phpBB2/download/file.php?id=26158&mode=view,67355
26159,data/images/orig/26159.jpg,http://johnlsayers.com/phpBB2/download/file.php?id=26159&t=1,24984
26160,data/images/orig/26160.jpg,http://johnlsayers.com/phpBB2/download/file.php?id=26160&t=1,26107
26161,data/images/orig/26161.jpg,http://johnlsayers.com/phpBB2/download/file.php?id=26161&t=1,25823
26162,data/images/orig/26162.jpg,http://johnlsayers.com/phpBB2/download/file.php?id=26162&t=1,23735
26163,data/images/orig/26163.jpg,http://johnlsayers.com/phpBB2/download/file.php?id=26163&mode=view,104002
26164,data/images/orig/26164.jpg,http://johnlsayers.com/phpBB2/download/file.php?id=26164&t=1,24982
26165,data/images/orig/26165.jpg,http://johnlsayers.com/phpBB2/download/file.php?id=26165&t=1,26190
26166,data/images/orig/26166.jpg,http://johnlsayers.com/phpBB2/download/file.php?id=26166&mode=view,118995
26167,data/images/orig/26167.jpg,http://johnlsayers.com/phpBB2/download/file.php?id=26167&t=1,27091
26170,data/images/orig/26170.jpg,http://johnlsayers.com/phpBB2/download/file.php?id=26170&t=1,20479
26172,data/images/orig/26172.jpg,http://johnlsayers.com/phpBB2/download/file.php?id=26172&mode=view,93600
26173,data/images/orig/26173.jpg,http://johnlsayers.com/phpBB2/download/file.php?id=26173&mode=view,57833
26206,data/images/orig/26206.jpg,http://johnlsayers.com/phpBB2/download/file.php?id=26206&t=1,13102
26207,data/images/orig/26207.jpg,http://johnlsayers.com/phpBB2/download/file.php?id=26207&t=1,23650
26224,data/images/orig/26224.jpg,http://johnlsayers.com/phpBB2/download/file.php?id=26224&t=1,14880
26229,data/images/orig/26229.png,http://johnlsayers.com/phpBB2/download/file.php?id=26229&mode=view,75691
26237,data/images/orig/26237.jpg,http://johnlsayers.com/phpBB2/download/file.php?id=26237&t=1,18357
26238,data/images/orig/26238.jpg,http://johnlsayers.com/phpBB2/download/file.php?id=26238&t=1,18791
26302,data/images/orig/26302.jpg,http://johnlsayers.com/phpBB2/download/file.php?id=26302&t=1,33332
26303,data/images/orig/26303.jpg,http://johnlsayers.com/phpBB2/download/file.php?id=26303&t=1,35978
26304,data/images/orig/26304.jpg,http://johnlsayers.com/phpBB2/download/file.php?id=26304&mode=view,178118
26305,data/images/orig/26305.jpg,http://johnlsayers.com/phpBB2/download/file.php?id=26305&mode=view,224472
26320,data/images/orig/26320.jpg,http://johnlsayers.com/phpBB2/download/file.php?id=26320&mode=view,134620
26321,data/images/orig/26321.jpg,http://johnlsayers.com/phpBB2/download/file.php?id=26321&mode=view,128841
26398,data/images/orig/26398.jpg,http://johnlsayers.com/phpBB2/download/file.php?id=26398&t=1,35665
26399,data/images/orig/26399.jpg,http://johnlsayers.com/phpBB2/download/file.php?id=26399&t=1,40121
26439,data/images/orig/26439.jpg,http://johnlsayers.com/phpBB2/download/file.php?id=26439&t=1,41911
26440,data/images/orig/26440.jpg,http://johnlsayers.com/phpBB2/download/file.php?id=26440&mode=view,186771
26441,data/images/orig/26441.jpg,http://johnlsayers.com/phpBB2/download/file.php?id=26441&t=1,40426
26442,data/images/orig/26442.jpg,http://johnlsayers.com/phpBB2/download/file.php?id=26442&t=1,38040
26443,data/images/orig/26443.jpg,http://johnlsayers.com/phpBB2/download/file.php?id=26443&t=1,41728
26526,data/images/orig/26526.jpg,http://johnlsayers.com/phpBB2/download/file.php?id=26526&t=1,32502
26527,data/images/orig/26527.jpg,http://johnlsayers.com/phpBB2/download/file.php?id=26527&t=1,42675
26528,data/images/orig/26528.jpg,http://johnlsayers.com/phpBB2/download/file.php?id=26528&t=1,25509
26529,data/images/orig/26529.jpg,http://johnlsayers.com/phpBB2/download/file.php?id=26529&mode=view,76711
26530,data/images/orig/26530.jpg,http://johnlsayers.com/phpBB2/download/file.php?id=26530&t=1,35697
26532,data/images/orig/26532.jpg,http://johnlsayers.com/phpBB2/download/file.php?id=26532&t=1,37576
26533,data/images/orig/26533.jpg,http://johnlsayers.com/phpBB2/download/file.php?id=26533&t=1,30723
26534,data/images/orig/26534.jpg,http://johnlsayers.com/phpBB2/download/file.php?id=26534&t=1,35620
26535,data/images/orig/26535.jpg,http://johnlsayers.com/phpBB2/download/file.php?id=26535&mode=view,63184
26536,data/images/orig/26536.jpg,http://johnlsayers.com/phpBB2/download/file.php?id=26536&t=1,27402
26537,data/images/orig/26537.jpg,http://johnlsayers.com/phpBB2/download/file.php?id=26537&mode=view,63496
26538,data/images/orig/26538.jpg,http://johnlsayers.com/phpBB2/download/file.php?id=26538&t=1,28733
26539,data/images/orig/26539.jpg,http://johnlsayers.com/phpBB2/download/file.php?id=26539&mode=view,48556
26540,data/images/orig/26540.jpg,http://johnlsayers.com/phpBB2/download/file.php?id=26540&mode=view,80623
26541,data/images/orig/26541.jpg,http://johnlsayers.com/phpBB2/download/file.php?id=26541&t=1,37585
26564,data/images/orig/26564.jpg,http://johnlsayers.com/phpBB2/download/file.php?id=26564&mode=view,39637
26608,data/images/orig/26608.jpg,http://johnlsayers.com/phpBB2/download/file.php?id=26608&mode=view,27307
26659,data/images/orig/26659.jpg,http://johnlsayers.com/phpBB2/download/file.php?id=26659&mode=view,61071
26741,data/images/orig/26741.jpg,http://johnlsayers.com/phpBB2/download/file.php?id=26741&t=1,11571
26762,data/images/orig/26762.jpg,http://johnlsayers.com/phpBB2/download/file.php?id=26762&mode=view,53419
26776,data/images/orig/26776.jpg,http://johnlsayers.com/phpBB2/download/file.php?id=26776&mode=view,173593
26777,data/images/orig/26777.jpg,http://johnlsayers.com/phpBB2/download/file.php?id=26777&t=1,17009
26789,data/images/orig/26789.jpg,http://johnlsayers.com/phpBB2/download/file.php?id=26789&t=1,23059
26790,data/images/orig/26790.jpg,http://johnlsayers.com/phpBB2/download/file.php?id=26790&t=1,30758
26793,data/images/orig/26793.jpg,http://johnlsayers.com/phpBB2/download/file.php?id=26793&t=1,29290
26794,data/images/orig/26794.jpg,http://johnlsayers.com/phpBB2/download/file.php?id=26794&t=1,31502
26837,data/images/orig/26837.jpg,http://johnlsayers.com/phpBB2/download/file.php?id=26837&t=1,18980
26838,data/images/orig/26838.jpg,http://johnlsayers.com/phpBB2/download/file.php?id=26838&t=1,28776
26844,data/images/orig/26844.jpg,http://johnlsayers.com/phpBB2/download/file.php?id=26844&t=1,23344
26845,data/images/orig/26845.jpg,http://johnlsayers.com/phpBB2/download/file.php?id=26845&t=1,23873
26846,data/images/orig/26846.jpg,http://johnlsayers.com/phpBB2/download/file.php?id=26846&t=1,18478
26847,data/images/orig/26847.jpg,http://johnlsayers.com/phpBB2/download/file.php?id=26847&t=1,19922
26848,data/images/orig/26848.jpg,http://johnlsayers.com/phpBB2/download/file.php?id=26848&t=1,18278
26849,data/images/orig/26849.jpg,http://johnlsayers.com/phpBB2/download/file.php?id=26849&t=1,13006
26978,data/images/orig/26978.jpg,http://johnlsayers.com/phpBB2/download/file.php?id=26978&mode=view,38113
27012,data/images/orig/27012.jpg,http://johnlsayers.com/phpBB2/download/file.php?id=27012&t=1,15994
27022,data/images/orig/27022.jpg,http://johnlsayers.com/phpBB2/download/file.php?id=27022,10634
27039,data/images/orig/27039.jpg,http://johnlsayers.com/phpBB2/download/file.php?id=27039&t=1,33344
27044,data/images/orig/27044.skp,http://johnlsayers.com/phpBB2/download/file.php?id=27044,227702
27045,data/images/orig/27045.png,http://johnlsayers.com/phpBB2/download/file.php?id=27045&t=1,105447
27048,data/images/orig/27048.jpg,http://johnlsayers.com/phpBB2/download/file.php?id=27048&t=1,41092
27049,data/images/orig/27049.jpg,http://johnlsayers.com/phpBB2/download/file.php?id=27049&t=1,30610
27152,data/images/orig/27152.jpg,http://johnlsayers.com/phpBB2/download/file.php?id=27152&t=1,28887
27193,data/images/orig/27193.jpg,http://johnlsayers.com/phpBB2/download/file.php?id=27193&t=1,19849
27198,data/images/orig/27198.jpg,http://johnlsayers.com/phpBB2/download/file.php?id=27198&t=1,20804
27200,data/images/orig/27200.jpg,http://johnlsayers.com/phpBB2/download/file.php?id=27200&t=1,21344
27201,data/images/orig/27201.jpg,http://johnlsayers.com/phpBB2/download/file.php?id=27201&mode=view,44950
27230,data/images/orig/27230.jpg,http://johnlsayers.com/phpBB2/download/file.php?id=27230&mode=view,79485
27300,data/images/orig/27300.jpg,http://johnlsayers.com/phpBB2/download/file.php?id=27300&t=1,30654
27302,data/images/orig/27302.jpg,http://johnlsayers.com/phpBB2/download/file.php?id=27302&mode=view,223935
27329,data/images/orig/27329.jpg,http://johnlsayers.com/phpBB2/download/file.php?id=27329&mode=view,47261
27332,data/images/orig/27332.jpg,http://johnlsayers.com/phpBB2/download/file.php?id=27332&t=1,37355
27337,data/images/orig/27337.jpg,http://johnlsayers.com/phpBB2/download/file.php?id=27337&t=1,12315
27417,data/images/orig/27417.jpg,http://johnlsayers.com/phpBB2/download/file.php?id=27417&mode=view,43359
27418,data/images/orig/27418.jpg,http://johnlsayers.com/phpBB2/download/file.php?id=27418&mode=view,33726
27478,data/images/orig/27478.gif,http://johnlsayers.com/phpBB2/download/file.php?id=27478&t=1,67218
27495,data/images/orig/27495.gif,http://johnlsayers.com/phpBB2/download/file.php?id=27495,11839
27557,data/images/orig/27557.jpg,http://johnlsayers.com/phpBB2/download/file.php?id=27557&mode=view,28481
27587,data/images/orig/27587.png,http://johnlsayers.com/phpBB2/download/file.php?id=27587&mode=view,17207
27588,data/images/orig/27588.png,http://johnlsayers.com/phpBB2/download/file.php?id=27588&mode=view,18524
27609,data/images/orig/27609.jpg,http://johnlsayers.com/phpBB2/download/file.php?id=27609&mode=view,74719
27621,data/images/orig/27621.jpg,http://johnlsayers.com/phpBB2/download/file.php?id=27621&t=1,62121
27697,data/images/orig/27697.jpg,http://johnlsayers.com/phpBB2/download/file.php?id=27697&t=1,31113
27698,data/images/orig/27698.jpg,http://johnlsayers.com/phpBB2/download/file.php?id=27698&t=1,21602
27699,data/images/orig/27699.jpg,http://johnlsayers.com/phpBB2/download/file.php?id=27699&mode=view,56555
27700,data/images/orig/27700.jpg,http://johnlsayers.com/phpBB2/download/file.php?id=27700&t=1,22940
27702,data/images/orig/27702.jpg,http://johnlsayers.com/phpBB2/download/file.php?id=27702&mode=view,39841
27703,data/images/orig/27703.jpg,http://johnlsayers.com/phpBB2/download/file.php?id=27703&t=1,21136
27729,data/images/orig/27729.jpg,http://johnlsayers.com/phpBB2/download/file.php?id=27729&t=1,38255
27730,data/images/orig/27730.jpg,http://johnlsayers.com/phpBB2/download/file.php?id=27730&t=1,27617
27732,data/images/orig/27732.jpg,http://johnlsayers.com/phpBB2/download/file.php?id=27732&t=1,49113
27733,data/images/orig/27733.jpg,http://johnlsayers.com/phpBB2/download/file.php?id=27733&t=1,57355
27736,data/images/orig/27736.jpg,http://johnlsayers.com/phpBB2/download/file.php?id=27736&t=1,24554
27737,data/images/orig/27737.jpg,http://johnlsayers.com/phpBB2/download/file.php?id=27737&t=1,19231
27748,data/images/orig/27748.jpg,http://johnlsayers.com/phpBB2/download/file.php?id=27748&t=1,22239
27749,data/images/orig/27749.jpg,http://johnlsayers.com/phpBB2/download/file.php?id=27749&t=1,16853
27750,data/images/orig/27750.jpg,http://johnlsayers.com/phpBB2/download/file.php?id=27750&t=1,19383
27751,data/images/orig/27751.jpg,http://johnlsayers.com/phpBB2/download/file.php?id=27751&t=1,17302
27752,data/images/orig/27752.jpg,http://johnlsayers.com/phpBB2/download/file.php?id=27752&t=1,26101
27753,data/images/orig/27753.jpg,http://johnlsayers.com/phpBB2/download/file.php?id=27753&t=1,36088
27798,data/images/orig/27798.jpg,http://johnlsayers.com/phpBB2/download/file.php?id=27798&t=1,25481
27903,data/images/orig/27903.jpg,http://johnlsayers.com/phpBB2/download/file.php?id=27903&t=1,23473
27904,data/images/orig/27904.jpg,http://johnlsayers.com/phpBB2/download/file.php?id=27904&mode=view,44142
27923,data/images/orig/27923.jpg,http://johnlsayers.com/phpBB2/download/file.php?id=27923&t=1,38551
27924,data/images/orig/27924.jpg,http://johnlsayers.com/phpBB2/download/file.php?id=27924&t=1,48507
27925,data/images/orig/27925.jpg,http://johnlsayers.com/phpBB2/download/file.php?id=27925&t=1,32430
27926,data/images/orig/27926.jpg,http://johnlsayers.com/phpBB2/download/file.php?id=27926&t=1,41735
27927,data/images/orig/27927.jpg,http://johnlsayers.com/phpBB2/download/file.php?id=27927&t=1,35619
27928,data/images/orig/27928.jpg,http://johnlsayers.com/phpBB2/download/file.php?id=27928&t=1,36762
27929,data/images/orig/27929.jpg,http://johnlsayers.com/phpBB2/download/file.php?id=27929&t=1,38575
27930,data/images/orig/27930.jpg,http://johnlsayers.com/phpBB2/download/file.php?id=27930&t=1,39030
27931,data/images/orig/27931.jpg,http://johnlsayers.com/phpBB2/download/file.php?id=27931&t=1,39248
27932,data/images/orig/27932.jpg,http://johnlsayers.com/phpBB2/download/file.php?id=27932&t=1,50364
27960,data/images/orig/27960.jpg,http://johnlsayers.com/phpBB2/download/file.php?id=27960&t=1,16457
27961,data/images/orig/27961.jpg,http://johnlsayers.com/phpBB2/download/file.php?id=27961&t=1,11589
27962,data/images/orig/27962.jpg,http://johnlsayers.com/phpBB2/download/file.php?id=27962&t=1,13469
27984,data/images/orig/27984.jpg,http://johnlsayers.com/phpBB2/download/file.php?id=27984&t=1,26217
27985,data/images/orig/27985.jpg,http://johnlsayers.com/phpBB2/download/file.php?id=27985&t=1,21800
27986,data/images/orig/27986.jpg,http://johnlsayers.com/phpBB2/download/file.php?id=27986&t=1,21034
27987,data/images/orig/27987.jpg,http://johnlsayers.com/phpBB2/download/file.php?id=27987&t=1,18443
27988,data/images/orig/27988.jpg,http://johnlsayers.com/phpBB2/download/file.php?id=27988&t=1,20010
27990,data/images/orig/27990.jpg,http://johnlsayers.com/phpBB2/download/file.php?id=27990&t=1,29328
27991,data/images/orig/27991.jpg,http://johnlsayers.com/phpBB2/download/file.php?id=27991&t=1,25336
27992,data/images/orig/27992.jpg,http://johnlsayers.com/phpBB2/download/file.php?id=27992&t=1,25782
27993,data/images/orig/27993.jpg,http://johnlsayers.com/phpBB2/download/file.php?id=27993&t=1,26249
27994,data/images/orig/27994.jpg,http://johnlsayers.com/phpBB2/download/file.php?id=27994&t=1,23756
27996,data/images/orig/27996.jpg,http://johnlsayers.com/phpBB2/download/file.php?id=27996&t=1,16041
27997,data/images/orig/27997.jpg,http://johnlsayers.com/phpBB2/download/file.php?id=27997&t=1,22970
27998,data/images/orig/27998.jpg,http://johnlsayers.com/phpBB2/download/file.php?id=27998&mode=view,109467
27999,data/images/orig/27999.jpg,http://johnlsayers.com/phpBB2/download/file.php?id=27999&t=1,10874
28000,data/images/orig/28000.skp,http://johnlsayers.com/phpBB2/download/file.php?id=28000,128933
28009,data/images/orig/28009.jpg,http://johnlsayers.com/phpBB2/download/file.php?id=28009&t=1,18910
28010,data/images/orig/28010.jpg,http://johnlsayers.com/phpBB2/download/file.php?id=28010&t=1,19546
28023,data/images/orig/28023.jpg,http://johnlsayers.com/phpBB2/download/file.php?id=28023&t=1,26402
28024,data/images/orig/28024.jpg,http://johnlsayers.com/phpBB2/download/file.php?id=28024&t=1,23244
28067,data/images/orig/28067.jpg,http://johnlsayers.com/phpBB2/download/file.php?id=28067&t=1,23072
28069,data/images/orig/28069.jpg,http://johnlsayers.com/phpBB2/download/file.php?id=28069&t=1,23017
28071,data/images/orig/28071.jpg,http://johnlsayers.com/phpBB2/download/file.php?id=28071&t=1,23322
28072,data/images/orig/28072.jpg,http://johnlsayers.com/phpBB2/download/file.php?id=28072&t=1,26297
28073,data/images/orig/28073.jpg,http://johnlsayers.com/phpBB2/download/file.php?id=28073&t=1,29770
28074,data/images/orig/28074.jpg,http://johnlsayers.com/phpBB2/download/file.php?id=28074&t=1,29153
28075,data/images/orig/28075.jpg,http://johnlsayers.com/phpBB2/download/file.php?id=28075&t=1,26293
28077,data/images/orig/28077.jpg,http://johnlsayers.com/phpBB2/download/file.php?id=28077&t=1,20464
28078,data/images/orig/28078.jpg,http://johnlsayers.com/phpBB2/download/file.php?id=28078&t=1,28948
28079,data/images/orig/28079.jpg,http://johnlsayers.com/phpBB2/download/file.php?id=28079&t=1,31593
28081,data/images/orig/28081.jpg,http://johnlsayers.com/phpBB2/download/file.php?id=28081&t=1,22744
28082,data/images/orig/28082.jpg,http://johnlsayers.com/phpBB2/download/file.php?id=28082&t=1,21785
28083,data/images/orig/28083.jpg,http://johnlsayers.com/phpBB2/download/file.php?id=28083&t=1,24245
28087,data/images/orig/28087.jpg,http://johnlsayers.com/phpBB2/download/file.php?id=28087&t=1,14486
28105,data/images/orig/28105.jpg,http://www.johnlsayers.com/phpBB2/download/file.php?id=28105&mode=view,42183
28106,data/images/orig/28106.jpg,http://johnlsayers.com/phpBB2/download/file.php?id=28106&t=1,17716
28107,data/images/orig/28107.jpg,http://johnlsayers.com/phpBB2/download/file.php?id=28107&t=1,24164
28108,data/images/orig/28108.jpg,http://johnlsayers.com/phpBB2/download/file.php?id=28108&t=1,26390
28109,data/images/orig/28109.jpg,http://johnlsayers.com/phpBB2/download/file.php?id=28109&mode=view,54622
28110,data/images/orig/28110.jpg,http://johnlsayers.com/phpBB2/download/file.php?id=28110&mode=view,91970
28111,data/images/orig/28111.jpg,http://johnlsayers.com/phpBB2/download/file.php?id=28111&t=1,23858
28112,data/images/orig/28112.jpg,http://johnlsayers.com/phpBB2/download/file.php?id=28112&t=1,20484
28128,data/images/orig/28128.jpg,http://johnlsayers.com/phpBB2/download/file.php?id=28128&t=1,27718
28132,data/images/orig/28132.jpg,http://johnlsayers.com/phpBB2/download/file.php?id=28132&t=1,26866
28144,data/images/orig/28144.jpg,http://johnlsayers.com/phpBB2/download/file.php?id=28144&t=1,31439
28146,data/images/orig/28146.jpg,http://johnlsayers.com/phpBB2/download/file.php?id=28146&t=1,30013
28159,data/images/orig/28159.jpg,http://johnlsayers.com/phpBB2/download/file.php?id=28159&t=1,24470
28196,data/images/orig/28196.jpg,http://www.johnlsayers.com/phpBB2/download/file.php?id=28196&t=1,23487
28197,data/images/orig/28197.jpg,http://www.johnlsayers.com/phpBB2/download/file.php?id=28197&t=1,20980
28198,data/images/orig/28198.jpg,http://www.johnlsayers.com/phpBB2/download/file.php?id=28198&t=1,23192
28199,data/images/orig/28199.jpg,http://www.johnlsayers.com/phpBB2/download/file.php?id=28199&t=1,24371
28200,data/images/orig/28200.jpg,http://www.johnlsayers.com/phpBB2/download/file.php?id=28200&t=1,35777
28201,data/images/orig/28201.jpg,http://www.johnlsayers.com/phpBB2/download/file.php?id=28201&t=1,24256
28233,data/images/orig/28233.jpg,http://www.johnlsayers.com/phpBB2/download/file.php?id=28233&t=1,23981
28249,data/images/orig/28249.skp,http://johnlsayers.com/phpBB2/download/file.php?id=28249,418111
28250,data/images/orig/28250.skp,http://johnlsayers.com/phpBB2/download/file.php?id=28250,360222
28256,data/images/orig/28256.jpg,http://johnlsayers.com/phpBB2/download/file.php?id=28256&t=1,38359
28257,data/images/orig/28257.jpg,http://johnlsayers.com/phpBB2/download/file.php?id=28257&t=1,29420
28258,data/images/orig/28258.jpg,http://johnlsayers.com/phpBB2/download/file.php?id=28258&t=1,33643
28259,data/images/orig/28259.jpg,http://johnlsayers.com/phpBB2/download/file.php?id=28259&mode=view,58445
28260,data/images/orig/28260.jpg,http://johnlsayers.com/phpBB2/download/file.php?id=28260&t=1,25675
28261,data/images/orig/28261.jpg,http://johnlsayers.com/phpBB2/download/file.php?id=28261&mode=view,54719
28262,data/images/orig/28262.jpg,http://johnlsayers.com/phpBB2/download/file.php?id=28262&t=1,32375
28263,data/images/orig/28263.jpg,http://johnlsayers.com/phpBB2/download/file.php?id=28263&t=1,19430
28264,data/images/orig/28264.jpg,http://johnlsayers.com/phpBB2/download/file.php?id=28264&mode=view,81735
28268,data/images/orig/28268.jpg,http://johnlsayers.com/phpBB2/download/file.php?id=28268&mode=view,149307
28303,data/images/orig/28303.jpg,http://johnlsayers.com/phpBB2/download/file.php?id=28303&mode=view,106643
28316,data/images/orig/28316.jpg,http://johnlsayers.com/phpBB2/download/file.php?id=28316&t=1,31468
28319,data/images/orig/28319.jpg,http://johnlsayers.com/phpBB2/download/file.php?id=28319&mode=view,304766
28341,data/images/orig/28341.jpg,http://johnlsayers.com/phpBB2/download/file.php?id=28341&t=1,22086
28342,data/images/orig/28342.jpg,http://johnlsayers.com/phpBB2/download/file.php?id=28342&t=1,20427
28358,data/images/orig/28358.jpg,http://johnlsayers.com/phpBB2/download/file.php?id=28358&t=1,17351
28360,data/images/orig/28360.jpg,http://johnlsayers.com/phpBB2/download/file.php?id=28360&t=1,31815
28371,data/images/orig/28371.png,http://johnlsayers.com/phpBB2/download/file.php?id=28371&mode=view,270466
28372,data/images/orig/28372.skp,http://johnlsayers.com/phpBB2/download/file.php?id=28372,476251
28405,data/images/orig/28405.jpg,http://johnlsayers.com/phpBB2/download/file.php?id=28405&t=1,30733
28438,data/images/orig/28438.jpg,http://johnlsayers.com/phpBB2/download/file.php?id=28438&t=1,21772
28505,data/images/orig/28505.jpg,http://johnlsayers.com/phpBB2/download/file.php?id=28505&mode=view,40660
28506,data/images/orig/28506.jpg,http://johnlsayers.com/phpBB2/download/file.php?id=28506&mode=view,33204
28508,data/images/orig/28508.jpg,http://johnlsayers.com/phpBB2/download/file.php?id=28508&mode=view,46180
28538,data/images/orig/28538.jpg,http://johnlsayers.com/phpBB2/download/file.php?id=28538&t=1,19570
28539,data/images/orig/28539.jpg,http://johnlsayers.com/phpBB2/download/file.php?id=28539&t=1,18095
28540,data/images/orig/28540.jpg,http://johnlsayers.com/phpBB2/download/file.php?id=28540&t=1,27073
28541,data/images/orig/28541.jpg,http://johnlsayers.com/phpBB2/download/file.php?id=28541&t=1,19886
28542,data/images/orig/28542.jpg,http://johnlsayers.com/phpBB2/download/file.php?id=28542&t=1,22828
28543,data/images/orig/28543.jpg,http://johnlsayers.com/phpBB2/download/file.php?id=28543&t=1,19386
28544,data/images/orig/28544.jpg,http://johnlsayers.com/phpBB2/download/file.php?id=28544&t=1,23548
28548,data/images/orig/28548.jpg,http://johnlsayers.com/phpBB2/download/file.php?id=28548&t=1,19408
28549,data/images/orig/28549.jpg,http://johnlsayers.com/phpBB2/download/file.php?id=28549&t=1,27760
28573,data/images/orig/28573.jpg,http://johnlsayers.com/phpBB2/download/file.php?id=28573&mode=view,206315
28597,data/images/orig/28597.jpg,http://johnlsayers.com/phpBB2/download/file.php?id=28597&mode=view,106116
28636,data/images/orig/28636.jpg,http://johnlsayers.com/phpBB2/download/file.php?id=28636&t=1,20048
28637,data/images/orig/28637.jpg,http://johnlsayers.com/phpBB2/download/file.php?id=28637&t=1,17741
28638,data/images/orig/28638.jpg,http://johnlsayers.com/phpBB2/download/file.php?id=28638&t=1,19067
28640,data/images/orig/28640.jpg,http://johnlsayers.com/phpBB2/download/file.php?id=28640&t=1,16489
28641,data/images/orig/28641.jpg,http://johnlsayers.com/phpBB2/download/file.php?id=28641&t=1,19698
28642,data/images/orig/28642.jpg,http://johnlsayers.com/phpBB2/download/file.php?id=28642&t=1,18186
28643,data/images/orig/28643.jpg,http://johnlsayers.com/phpBB2/download/file.php?id=28643&t=1,36859
28644,data/images/orig/28644.jpg,http://johnlsayers.com/phpBB2/download/file.php?id=28644&t=1,26161
28645,data/images/orig/28645.jpg,http://johnlsayers.com/phpBB2/download/file.php?id=28645&t=1,30234
28648,data/images/orig/28648.jpg,http://johnlsayers.com/phpBB2/download/file.php?id=28648&t=1,14274
28651,data/images/orig/28651.jpg,http://johnlsayers.com/phpBB2/download/file.php?id=28651&t=1,19345
28652,data/images/orig/28652.jpg,http://johnlsayers.com/phpBB2/download/file.php?id=28652&mode=view,100389
28654,data/images/orig/28654.jpg,http://johnlsayers.com/phpBB2/download/file.php?id=28654&t=1,26637
28656,data/images/orig/28656.jpg,http://johnlsayers.com/phpBB2/download/file.php?id=28656&t=1,17025
28706,data/images/orig/28706.jpg,http://johnlsayers.com/phpBB2/download/file.php?id=28706&mode=view,261480
28707,data/images/orig/28707.jpg,http://johnlsayers.com/phpBB2/download/file.php?id=28707&t=1,18565
28708,data/images/orig/28708.jpg,http://johnlsayers.com/phpBB2/download/file.php?id=28708&t=1,26501
28709,data/images/orig/28709.jpg,http://johnlsayers.com/phpBB2/download/file.php?id=28709&t=1,23496
28710,data/images/orig/28710.jpg,http://johnlsayers.com/phpBB2/download/file.php?id=28710&mode=view,35044
28721,data/images/orig/28721.jpg,http://johnlsayers.com/phpBB2/download/file.php?id=28721&mode=view,61472
28723,data/images/orig/28723.jpg,http://johnlsayers.com/phpBB2/download/file.php?id=28723&t=1,20759
28724,data/images/orig/28724.jpg,http://johnlsayers.com/phpBB2/download/file.php?id=28724&t=1,13632
28787,data/images/orig/28787.jpg,http://johnlsayers.com/phpBB2/download/file.php?id=28787&t=1,31178
28790,data/images/orig/28790.jpg,http://johnlsayers.com/phpBB2/download/file.php?id=28790&mode=view,40793
28791,data/images/orig/28791.jpg,http://johnlsayers.com/phpBB2/download/file.php?id=28791&t=1,20994
28792,data/images/orig/28792.jpg,http://johnlsayers.com/phpBB2/download/file.php?id=28792&t=1,19653
28793,data/images/orig/28793.jpg,http://johnlsayers.com/phpBB2/download/file.php?id=28793&t=1,29259
28847,data/images/orig/28847.jpg,http://johnlsayers.com/phpBB2/download/file.php?id=28847&t=1,25317
28848,data/images/orig/28848.jpg,http://johnlsayers.com/phpBB2/download/file.php?id=28848&t=1,21182
28852,data/images/orig/28852.jpg,http://johnlsayers.com/phpBB2/download/file.php?id=28852&t=1,26762
28853,data/images/orig/28853.jpg,http://johnlsayers.com/phpBB2/download/file.php?id=28853&t=1,28215
28854,data/images/orig/28854.jpg,http://johnlsayers.com/phpBB2/download/file.php?id=28854&mode=view,315785
28855,data/images/orig/28855.jpg,http://johnlsayers.com/phpBB2/download/file.php?id=28855&t=1,21993
28856,data/images/orig/28856.jpg,http://johnlsayers.com/phpBB2/download/file.php?id=28856&mode=view,34973
28857,data/images/orig/28857.jpg,http://johnlsayers.com/phpBB2/download/file.php?id=28857&t=1,18525
28858,data/images/orig/28858.jpg,http://johnlsayers.com/phpBB2/download/file.php?id=28858&t=1,17812
28883,data/images/orig/28883.jpg,http://johnlsayers.com/phpBB2/download/file.php?id=28883&t=1,14461
28884,data/images/orig/28884.jpg,http://johnlsayers.com/phpBB2/download/file.php?id=28884&t=1,17850
28885,data/images/orig/28885.jpg,http://johnlsayers.com/phpBB2/download/file.php?id=28885&t=1,29328
28915,data/images/orig/28915.jpg,http://johnlsayers.com/phpBB2/download/file.php?id=28915&t=1,23115
28916,data/images/orig/28916.jpg,http://johnlsayers.com/phpBB2/download/file.php?id=28916&mode=view,250396
28917,data/images/orig/28917.jpg,http://johnlsayers.com/phpBB2/download/file.php?id=28917&mode=view,181091
28939,data/images/orig/28939.jpg,http://johnlsayers.com/phpBB2/download/file.php?id=28939&t=1,31302
28940,data/images/orig/28940.jpg,http://johnlsayers.com/phpBB2/download/file.php?id=28940&t=1,27601
28941,data/images/orig/28941.jpg,http://johnlsayers.com/phpBB2/download/file.php?id=28941&t=1,28445
28956,data/images/orig/28956.jpg,http://johnlsayers.com/phpBB2/download/file.php?id=28956&t=1,22888
28957,data/images/orig/28957.jpg,http://johnlsayers.com/phpBB2/download/file.php?id=28957&t=1,21037
28958,data/images/orig/28958.jpg,http://johnlsayers.com/phpBB2/download/file.php?id=28958&mode=view,26187
29027,data/images/orig/29027.jpg,http://johnlsayers.com/phpBB2/download/file.php?id=29027&t=1,31748
29072,data/images/orig/29072.jpg,http://johnlsayers.com/phpBB2/download/file.php?id=29072&t=1,22611
29073,data/images/orig/29073.jpg,http://johnlsayers.com/phpBB2/download/file.php?id=29073&t=1,23250
29074,data/images/orig/29074.jpg,http://johnlsayers.com/phpBB2/download/file.php?id=29074&t=1,21502
29075,data/images/orig/29075.jpg,http://johnlsayers.com/phpBB2/download/file.php?id=29075&t=1,21560
29089,data/images/orig/29089.jpg,http://johnlsayers.com/phpBB2/download/file.php?id=29089,45345
29095,data/images/orig/29095.png,http://johnlsayers.com/phpBB2/download/file.php?id=29095&mode=view,127380
29102,data/images/orig/29102.jpg,http://johnlsayers.com/phpBB2/download/file.php?id=29102&mode=view,192608
29108,data/images/orig/29108.jpg,http://johnlsayers.com/phpBB2/download/file.php?id=29108&mode=view,50686
29109,data/images/orig/29109.jpg,http://johnlsayers.com/phpBB2/download/file.php?id=29109&t=1,24391
29110,data/images/orig/29110.jpg,http://johnlsayers.com/phpBB2/download/file.php?id=29110&t=1,23437
29111,data/images/orig/29111.jpg,http://johnlsayers.com/phpBB2/download/file.php?id=29111&mode=view,51860
29112,data/images/orig/29112.jpg,http://johnlsayers.com/phpBB2/download/file.php?id=29112&mode=view,57604
29113,data/images/orig/29113.jpg,http://johnlsayers.com/phpBB2/download/file.php?id=29113&t=1,22157
29114,data/images/orig/29114.jpg,http://johnlsayers.com/phpBB2/download/file.php?id=29114&mode=view,51340
29116,data/images/orig/29116.jpg,http://johnlsayers.com/phpBB2/download/file.php?id=29116&t=1,28245
29117,data/images/orig/29117.jpg,http://johnlsayers.com/phpBB2/download/file.php?id=29117&t=1,27001
29119,data/images/orig/29119.jpg,http://johnlsayers.com/phpBB2/download/file.php?id=29119&t=1,31833
29120,data/images/orig/29120.jpg,http://johnlsayers.com/phpBB2/download/file.php?id=29120&t=1,36971
29121,data/images/orig/29121.jpg,http://johnlsayers.com/phpBB2/download/file.php?id=29121&t=1,33136
29122,data/images/orig/29122.jpg,http://johnlsayers.com/phpBB2/download/file.php?id=29122&t=1,31443
29123,data/images/orig/29123.jpg,http://johnlsayers.com/phpBB2/download/file.php?id=29123&t=1,26303
29163,data/images/orig/29163.jpg,http://johnlsayers.com/phpBB2/download/file.php?id=29163&t=1,21388
29164,data/images/orig/29164.jpg,http://johnlsayers.com/phpBB2/download/file.php?id=29164&mode=view,42519
29165,data/images/orig/29165.jpg,http://johnlsayers.com/phpBB2/download/file.php?id=29165&t=1,39659
29166,data/images/orig/29166.jpg,http://johnlsayers.com/phpBB2/download/file.php?id=29166&mode=view,61126
29167,data/images/orig/29167.jpg,http://johnlsayers.com/phpBB2/download/file.php?id=29167&t=1,17221
29196,data/images/orig/29196.jpg,http://johnlsayers.com/phpBB2/download/file.php?id=29196&t=1,17605
29209,data/images/orig/29209.jpg,http://johnlsayers.com/phpBB2/download/file.php?id=29209&mode=view,185702
29233,data/images/orig/29233.jpg,http://johnlsayers.com/phpBB2/download/file.php?id=29233&mode=view,363135
29235,data/images/orig/29235.jpg,http://johnlsayers.com/phpBB2/download/file.php?id=29235&t=1,25346
29236,data/images/orig/29236.jpg,http://johnlsayers.com/phpBB2/download/file.php?id=29236&mode=view,39360
29237,data/images/orig/29237.jpg,http://johnlsayers.com/phpBB2/download/file.php?id=29237&t=1,24512
29238,data/images/orig/29238.jpg,http://johnlsayers.com/phpBB2/download/file.php?id=29238&t=1,28862
29239,data/images/orig/29239.jpg,http://johnlsayers.com/phpBB2/download/file.php?id=29239&t=1,18262
29255,data/images/orig/29255.jpg,http://johnlsayers.com/phpBB2/download/file.php?id=29255&t=1,28115
29256,data/images/orig/29256.jpg,http://johnlsayers.com/phpBB2/download/file.php?id=29256&t=1,26728
29259,data/images/orig/29259.jpg,http://johnlsayers.com/phpBB2/download/file.php?id=29259&mode=view,187213
29261,data/images/orig/29261.jpg,http://johnlsayers.com/phpBB2/download/file.php?id=29261&mode=view,134195
29267,data/images/orig/29267.jpg,http://johnlsayers.com/phpBB2/download/file.php?id=29267&t=1,38067
29269,data/images/orig/29269.jpg,http://johnlsayers.com/phpBB2/download/file.php?id=29269&t=1,28561
29270,data/images/orig/29270.jpg,http://johnlsayers.com/phpBB2/download/file.php?id=29270&t=1,39518
29271,data/images/orig/29271.jpg,http://johnlsayers.com/phpBB2/download/file.php?id=29271,29217
29272,data/images/orig/29272.jpg,http://johnlsayers.com/phpBB2/download/file.php?id=29272&t=1,37486
29274,data/images/orig/29274.jpg,http://johnlsayers.com/phpBB2/download/file.php?id=29274&t=1,37335
29275,data/images/orig/29275.jpg,http://johnlsayers.com/phpBB2/download/file.php?id=29275&t=1,36771
29276,data/images/orig/29276.jpg,http://johnlsayers.com/phpBB2/download/file.php?id=29276&t=1,28050
29292,data/images/orig/29292.jpg,http://johnlsayers.com/phpBB2/download/file.php?id=29292&t=1,21150
29293,data/images/orig/29293.jpg,http://johnlsayers.com/phpBB2/download/file.php?id=29293&mode=view,206851
29316,data/images/orig/29316.jpg,http://johnlsayers.com/phpBB2/download/file.php?id=29316&t=1,38835
29318,data/images/orig/29318.jpg,http://johnlsayers.com/phpBB2/download/file.php?id=29318&t=1,38012
29400,data/images/orig/29400.jpg,http://johnlsayers.com/phpBB2/download/file.php?id=29400&mode=view,42353
29401,data/images/orig/29401.jpg,http://johnlsayers.com/phpBB2/download/file.php?id=29401&t=1,13450
29423,data/images/orig/29423.jpg,http://johnlsayers.com/phpBB2/download/file.php?id=29423&t=1,27287
29424,data/images/orig/29424.jpg,http://johnlsayers.com/phpBB2/download/file.php?id=29424&mode=view,43711
29425,data/images/orig/29425.jpg,http://johnlsayers.com/phpBB2/download/file.php?id=29425&t=1,24951
29426,data/images/orig/29426.jpg,http://johnlsayers.com/phpBB2/download/file.php?id=29426&t=1,27111
29427,data/images/orig/29427.jpg,http://johnlsayers.com/phpBB2/download/file.php?id=29427&mode=view,44169
29428,data/images/orig/29428.jpg,http://johnlsayers.com/phpBB2/download/file.php?id=29428&mode=view,44150
29429,data/images/orig/29429.jpg,http://johnlsayers.com/phpBB2/download/file.php?id=29429&t=1,24325
29430,data/images/orig/29430.jpg,http://johnlsayers.com/phpBB2/download/file.php?id=29430&t=1,25028
29445,data/images/orig/29445.jpg,http://johnlsayers.com/phpBB2/download/file.php?id=29445&mode=view,108310
29446,data/images/orig/29446.jpg,http://johnlsayers.com/phpBB2/download/file.php?id=29446&t=1,30564
29447,data/images/orig/29447.jpg,http://johnlsayers.com/phpBB2/download/file.php?id=29447&t=1,26283
29475,data/images/orig/29475.jpg,http://johnlsayers.com/phpBB2/download/file.php?id=29475&t=1,40305
29478,data/images/orig/29478.jpg,http://johnlsayers.com/phpBB2/download/file.php?id=29478&t=1,17208
29479,data/images/orig/29479.jpg,http://johnlsayers.com/phpBB2/download/file.php?id=29479&t=1,27210
29480,data/images/orig/29480.jpg,http://johnlsayers.com/phpBB2/download/file.php?id=29480&t=1,35956
29481,data/images/orig/29481.jpg,http://johnlsayers.com/phpBB2/download/file.php?id=29481&t=1,18018
29482,data/images/orig/29482.jpg,http://johnlsayers.com/phpBB2/download/file.php?id=29482&mode=view,140487
29483,data/images/orig/29483.jpg,http://johnlsayers.com/phpBB2/download/file.php?id=29483&t=1,38263
29488,data/images/orig/29488.jpg,http://johnlsayers.com/phpBB2/download/file.php?id=29488&mode=view,121920
29489,data/images/orig/29489.jpg,http://johnlsayers.com/phpBB2/download/file.php?id=29489&t=1,30608
29491,data/images/orig/29491.jpg,http://johnlsayers.com/phpBB2/download/file.php?id=29491&t=1,31189
29492,data/images/orig/29492.jpg,http://johnlsayers.com/phpBB2/download/file.php?id=29492&mode=view,164243
29503,data/images/orig/29503.jpg,http://johnlsayers.com/phpBB2/download/file.php?id=29503&t=1,16803
29504,data/images/orig/29504.jpg,http://johnlsayers.com/phpBB2/download/file.php?id=29504&t=1,27407
29505,data/images/orig/29505.jpg,http://johnlsayers.com/phpBB2/download/file.php?id=29505&mode=view,241648
29520,data/images/orig/29520.jpg,http://johnlsayers.com/phpBB2/download/file.php?id=29520&t=1,26212
29521,data/images/orig/29521.jpg,http://johnlsayers.com/phpBB2/download/file.php?id=29521&t=1,26121
29522,data/images/orig/29522.jpg,http://johnlsayers.com/phpBB2/download/file.php?id=29522&t=1,26540
29523,data/images/orig/29523.jpg,http://johnlsayers.com/phpBB2/download/file.php?id=29523&t=1,23508
29524,data/images/orig/29524.jpg,http://johnlsayers.com/phpBB2/download/file.php?id=29524&t=1,27187
29525,data/images/orig/29525.jpg,http://johnlsayers.com/phpBB2/download/file.php?id=29525&t=1,25094
29526,data/images/orig/29526.jpg,http://johnlsayers.com/phpBB2/download/file.php?id=29526&t=1,25141
29527,data/images/orig/29527.jpg,http://johnlsayers.com/phpBB2/download/file.php?id=29527&t=1,32503
29528,data/images/orig/29528.jpg,http://johnlsayers.com/phpBB2/download/file.php?id=29528&t=1,19966
29529,data/images/orig/29529.jpg,http://johnlsayers.com/phpBB2/download/file.php?id=29529&t=1,25296
29538,data/images/orig/29538.jpg,http://johnlsayers.com/phpBB2/download/file.php?id=29538&mode=view,184997
29550,data/images/orig/29550.jpg,http://johnlsayers.com/phpBB2/download/file.php?id=29550&mode=view,28246
29580,data/images/orig/29580.skp,http://johnlsayers.com/phpBB2/download/file.php?id=29580,123764
29586,data/images/orig/29586.skp,http://johnlsayers.com/phpBB2/download/file.php?id=29586,961518
29592,data/images/orig/29592.jpg,http://johnlsayers.com/phpBB2/download/file.php?id=29592&mode=view,106478
29593,data/images/orig/29593.jpg,http://johnlsayers.com/phpBB2/download/file.php?id=29593&t=1,45744
29594,data/images/orig/29594.jpg,http://johnlsayers.com/phpBB2/download/file.php?id=29594&t=1,20654
29595,data/images/orig/29595.jpg,http://johnlsayers.com/phpBB2/download/file.php?id=29595&t=1,30333
29596,data/images/orig/29596.jpg,http://johnlsayers.com/phpBB2/download/file.php?id=29596&t=1,49754
29597,data/images/orig/29597.jpg,http://johnlsayers.com/phpBB2/download/file.php?id=29597&t=1,35043
29598,data/images/orig/29598.jpg,http://johnlsayers.com/phpBB2/download/file.php?id=29598&t=1,44267
29599,data/images/orig/29599.jpg,http://johnlsayers.com/phpBB2/download/file.php?id=29599&mode=view,130498
29600,data/images/orig/29600.jpg,http://johnlsayers.com/phpBB2/download/file.php?id=29600&t=1,29557
29601,data/images/orig/29601.jpg,http://johnlsayers.com/phpBB2/download/file.php?id=29601&t=1,30100
29602,data/images/orig/29602.jpg,http://johnlsayers.com/phpBB2/download/file.php?id=29602&mode=view,142580
29603,data/images/orig/29603.jpg,http://johnlsayers.com/phpBB2/download/file.php?id=29603&t=1,22760
29604,data/images/orig/29604.jpg,http://johnlsayers.com/phpBB2/download/file.php?id=29604&t=1,44202
29605,data/images/orig/29605.jpg,http://johnlsayers.com/phpBB2/download/file.php?id=29605&t=1,30282
29606,data/images/orig/29606.jpg,http://johnlsayers.com/phpBB2/download/file.php?id=29606&t=1,37692
29607,data/images/orig/29607.jpg,http://johnlsayers.com/phpBB2/download/file.php?id=29607&t=1,41835
29608,data/images/orig/29608.jpg,http://johnlsayers.com/phpBB2/download/file.php?id=29608&t=1,44235
29609,data/images/orig/29609.jpg,http://johnlsayers.com/phpBB2/download/file.php?id=29609&t=1,21685
29611,data/images/orig/29611.jpg,http://johnlsayers.com/phpBB2/download/file.php?id=29611&t=1,23513
29612,data/images/orig/29612.jpg,http://johnlsayers.com/phpBB2/download/file.php?id=29612&t=1,36106
29613,data/images/orig/29613.jpg,http://johnlsayers.com/phpBB2/download/file.php?id=29613&mode=view,68260
29614,data/images/orig/29614.skp,http://johnlsayers.com/phpBB2/download/file.php?id=29614,43030
29619,data/images/orig/29619.jpg,http://johnlsayers.com/phpBB2/download/file.php?id=29619&t=1,17481
29624,data/images/orig/29624.rar,http://johnlsayers.com/phpBB2/download/file.php?id=29624,330427
29699,data/images/orig/29699.jpg,http://johnlsayers.com/phpBB2/download/file.php?id=29699&mode=view,407052
29701,data/images/orig/29701.jpg,http://johnlsayers.com/phpBB2/download/file.php?id=29701&t=1,31341
29706,data/images/orig/29706.jpg,http://johnlsayers.com/phpBB2/download/file.php?id=29706&t=1,27738
29707,data/images/orig/29707.jpg,http://johnlsayers.com/phpBB2/download/file.php?id=29707&mode=view,429632
29708,data/images/orig/29708.jpg,http://johnlsayers.com/phpBB2/download/file.php?id=29708&t=1,27028
29709,data/images/orig/29709.jpg,http://johnlsayers.com/phpBB2/download/file.php?id=29709&t=1,27965
29710,data/images/orig/29710.jpg,http://johnlsayers.com/phpBB2/download/file.php?id=29710&t=1,31140
29711,data/images/orig/29711.jpg,http://johnlsayers.com/phpBB2/download/file.php?id=29711&t=1,25176
29712,data/images/orig/29712.jpg,http://johnlsayers.com/phpBB2/download/file.php?id=29712&t=1,32998
29713,data/images/orig/29713.jpg,http://johnlsayers.com/phpBB2/download/file.php?id=29713&t=1,23050
29714,data/images/orig/29714.jpg,http://johnlsayers.com/phpBB2/download/file.php?id=29714&t=1,30113
29745,data/images/orig/29745.jpg,http://johnlsayers.com/phpBB2/download/file.php?id=29745&t=1,35948
29746,data/images/orig/29746.jpg,http://johnlsayers.com/phpBB2/download/file.php?id=29746&t=1,36179
29747,data/images/orig/29747.jpg,http://johnlsayers.com/phpBB2/download/file.php?id=29747&t=1,28938
29748,data/images/orig/29748.jpg,http://johnlsayers.com/phpBB2/download/file.php?id=29748&t=1,33452
29756,data/images/orig/29756.jpg,http://johnlsayers.com/phpBB2/download/file.php?id=29756&mode=view,375268
29757,data/images/orig/29757.jpg,http://johnlsayers.com/phpBB2/download/file.php?id=29757&t=1,25656
29758,data/images/orig/29758.jpg,http://johnlsayers.com/phpBB2/download/file.php?id=29758&mode=view,309292
29759,data/images/orig/29759.jpg,http://johnlsayers.com/phpBB2/download/file.php?id=29759&t=1,26148
29761,data/images/orig/29761.jpg,http://johnlsayers.com/phpBB2/download/file.php?id=29761&t=1,28230
29763,data/images/orig/29763.png,http://johnlsayers.com/phpBB2/download/file.php?id=29763&t=1,151288
29764,data/images/orig/29764.png,http://johnlsayers.com/phpBB2/download/file.php?id=29764&t=1,97515
29765,data/images/orig/29765.png,http://johnlsayers.com/phpBB2/download/file.php?id=29765&mode=view,78145
29768,data/images/orig/29768.jpg,http://johnlsayers.com/phpBB2/download/file.php?id=29768&mode=view,49189
29769,data/images/orig/29769.jpg,http://johnlsayers.com/phpBB2/download/file.php?id=29769&t=1,31293
29770,data/images/orig/29770.jpg,http://johnlsayers.com/phpBB2/download/file.php?id=29770&t=1,28323
29771,data/images/orig/29771.jpg,http://johnlsayers.com/phpBB2/download/file.php?id=29771&mode=view,44088
29773,data/images/orig/29773.png,http://johnlsayers.com/phpBB2/download/file.php?id=29773&t=1,75033
29774,data/images/orig/29774.jpg,http://johnlsayers.com/phpBB2/download/file.php?id=29774&t=1,14747
29775,data/images/orig/29775.jpg,http://johnlsayers.com/phpBB2/download/file.php?id=29775&mode=view,92237
29776,data/images/orig/29776.jpg,http://johnlsayers.com/phpBB2/download/file.php?id=29776&mode=view,82255
29780,data/images/orig/29780.jpg,http://johnlsayers.com/phpBB2/download/file.php?id=29780&t=1,22202
29781,data/images/orig/29781.jpg,http://johnlsayers.com/phpBB2/download/file.php?id=29781&t=1,29576
29782,data/images/orig/29782.jpg,http://johnlsayers.com/phpBB2/download/file.php?id=29782&mode=view,368878
29787,data/images/orig/29787.jpg,http://johnlsayers.com/phpBB2/download/file.php?id=29787&t=1,17153
29788,data/images/orig/29788.jpg,http://johnlsayers.com/phpBB2/download/file.php?id=29788&t=1,18274
29789,data/images/orig/29789.jpg,http://johnlsayers.com/phpBB2/download/file.php?id=29789&mode=view,47490
29790,data/images/orig/29790.jpg,http://johnlsayers.com/phpBB2/download/file.php?id=29790&t=1,25383
29791,data/images/orig/29791.jpg,http://johnlsayers.com/phpBB2/download/file.php?id=29791&t=1,20697
29792,data/images/orig/29792.jpg,http://johnlsayers.com/phpBB2/download/file.php?id=29792&mode=view,45379
29799,data/images/orig/29799.skp,http://johnlsayers.com/phpBB2/download/file.php?id=29799,122942
29817,data/images/orig/29817.jpg,http://johnlsayers.com/phpBB2/download/file.php?id=29817&t=1,29169
29843,data/images/orig/29843.jpg,http://johnlsayers.com/phpBB2/download/file.php?id=29843&mode=view,112325
29845,data/images/orig/29845.jpg,http://johnlsayers.com/phpBB2/download/file.php?id=29845&mode=view,87557
29857,data/images/orig/29857.jpg,http://johnlsayers.com/phpBB2/download/file.php?id=29857&t=1,9175
29858,data/images/orig/29858.jpg,http://johnlsayers.com/phpBB2/download/file.php?id=29858&mode=view,59687
29861,data/images/orig/29861.jpg,http://johnlsayers.com/phpBB2/download/file.php?id=29861&t=1,11548
29865,data/images/orig/29865.jpg,http://johnlsayers.com/phpBB2/download/file.php?id=29865&t=1,25190
29866,data/images/orig/29866.jpg,http://johnlsayers.com/phpBB2/download/file.php?id=29866&mode=view,34595
29867,data/images/orig/29867.jpg,http://johnlsayers.com/phpBB2/download/file.php?id=29867&t=1,11274
29883,data/images/orig/29883.jpg,http://johnlsayers.com/phpBB2/download/file.php?id=29883&mode=view,206000
29894,data/images/orig/29894.jpg,http://johnlsayers.com/phpBB2/download/file.php?id=29894&mode=view,31561
29895,data/images/orig/29895.jpg,http://johnlsayers.com/phpBB2/download/file.php?id=29895&mode=view,29968
29896,data/images/orig/29896.jpg,http://johnlsayers.com/phpBB2/download/file.php?id=29896&mode=view,30207
29897,data/images/orig/29897.jpg,http://johnlsayers.com/phpBB2/download/file.php?id=29897&t=1,21369
29902,data/images/orig/29902.jpg,http://johnlsayers.com/phpBB2/download/file.php?id=29902&mode=view,183402
29903,data/images/orig/29903.jpg,http://johnlsayers.com/phpBB2/download/file.php?id=29903&t=1,36157
29904,data/images/orig/29904.jpg,http://johnlsayers.com/phpBB2/download/file.php?id=29904&t=1,36911
29905,data/images/orig/29905.jpg,http://johnlsayers.com/phpBB2/download/file.php?id=29905&t=1,32049
29906,data/images/orig/29906.jpg,http://johnlsayers.com/phpBB2/download/file.php?id=29906&t=1,38687
29907,data/images/orig/29907.jpg,http://johnlsayers.com/phpBB2/download/file.php?id=29907&t=1,35571
29908,data/images/orig/29908.jpg,http://johnlsayers.com/phpBB2/download/file.php?id=29908&t=1,32147
29909,data/images/orig/29909.jpg,http://johnlsayers.com/phpBB2/download/file.php?id=29909&t=1,31197
29910,data/images/orig/29910.jpg,http://johnlsayers.com/phpBB2/download/file.php?id=29910&t=1,38427
29922,data/images/orig/29922.jpg,http://johnlsayers.com/phpBB2/download/file.php?id=29922&t=1,19718
29924,data/images/orig/29924.jpg,http://johnlsayers.com/phpBB2/download/file.php?id=29924&t=1,13715
29929,data/images/orig/29929.jpg,http://johnlsayers.com/phpBB2/download/file.php?id=29929&t=1,22630
29930,data/images/orig/29930.jpg,http://johnlsayers.com/phpBB2/download/file.php?id=29930&mode=view,128673
29932,data/images/orig/29932.jpg,http://johnlsayers.com/phpBB2/download/file.php?id=29932&t=1,38709
29934,data/images/orig/29934.jpg,http://johnlsayers.com/phpBB2/download/file.php?id=29934&t=1,33701
29935,data/images/orig/29935.jpg,http://johnlsayers.com/phpBB2/download/file.php?id=29935&t=1,25195
29937,data/images/orig/29937.jpg,http://johnlsayers.com/phpBB2/download/file.php?id=29937&mode=view,40459
29938,data/images/orig/29938.jpg,http://johnlsayers.com/phpBB2/download/file.php?id=29938&mode=view,49742
29971,data/images/orig/29971.jpg,http://johnlsayers.com/phpBB2/download/file.php?id=29971&t=1,22988
29972,data/images/orig/29972.jpg,http://johnlsayers.com/phpBB2/download/file.php?id=29972&t=1,22671
29973,data/images/orig/29973.jpg,http://johnlsayers.com/phpBB2/download/file.php?id=29973&t=1,34506
29974,data/images/orig/29974.jpg,http://johnlsayers.com/phpBB2/download/file.php?id=29974&t=1,29932
29978,data/images/orig/29978.jpg,http://johnlsayers.com/phpBB2/download/file.php?id=29978&t=1,32413
29979,data/images/orig/29979.jpg,http://johnlsayers.com/phpBB2/download/file.php?id=29979&t=1,21380
29980,data/images/orig/29980.jpg,http://johnlsayers.com/phpBB2/download/file.php?id=29980&t=1,29296
29981,data/images/orig/29981.jpg,http://johnlsayers.com/phpBB2/download/file.php?id=29981&t=1,32802
29982,data/images/orig/29982.jpg,http://johnlsayers.com/phpBB2/download/file.php?id=29982&t=1,25405
29983,data/images/orig/29983.jpg,http://johnlsayers.com/phpBB2/download/file.php?id=29983&t=1,27789
29984,data/images/orig/29984.jpg,http://johnlsayers.com/phpBB2/download/file.php?id=29984&t=1,35070
29985,data/images/orig/29985.jpg,http://johnlsayers.com/phpBB2/download/file.php?id=29985&t=1,25463
29986,data/images/orig/29986.jpg,http://johnlsayers.com/phpBB2/download/file.php?id=29986&t=1,30040
29987,data/images/orig/29987.jpg,http://johnlsayers.com/phpBB2/download/file.php?id=29987&t=1,28161
29988,data/images/orig/29988.jpg,http://johnlsayers.com/phpBB2/download/file.php?id=29988&t=1,27150
29989,data/images/orig/29989.jpg,http://johnlsayers.com/phpBB2/download/file.php?id=29989&t=1,33741
29990,data/images/orig/29990.jpg,http://johnlsayers.com/phpBB2/download/file.php?id=29990&t=1,20767
29991,data/images/orig/29991.jpg,http://johnlsayers.com/phpBB2/download/file.php?id=29991&t=1,22654
29993,data/images/orig/29993.jpg,http://johnlsayers.com/phpBB2/download/file.php?id=29993&mode=view,82104
29994,data/images/orig/29994.jpg,http://johnlsayers.com/phpBB2/download/file.php?id=29994&mode=view,92566
29995,data/images/orig/29995.jpg,http://johnlsayers.com/phpBB2/download/file.php?id=29995&mode=view,122875
29996,data/images/orig/29996.jpg,http://johnlsayers.com/phpBB2/download/file.php?id=29996&mode=view,60661
29999,data/images/orig/29999.jpg,http://johnlsayers.com/phpBB2/download/file.php?id=29999&mode=view,115926
30009,data/images/orig/30009.jpg,http://johnlsayers.com/phpBB2/download/file.php?id=30009&t=1,19958
30010,data/images/orig/30010.jpg,http://johnlsayers.com/phpBB2/download/file.php?id=30010&mode=view,344218
30038,data/images/orig/30038.jpg,http://johnlsayers.com/phpBB2/download/file.php?id=30038&t=1,19263
30040,data/images/orig/30040.jpg,http://johnlsayers.com/phpBB2/download/file.php?id=30040&mode=view,28641
30043,data/images/orig/30043.jpg,http://johnlsayers.com/phpBB2/download/file.php?id=30043&t=1,17108
30044,data/images/orig/30044.jpg,http://johnlsayers.com/phpBB2/download/file.php?id=30044&t=1,19769
30045,data/images/orig/30045.jpg,http://johnlsayers.com/phpBB2/download/file.php?id=30045&mode=view,28090
30046,data/images/orig/30046.jpg,http://johnlsayers.com/phpBB2/download/file.php?id=30046&mode=view,81991
30048,data/images/orig/30048.jpg,http://johnlsayers.com/phpBB2/download/file.php?id=30048&mode=view,33859
30049,data/images/orig/30049.jpg,http://johnlsayers.com/phpBB2/download/file.php?id=30049&t=1,24479
30051,data/images/orig/30051.jpg,http://johnlsayers.com/phpBB2/download/file.php?id=30051&t=1,19150
30052,data/images/orig/30052.jpg,http://johnlsayers.com/phpBB2/download/file.php?id=30052&mode=view,37251
30053,data/images/orig/30053.jpg,http://johnlsayers.com/phpBB2/download/file.php?id=30053&mode=view,78704
30054,data/images/orig/30054.png,http://johnlsayers.com/phpBB2/download/file.php?id=30054&mode=view,396727
30055,data/images/orig/30055.png,http://johnlsayers.com/phpBB2/download/file.php?id=30055&mode=view,434793
30056,data/images/orig/30056.jpg,http://johnlsayers.com/phpBB2/download/file.php?id=30056&mode=view,281137
30057,data/images/orig/30057.jpg,http://johnlsayers.com/phpBB2/download/file.php?id=30057&t=1,26088
30058,data/images/orig/30058.jpg,http://johnlsayers.com/phpBB2/download/file.php?id=30058&t=1,29720
30059,data/images/orig/30059.jpg,http://johnlsayers.com/phpBB2/download/file.php?id=30059&t=1,16400
30067,data/images/orig/30067.jpg,http://johnlsayers.com/phpBB2/download/file.php?id=30067&t=1,53255
30068,data/images/orig/30068.jpg,http://johnlsayers.com/phpBB2/download/file.php?id=30068&t=1,48637
30069,data/images/orig/30069.jpg,http://johnlsayers.com/phpBB2/download/file.php?id=30069&t=1,25008
30070,data/images/orig/30070.jpg,http://johnlsayers.com/phpBB2/download/file.php?id=30070&t=1,30491
30071,data/images/orig/30071.jpg,http://johnlsayers.com/phpBB2/download/file.php?id=30071&t=1,34902
30072,data/images/orig/30072.jpg,http://johnlsayers.com/phpBB2/download/file.php?id=30072&t=1,25699
30073,data/images/orig/30073.jpg,http://johnlsayers.com/phpBB2/download/file.php?id=30073&t=1,22750
30074,data/images/orig/30074.jpg,http://johnlsayers.com/phpBB2/download/file.php?id=30074&t=1,30417
30085,data/images/orig/30085.jpg,http://johnlsayers.com/phpBB2/download/file.php?id=30085&t=1,21816
30086,data/images/orig/30086.jpg,http://johnlsayers.com/phpBB2/download/file.php?id=30086&mode=view,45770
30087,data/images/orig/30087.jpg,http://johnlsayers.com/phpBB2/download/file.php?id=30087&mode=view,38327
30088,data/images/orig/30088.jpg,http://johnlsayers.com/phpBB2/download/file.php?id=30088&mode=view,50048
30089,data/images/orig/30089.jpg,http://johnlsayers.com/phpBB2/download/file.php?id=30089&mode=view,51010
30090,data/images/orig/30090.jpg,http://johnlsayers.com/phpBB2/download/file.php?id=30090&mode=view,44269
30091,data/images/orig/30091.jpg,http://johnlsayers.com/phpBB2/download/file.php?id=30091&mode=view,207550
30093,data/images/orig/30093.jpg,http://johnlsayers.com/phpBB2/download/file.php?id=30093&mode=view,201423
30096,data/images/orig/30096.jpg,http://johnlsayers.com/phpBB2/download/file.php?id=30096&t=1,17071
30097,data/images/orig/30097.jpg,http://johnlsayers.com/phpBB2/download/file.php?id=30097&t=1,16834
30099,data/images/orig/30099.jpg,http://johnlsayers.com/phpBB2/download/file.php?id=30099&mode=view,69335
30100,data/images/orig/30100.jpg,http://johnlsayers.com/phpBB2/download/file.php?id=30100&t=1,16997
30106,data/images/orig/30106.jpg,http://johnlsayers.com/phpBB2/download/file.php?id=30106&t=1,30996
30185,data/images/orig/30185.jpg,http://johnlsayers.com/phpBB2/download/file.php?id=30185&t=1,21709
30188,data/images/orig/30188.jpg,http://johnlsayers.com/phpBB2/download/file.php?id=30188&mode=view,43478
30189,data/images/orig/30189.jpg,http://johnlsayers.com/phpBB2/download/file.php?id=30189&t=1,24984
30190,data/images/orig/30190.jpg,http://johnlsayers.com/phpBB2/download/file.php?id=30190&mode=view,35899
30191,data/images/orig/30191.jpg,http://johnlsayers.com/phpBB2/download/file.php?id=30191&t=1,20661
30192,data/images/orig/30192.jpg,http://johnlsayers.com/phpBB2/download/file.php?id=30192&mode=view,45061
30195,data/images/orig/30195.jpg,http://johnlsayers.com/phpBB2/download/file.php?id=30195&t=1,17787
30196,data/images/orig/30196.jpg,http://johnlsayers.com/phpBB2/download/file.php?id=30196&mode=view,286211
30205,data/images/orig/30205.jpg,http://johnlsayers.com/phpBB2/download/file.php?id=30205&mode=view,55043
30206,data/images/orig/30206.jpg,http://johnlsayers.com/phpBB2/download/file.php?id=30206&t=1,31901
30207,data/images/orig/30207.jpg,http://johnlsayers.com/phpBB2/download/file.php?id=30207&mode=view,49743
30208,data/images/orig/30208.jpg,http://johnlsayers.com/phpBB2/download/file.php?id=30208&mode=view,57218
30209,data/images/orig/30209.jpg,http://johnlsayers.com/phpBB2/download/file.php?id=30209&t=1,23787
30210,data/images/orig/30210.jpg,http://johnlsayers.com/phpBB2/download/file.php?id=30210&mode=view,77549
30211,data/images/orig/30211.jpg,http://johnlsayers.com/phpBB2/download/file.php?id=30211&mode=view,36496
30212,data/images/orig/30212.jpg,http://johnlsayers.com/phpBB2/download/file.php?id=30212&mode=view,45844
30213,data/images/orig/30213.jpg,http://johnlsayers.com/phpBB2/download/file.php?id=30213&t=1,25588
30220,data/images/orig/30220.jpg,http://johnlsayers.com/phpBB2/download/file.php?id=30220&t=1,16543
30223,data/images/orig/30223.jpg,http://johnlsayers.com/phpBB2/download/file.php?id=30223&t=1,19732
30239,data/images/orig/30239.jpg,http://johnlsayers.com/phpBB2/download/file.php?id=30239&mode=view,112529
30242,data/images/orig/30242.jpg,http://johnlsayers.com/phpBB2/download/file.php?id=30242&mode=view,116716
30243,data/images/orig/30243.jpg,http://johnlsayers.com/phpBB2/download/file.php?id=30243&mode=view,119216
30250,data/images/orig/30250.jpg,http://johnlsayers.com/phpBB2/download/file.php?id=30250&t=1,17063
30252,data/images/orig/30252.jpg,http://johnlsayers.com/phpBB2/download/file.php?id=30252&mode=view,84691
30254,data/images/orig/30254.jpg,http://johnlsayers.com/phpBB2/download/file.php?id=30254&t=1,27948
30255,data/images/orig/30255.jpg,http://johnlsayers.com/phpBB2/download/file.php?id=30255&t=1,16686
30257,data/images/orig/30257.jpg,http://johnlsayers.com/phpBB2/download/file.php?id=30257&t=1,17826
30260,data/images/orig/30260.jpg,http://johnlsayers.com/phpBB2/download/file.php?id=30260&t=1,30295
30263,data/images/orig/30263.jpg,http://johnlsayers.com/phpBB2/download/file.php?id=30263&t=1,37018
30264,data/images/orig/30264.jpg,http://johnlsayers.com/phpBB2/download/file.php?id=30264&t=1,31824
30265,data/images/orig/30265.jpg,http://johnlsayers.com/phpBB2/download/file.php?id=30265&t=1,31629
30266,data/images/orig/30266.jpg,http://johnlsayers.com/phpBB2/download/file.php?id=30266&t=1,25662
30274,data/images/orig/30274.jpg,http://johnlsayers.com/phpBB2/download/file.php?id=30274&t=1,20018
30281,data/images/orig/30281.jpg,http://johnlsayers.com/phpBB2/download/file.php?id=30281&t=1,23918
30282,data/images/orig/30282.jpg,http://johnlsayers.com/phpBB2/download/file.php?id=30282&t=1,18015
30283,data/images/orig/30283.jpg,http://johnlsayers.com/phpBB2/download/file.php?id=30283&t=1,48097
30284,data/images/orig/30284.jpg,http://johnlsayers.com/phpBB2/download/file.php?id=30284&t=1,36322
30285,data/images/orig/30285.jpg,http://johnlsayers.com/phpBB2/download/file.php?id=30285&t=1,40105
30286,data/images/orig/30286.jpg,http://johnlsayers.com/phpBB2/download/file.php?id=30286&t=1,47999
30291,data/images/orig/30291.jpg,http://johnlsayers.com/phpBB2/download/file.php?id=30291&t=1,32165
30292,data/images/orig/30292.jpg,http://johnlsayers.com/phpBB2/download/file.php?id=30292&t=1,42862
30293,data/images/orig/30293.jpg,http://johnlsayers.com/phpBB2/download/file.php?id=30293&t=1,23141
30300,data/images/orig/30300.jpg,http://johnlsayers.com/phpBB2/download/file.php?id=30300&t=1,26725
30302,data/images/orig/30302.jpg,http://johnlsayers.com/phpBB2/download/file.php?id=30302&t=1,21388
30303,data/images/orig/30303.jpg,http://johnlsayers.com/phpBB2/download/file.php?id=30303&t=1,28579
30304,data/images/orig/30304.jpg,http://johnlsayers.com/phpBB2/download/file.php?id=30304&t=1,25834
30305,data/images/orig/30305.jpg,http://johnlsayers.com/phpBB2/download/file.php?id=30305&t=1,27268
30306,data/images/orig/30306.jpg,http://johnlsayers.com/phpBB2/download/file.php?id=30306&t=1,24754
30307,data/images/orig/30307.jpg,http://johnlsayers.com/phpBB2/download/file.php?id=30307&t=1,23114
30316,data/images/orig/30316.jpg,http://johnlsayers.com/phpBB2/download/file.php?id=30316&mode=view,37042
30317,data/images/orig/30317.jpg,http://johnlsayers.com/phpBB2/download/file.php?id=30317&mode=view,42536
30318,data/images/orig/30318.jpg,http://johnlsayers.com/phpBB2/download/file.php?id=30318&mode=view,71473
30319,data/images/orig/30319.jpg,http://johnlsayers.com/phpBB2/download/file.php?id=30319&t=1,23649
30320,data/images/orig/30320.jpg,http://johnlsayers.com/phpBB2/download/file.php?id=30320&mode=view,50637
30321,data/images/orig/30321.jpg,http://johnlsayers.com/phpBB2/download/file.php?id=30321&mode=view,54979
30334,data/images/orig/30334.jpg,http://johnlsayers.com/phpBB2/download/file.php?id=30334&t=1,41483
30335,data/images/orig/30335.jpg,http://johnlsayers.com/phpBB2/download/file.php?id=30335&t=1,29664
30355,data/images/orig/30355.gif,http://johnlsayers.com/phpBB2/download/file.php?id=30355&t=1,24865
30358,data/images/orig/30358.jpg,http://johnlsayers.com/phpBB2/download/file.php?id=30358&mode=view,213028
30359,data/images/orig/30359.jpg,http://johnlsayers.com/phpBB2/download/file.php?id=30359&mode=view,141829
30363,data/images/orig/30363.jpg,http://johnlsayers.com/phpBB2/download/file.php?id=30363&t=1,14838
30364,data/images/orig/30364.jpg,http://johnlsayers.com/phpBB2/download/file.php?id=30364&t=1,25111
30365,data/images/orig/30365.jpg,http://johnlsayers.com/phpBB2/download/file.php?id=30365&t=1,29844
30366,data/images/orig/30366.jpg,http://johnlsayers.com/phpBB2/download/file.php?id=30366&t=1,17685
30367,data/images/orig/30367.jpg,http://johnlsayers.com/phpBB2/download/file.php?id=30367&t=1,14931
30368,data/images/orig/30368.jpg,http://johnlsayers.com/phpBB2/download/file.php?id=30368&t=1,9458
30369,data/images/orig/30369.jpg,http://johnlsayers.com/phpBB2/download/file.php?id=30369&t=1,22788
30370,data/images/orig/30370.jpg,http://johnlsayers.com/phpBB2/download/file.php?id=30370&t=1,28397
30371,data/images/orig/30371.jpg,http://johnlsayers.com/phpBB2/download/file.php?id=30371&t=1,12937
30372,data/images/orig/30372.jpg,http://johnlsayers.com/phpBB2/download/file.php?id=30372&t=1,11240
30377,data/images/orig/30377.jpg,http://johnlsayers.com/phpBB2/download/file.php?id=30377&t=1,23509
30378,data/images/orig/30378.jpg,http://johnlsayers.com/phpBB2/download/file.php?id=30378&t=1,24014
30379,data/images/orig/30379.jpg,http://johnlsayers.com/phpBB2/download/file.php?id=30379&t=1,26994
30380,data/images/orig/30380.jpg,http://johnlsayers.com/phpBB2/download/file.php?id=30380&mode=view,45260
30381,data/images/orig/30381.jpg,http://johnlsayers.com/phpBB2/download/file.php?id=30381&t=1,28002
30382,data/images/orig/30382.jpg,http://johnlsayers.com/phpBB2/download/file.php?id=30382&mode=view,54772
30385,data/images/orig/30385.jpg,http://johnlsayers.com/phpBB2/download/file.php?id=30385,11587
30389,data/images/orig/30389.jpg,http://johnlsayers.com/phpBB2/download/file.php?id=30389&t=1,42217
30393,data/images/orig/30393.jpg,http://johnlsayers.com/phpBB2/download/file.php?id=30393&mode=view,312407
30394,data/images/orig/30394.jpg,http://johnlsayers.com/phpBB2/download/file.php?id=30394&t=1,22764
30395,data/images/orig/30395.jpg,http://johnlsayers.com/phpBB2/download/file.php?id=30395&t=1,22580
30396,data/images/orig/30396.jpg,http://johnlsayers.com/phpBB2/download/file.php?id=30396&mode=view,243742
30399,data/images/orig/30399.png,http://johnlsayers.com/phpBB2/download/file.php?id=30399&mode=view,59520
30401,data/images/orig/30401.jpg,http://johnlsayers.com/phpBB2/download/file.php?id=30401&mode=view,108762
30402,data/images/orig/30402.jpg,http://johnlsayers.com/phpBB2/download/file.php?id=30402&mode=view,123837
30403,data/images/orig/30403.jpg,http://johnlsayers.com/phpBB2/download/file.php?id=30403&mode=view,105942
30404,data/images/orig/30404.jpg,http://johnlsayers.com/phpBB2/download/file.php?id=30404&mode=view,134956
30420,data/images/orig/30420.jpg,http://johnlsayers.com/phpBB2/download/file.php?id=30420&mode=view,401012
30421,data/images/orig/30421.jpg,http://johnlsayers.com/phpBB2/download/file.php?id=30421&mode=view,103860
30425,data/images/orig/30425.jpg,http://johnlsayers.com/phpBB2/download/file.php?id=30425&t=1,25452
30426,data/images/orig/30426.jpg,http://johnlsayers.com/phpBB2/download/file.php?id=30426&t=1,27054
30434,data/images/orig/30434.jpg,http://johnlsayers.com/phpBB2/download/file.php?id=30434&t=1,25482
30435,data/images/orig/30435.jpg,http://johnlsayers.com/phpBB2/download/file.php?id=30435&mode=view,50061
30436,data/images/orig/30436.jpg,http://johnlsayers.com/phpBB2/download/file.php?id=30436&t=1,38902
30437,data/images/orig/30437.jpg,http://johnlsayers.com/phpBB2/download/file.php?id=30437&mode=view,38487
30440,data/images/orig/30440.jpg,http://johnlsayers.com/phpBB2/download/file.php?id=30440&t=1,29032
30441,data/images/orig/30441.jpg,http://johnlsayers.com/phpBB2/download/file.php?id=30441&t=1,23932
30442,data/images/orig/30442.jpg,http://johnlsayers.com/phpBB2/download/file.php?id=30442&t=1,29777
30443,data/images/orig/30443.jpg,http://johnlsayers.com/phpBB2/download/file.php?id=30443&t=1,29105
30445,data/images/orig/30445.jpg,http://johnlsayers.com/phpBB2/download/file.php?id=30445&mode=view,40520
30446,data/images/orig/30446.jpg,http://johnlsayers.com/phpBB2/download/file.php?id=30446&t=1,30956
30447,data/images/orig/30447.jpg,http://johnlsayers.com/phpBB2/download/file.php?id=30447&t=1,29284
30448,data/images/orig/30448.jpg,http://johnlsayers.com/phpBB2/download/file.php?id=30448&t=1,31127
30449,data/images/orig/30449.jpg,http://johnlsayers.com/phpBB2/download/file.php?id=30449&t=1,32428
30450,data/images/orig/30450.jpg,http://johnlsayers.com/phpBB2/download/file.php?id=30450&t=1,32456
30453,data/images/orig/30453.jpg,http://johnlsayers.com/phpBB2/download/file.php?id=30453&mode=view,79001
30461,data/images/orig/30461.jpg,http://johnlsayers.com/phpBB2/download/file.php?id=30461&mode=view,73657
30462,data/images/orig/30462.jpg,http://johnlsayers.com/phpBB2/download/file.php?id=30462&t=1,24960
30463,data/images/orig/30463.jpg,http://johnlsayers.com/phpBB2/download/file.php?id=30463&t=1,20683
30464,data/images/orig/30464.jpg,http://johnlsayers.com/phpBB2/download/file.php?id=30464&mode=view,67431
30465,data/images/orig/30465.jpg,http://johnlsayers.com/phpBB2/download/file.php?id=30465&t=1,20259
30466,data/images/orig/30466.jpg,http://johnlsayers.com/phpBB2/download/file.php?id=30466&t=1,34172
30467,data/images/orig/30467.jpg,http://johnlsayers.com/phpBB2/download/file.php?id=30467&mode=view,69876
30469,data/images/orig/30469.jpg,http://johnlsayers.com/phpBB2/download/file.php?id=30469&t=1,17429
30470,data/images/orig/30470.jpg,http://johnlsayers.com/phpBB2/download/file.php?id=30470&mode=view,75949
30471,data/images/orig/30471.jpg,http://johnlsayers.com/phpBB2/download/file.php?id=30471&t=1,15004
30475,data/images/orig/30475.jpg,http://johnlsayers.com/phpBB2/download/file.php?id=30475&t=1,35439
30476,data/images/orig/30476.jpg,http://johnlsayers.com/phpBB2/download/file.php?id=30476&mode=view,74098
30477,data/images/orig/30477.jpg,http://johnlsayers.com/phpBB2/download/file.php?id=30477&t=1,23817
30479,data/images/orig/30479.jpg,http://johnlsayers.com/phpBB2/download/file.php?id=30479&t=1,17807
30482,data/images/orig/30482.jpg,http://johnlsayers.com/phpBB2/download/file.php?id=30482&t=1,24765
30492,data/images/orig/30492.jpg,http://johnlsayers.com/phpBB2/download/file.php?id=30492&mode=view,66332
30493,data/images/orig/30493.jpg,http://johnlsayers.com/phpBB2/download/file.php?id=30493&t=1,25464
30494,data/images/orig/30494.jpg,http://johnlsayers.com/phpBB2/download/file.php?id=30494&mode=view,73837
30495,data/images/orig/30495.jpg,http://johnlsayers.com/phpBB2/download/file.php?id=30495&t=1,26600
30496,data/images/orig/30496.jpg,http://johnlsayers.com/phpBB2/download/file.php?id=30496&t=1,24665
30497,data/images/orig/30497.jpg,http://johnlsayers.com/phpBB2/download/file.php?id=30497&t=1,15618
30512,data/images/orig/30512.skp,http://johnlsayers.com/phpBB2/download/file.php?id=30512,93957
30524,data/images/orig/30524.jpg,http://johnlsayers.com/phpBB2/download/file.php?id=30524&t=1,19837
30525,data/images/orig/30525.jpg,http://johnlsayers.com/phpBB2/download/file.php?id=30525&mode=view,159089
30526,data/images/orig/30526.jpg,http://johnlsayers.com/phpBB2/download/file.php?id=30526&mode=view,189862
30528,data/images/orig/30528.jpg,http://johnlsayers.com/phpBB2/download/file.php?id=30528&t=1,38664
30529,data/images/orig/30529.jpg,http://johnlsayers.com/phpBB2/download/file.php?id=30529&t=1,41153
30573,data/images/orig/30573.skp,http://johnlsayers.com/phpBB2/download/file.php?id=30573,133443
30574,data/images/orig/30574.png,http://johnlsayers.com/phpBB2/download/file.php?id=30574,109864
30575,data/images/orig/30575.png,http://johnlsayers.com/phpBB2/download/file.php?id=30575,106761
30576,data/images/orig/30576.png,http://johnlsayers.com/phpBB2/download/file.php?id=30576,105178
30592,data/images/orig/30592.jpg,http://johnlsayers.com/phpBB2/download/file.php?id=30592&mode=view,128166
30593,data/images/orig/30593.jpg,http://johnlsayers.com/phpBB2/download/file.php?id=30593&mode=view,128193
30594,data/images/orig/30594.jpg,http://johnlsayers.com/phpBB2/download/file.php?id=30594&t=1,45708
30597,data/images/orig/30597.jpg,http://johnlsayers.com/phpBB2/download/file.php?id=30597&t=1,23965
30598,data/images/orig/30598.jpg,http://johnlsayers.com/phpBB2/download/file.php?id=30598&mode=view,127376
30599,data/images/orig/30599.jpg,http://johnlsayers.com/phpBB2/download/file.php?id=30599&t=1,23944
30602,data/images/orig/30602.jpg,http://johnlsayers.com/phpBB2/download/file.php?id=30602&t=1,28532
30603,data/images/orig/30603.jpg,http://johnlsayers.com/phpBB2/download/file.php?id=30603&mode=view,143731
30605,data/images/orig/30605.jpg,http://johnlsayers.com/phpBB2/download/file.php?id=30605&t=1,26987
30607,data/images/orig/30607.jpg,http://johnlsayers.com/phpBB2/download/file.php?id=30607&mode=view,94791
30609,data/images/orig/30609.jpg,http://johnlsayers.com/phpBB2/download/file.php?id=30609&t=1,11225
30610,data/images/orig/30610.jpg,http://johnlsayers.com/phpBB2/download/file.php?id=30610&t=1,23285
30613,data/images/orig/30613.jpg,http://johnlsayers.com/phpBB2/download/file.php?id=30613&mode=view,212593
30658,data/images/orig/30658.jpg,http://johnlsayers.com/phpBB2/download/file.php?id=30658&t=1,13560
30659,data/images/orig/30659.jpg,http://johnlsayers.com/phpBB2/download/file.php?id=30659&mode=view,63728
30660,data/images/orig/30660.jpg,http://johnlsayers.com/phpBB2/download/file.php?id=30660&t=1,12809
30661,data/images/orig/30661.jpg,http://johnlsayers.com/phpBB2/download/file.php?id=30661&t=1,12198
30662,data/images/orig/30662.jpg,http://johnlsayers.com/phpBB2/download/file.php?id=30662&mode=view,36125
30663,data/images/orig/30663.jpg,http://johnlsayers.com/phpBB2/download/file.php?id=30663&t=1,13409
30666,data/images/orig/30666.skp,http://johnlsayers.com/phpBB2/download/file.php?id=30666,434720
30675,data/images/orig/30675.bmp,http://johnlsayers.com/phpBB2/download/file.php?id=30675,433974
30689,data/images/orig/30689.jpg,http://johnlsayers.com/phpBB2/download/file.php?id=30689&mode=view,327618
30690,data/images/orig/30690.jpg,http://johnlsayers.com/phpBB2/download/file.php?id=30690&t=1,32906
30691,data/images/orig/30691.jpg,http://johnlsayers.com/phpBB2/download/file.php?id=30691&t=1,26137
30692,data/images/orig/30692.jpg,http://johnlsayers.com/phpBB2/download/file.php?id=30692&t=1,15778
30693,data/images/orig/30693.jpg,http://johnlsayers.com/phpBB2/download/file.php?id=30693&t=1,27532
30694,data/images/orig/30694.jpg,http://johnlsayers.com/phpBB2/download/file.php?id=30694&mode=view,429316
30695,data/images/orig/30695.jpg,http://johnlsayers.com/phpBB2/download/file.php?id=30695&mode=view,81191
30696,data/images/orig/30696.jpg,http://johnlsayers.com/phpBB2/download/file.php?id=30696&t=1,30248
30697,data/images/orig/30697.jpg,http://johnlsayers.com/phpBB2/download/file.php?id=30697&mode=view,108952
30698,data/images/orig/30698.jpg,http://johnlsayers.com/phpBB2/download/file.php?id=30698&t=1,37192
30699,data/images/orig/30699.jpg,http://johnlsayers.com/phpBB2/download/file.php?id=30699&mode=view,100906
30700,data/images/orig/30700.jpg,http://johnlsayers.com/phpBB2/download/file.php?id=30700&t=1,34653
30704,data/images/orig/30704.jpg,http://johnlsayers.com/phpBB2/download/file.php?id=30704&mode=view,150583
30705,data/images/orig/30705.jpg,http://johnlsayers.com/phpBB2/download/file.php?id=30705&mode=view,148278
30706,data/images/orig/30706.jpg,http://johnlsayers.com/phpBB2/download/file.php?id=30706&mode=view,150135
30707,data/images/orig/30707.jpg,http://johnlsayers.com/phpBB2/download/file.php?id=30707&mode=view,103850
30709,data/images/orig/30709.jpg,http://johnlsayers.com/phpBB2/download/file.php?id=30709&t=1,18027
30710,data/images/orig/30710.jpg,http://johnlsayers.com/phpBB2/download/file.php?id=30710&t=1,17056
30711,data/images/orig/30711.jpg,http://johnlsayers.com/phpBB2/download/file.php?id=30711&t=1,16761
30717,data/images/orig/30717.jpg,http://johnlsayers.com/phpBB2/download/file.php?id=30717&mode=view,86445
30718,data/images/orig/30718.jpg,http://johnlsayers.com/phpBB2/download/file.php?id=30718&t=1,16660
30720,data/images/orig/30720.jpg,http://johnlsayers.com/phpBB2/download/file.php?id=30720&mode=view,328205
30721,data/images/orig/30721.jpg,http://johnlsayers.com/phpBB2/download/file.php?id=30721&mode=view,324997
30723,data/images/orig/30723.jpg,http://johnlsayers.com/phpBB2/download/file.php?id=30723&t=1,30129
30736,data/images/orig/30736.jpg,http://johnlsayers.com/phpBB2/download/file.php?id=30736&mode=view,166053
30741,data/images/orig/30741.jpg,http://johnlsayers.com/phpBB2/download/file.php?id=30741&t=1,20393
30743,data/images/orig/30743.jpg,http://johnlsayers.com/phpBB2/download/file.php?id=30743&t=1,21561
30744,data/images/orig/30744.jpg,http://johnlsayers.com/phpBB2/download/file.php?id=30744&t=1,31290
30765,data/images/orig/30765.jpg,http://johnlsayers.com/phpBB2/download/file.php?id=30765&mode=view,229420
30772,data/images/orig/30772.jpg,http://johnlsayers.com/phpBB2/download/file.php?id=30772&t=1,16002
30773,data/images/orig/30773.jpg,http://johnlsayers.com/phpBB2/download/file.php?id=30773&t=1,17071
30774,data/images/orig/30774.jpg,http://johnlsayers.com/phpBB2/download/file.php?id=30774&mode=view,62785
30775,data/images/orig/30775.jpg,http://johnlsayers.com/phpBB2/download/file.php?id=30775&t=1,16351
30781,data/images/orig/30781.png,http://johnlsayers.com/phpBB2/download/file.php?id=30781&mode=view,502368
30782,data/images/orig/30782.png,http://johnlsayers.com/phpBB2/download/file.php?id=30782&t=1,193744
30783,data/images/orig/30783.png,http://johnlsayers.com/phpBB2/download/file.php?id=30783&mode=view,376274
30789,data/images/orig/30789.jpg,http://johnlsayers.com/phpBB2/download/file.php?id=30789&t=1,35805
30796,data/images/orig/30796.jpg,http://johnlsayers.com/phpBB2/download/file.php?id=30796&t=1,25947
30797,data/images/orig/30797.jpg,http://johnlsayers.com/phpBB2/download/file.php?id=30797&mode=view,98343
30798,data/images/orig/30798.jpg,http://johnlsayers.com/phpBB2/download/file.php?id=30798&t=1,24156
30799,data/images/orig/30799.jpg,http://johnlsayers.com/phpBB2/download/file.php?id=30799&mode=view,92049
30803,data/images/orig/30803.png,http://johnlsayers.com/phpBB2/download/file.php?id=30803&t=1,150649
30810,data/images/orig/30810.jpg,http://johnlsayers.com/phpBB2/download/file.php?id=30810&t=1,25502
30811,data/images/orig/30811.jpg,http://johnlsayers.com/phpBB2/download/file.php?id=30811&mode=view,61112
30812,data/images/orig/30812.jpg,http://johnlsayers.com/phpBB2/download/file.php?id=30812&mode=view,50352
30813,data/images/orig/30813.jpg,http://johnlsayers.com/phpBB2/download/file.php?id=30813&mode=view,54602
30814,data/images/orig/30814.jpg,http://johnlsayers.com/phpBB2/download/file.php?id=30814&t=1,29554
30815,data/images/orig/30815.jpg,http://johnlsayers.com/phpBB2/download/file.php?id=30815&t=1,29007
30816,data/images/orig/30816.jpg,http://johnlsayers.com/phpBB2/download/file.php?id=30816&mode=view,51808
30817,data/images/orig/30817.jpg,http://johnlsayers.com/phpBB2/download/file.php?id=30817&t=1,17784
30827,data/images/orig/30827.png,http://johnlsayers.com/phpBB2/download/file.php?id=30827,81870
30839,data/images/orig/30839.jpg,http://johnlsayers.com/phpBB2/download/file.php?id=30839&mode=view,32631
30841,data/images/orig/30841.jpg,http://johnlsayers.com/phpBB2/download/file.php?id=30841&mode=view,32631
30843,data/images/orig/30843.jpg,http://johnlsayers.com/phpBB2/download/file.php?id=30843&t=1,21164
30859,data/images/orig/30859.jpg,http://johnlsayers.com/phpBB2/download/file.php?id=30859&mode=view,208384
30889,data/images/orig/30889.jpg,http://johnlsayers.com/phpBB2/download/file.php?id=30889&mode=view,195699
30890,data/images/orig/30890.jpg,http://johnlsayers.com/phpBB2/download/file.php?id=30890&mode=view,195226
30918,data/images/orig/30918.png,http://johnlsayers.com/phpBB2/download/file.php?id=30918&mode=view,394789
30927,data/images/orig/30927.jpg,http://johnlsayers.com/phpBB2/download/file.php?id=30927&t=1,26843
30928,data/images/orig/30928.jpg,http://johnlsayers.com/phpBB2/download/file.php?id=30928&t=1,28963
30929,data/images/orig/30929.jpg,http://johnlsayers.com/phpBB2/download/file.php?id=30929&t=1,28784
30930,data/images/orig/30930.jpg,http://johnlsayers.com/phpBB2/download/file.php?id=30930&t=1,25928
30931,data/images/orig/30931.jpg,http://johnlsayers.com/phpBB2/download/file.php?id=30931&t=1,29103
30932,data/images/orig/30932.jpg,http://johnlsayers.com/phpBB2/download/file.php?id=30932&t=1,24239
30935,data/images/orig/30935.jpg,http://johnlsayers.com/phpBB2/download/file.php?id=30935,51161
30967,data/images/orig/30967.jpg,http://johnlsayers.com/phpBB2/download/file.php?id=30967&mode=view,38008
30968,data/images/orig/30968.jpg,http://johnlsayers.com/phpBB2/download/file.php?id=30968&mode=view,33377
30970,data/images/orig/30970.jpg,http://johnlsayers.com/phpBB2/download/file.php?id=30970&mode=view,36625
30972,data/images/orig/30972.jpg,http://johnlsayers.com/phpBB2/download/file.php?id=30972&mode=view,162004
30973,data/images/orig/30973.jpg,http://johnlsayers.com/phpBB2/download/file.php?id=30973&mode=view,39248
30974,data/images/orig/30974.jpg,http://johnlsayers.com/phpBB2/download/file.php?id=30974&t=1,10154
30975,data/images/orig/30975.jpg,http://johnlsayers.com/phpBB2/download/file.php?id=30975&t=1,15055
30983,data/images/orig/30983.jpg,http://johnlsayers.com/phpBB2/download/file.php?id=30983&t=1,28963
30984,data/images/orig/30984.jpg,http://johnlsayers.com/phpBB2/download/file.php?id=30984&t=1,17593
30985,data/images/orig/30985.jpg,http://johnlsayers.com/phpBB2/download/file.php?id=30985&mode=view,311641
30986,data/images/orig/30986.jpg,http://johnlsayers.com/phpBB2/download/file.php?id=30986&mode=view,316982
30987,data/images/orig/30987.jpg,http://johnlsayers.com/phpBB2/download/file.php?id=30987&t=1,32243
30988,data/images/orig/30988.jpg,http://johnlsayers.com/phpBB2/download/file.php?id=30988&mode=view,61134
30992,data/images/orig/30992.jpg,http://johnlsayers.com/phpBB2/download/file.php?id=30992&mode=view,208481
30993,data/images/orig/30993.jpg,http://johnlsayers.com/phpBB2/download/file.php?id=30993&mode=view,34577
31041,data/images/orig/31041.jpg,http://johnlsayers.com/phpBB2/download/file.php?id=31041&mode=view,178643
31043,data/images/orig/31043.jpg,http://johnlsayers.com/phpBB2/download/file.php?id=31043&t=1,33622
31053,data/images/orig/31053.jpg,http://johnlsayers.com/phpBB2/download/file.php?id=31053&t=1,28223
31056,data/images/orig/31056.jpg,http://johnlsayers.com/phpBB2/download/file.php?id=31056&mode=view,82772
31057,data/images/orig/31057.jpg,http://johnlsayers.com/phpBB2/download/file.php?id=31057&mode=view,86551
31058,data/images/orig/31058.jpg,http://johnlsayers.com/phpBB2/download/file.php?id=31058&mode=view,109271
31059,data/images/orig/31059.jpg,http://johnlsayers.com/phpBB2/download/file.php?id=31059&t=1,26039
31068,data/images/orig/31068.jpg,http://johnlsayers.com/phpBB2/download/file.php?id=31068&mode=view,162004
31069,data/images/orig/31069.jpg,http://johnlsayers.com/phpBB2/download/file.php?id=31069&mode=view,219936
31072,data/images/orig/31072.jpg,http://johnlsayers.com/phpBB2/download/file.php?id=31072&t=1,35904
31073,data/images/orig/31073.jpg,http://johnlsayers.com/phpBB2/download/file.php?id=31073&mode=view,96658
31074,data/images/orig/31074.jpg,http://johnlsayers.com/phpBB2/download/file.php?id=31074&t=1,29080
31086,data/images/orig/31086.jpg,http://johnlsayers.com/phpBB2/download/file.php?id=31086,27222
31088,data/images/orig/31088.jpg,http://johnlsayers.com/phpBB2/download/file.php?id=31088,29265
31089,data/images/orig/31089.jpg,http://johnlsayers.com/phpBB2/download/file.php?id=31089,20450
31090,data/images/orig/31090.jpg,http://johnlsayers.com/phpBB2/download/file.php?id=31090,30995
31092,data/images/orig/31092.jpg,http://johnlsayers.com/phpBB2/download/file.php?id=31092,29572
31093,data/images/orig/31093.jpg,http://johnlsayers.com/phpBB2/download/file.php?id=31093,22769
31094,data/images/orig/31094.jpg,http://johnlsayers.com/phpBB2/download/file.php?id=31094,22825
31096,data/images/orig/31096.jpg,http://johnlsayers.com/phpBB2/download/file.php?id=31096&t=1,21984
31097,data/images/orig/31097.jpg,http://johnlsayers.com/phpBB2/download/file.php?id=31097&t=1,29736
31098,data/images/orig/31098.jpg,http://johnlsayers.com/phpBB2/download/file.php?id=31098&mode=view,352787
31101,data/images/orig/31101.jpg,http://johnlsayers.com/phpBB2/download/file.php?id=31101&mode=view,280083
31102,data/images/orig/31102.jpg,http://johnlsayers.com/phpBB2/download/file.php?id=31102&t=1,34618
31103,data/images/orig/31103.jpg,http://johnlsayers.com/phpBB2/download/file.php?id=31103&t=1,48365
31104,data/images/orig/31104.jpg,http://johnlsayers.com/phpBB2/download/file.php?id=31104&t=1,25837
31105,data/images/orig/31105.jpg,http://johnlsayers.com/phpBB2/download/file.php?id=31105&t=1,29445
31108,data/images/orig/31108.jpg,http://johnlsayers.com/phpBB2/download/file.php?id=31108&mode=view,106914
31110,data/images/orig/31110.jpg,http://johnlsayers.com/phpBB2/download/file.php?id=31110&t=1,28275
31112,data/images/orig/31112.jpg,http://johnlsayers.com/phpBB2/download/file.php?id=31112&mode=view,105242
31113,data/images/orig/31113.jpg,http://johnlsayers.com/phpBB2/download/file.php?id=31113&t=1,24924
31117,data/images/orig/31117.jpg,http://johnlsayers.com/phpBB2/download/file.php?id=31117&t=1,27752
31119,data/images/orig/31119.jpg,http://johnlsayers.com/phpBB2/download/file.php?id=31119&mode=view,301587
31120,data/images/orig/31120.jpg,http://johnlsayers.com/phpBB2/download/file.php?id=31120&t=1,27978
31121,data/images/orig/31121.jpg,http://johnlsayers.com/phpBB2/download/file.php?id=31121&t=1,29304
31123,data/images/orig/31123.jpg,http://johnlsayers.com/phpBB2/download/file.php?id=31123,14333
31124,data/images/orig/31124.jpg,http://johnlsayers.com/phpBB2/download/file.php?id=31124&t=1,22370
31125,data/images/orig/31125.jpg,http://johnlsayers.com/phpBB2/download/file.php?id=31125&t=1,20850
31126,data/images/orig/31126.jpg,http://johnlsayers.com/phpBB2/download/file.php?id=31126&t=1,23941
31127,data/images/orig/31127.jpg,http://johnlsayers.com/phpBB2/download/file.php?id=31127&t=1,22514
31128,data/images/orig/31128.jpg,http://johnlsayers.com/phpBB2/download/file.php?id=31128&t=1,23373
31129,data/images/orig/31129.jpg,http://johnlsayers.com/phpBB2/download/file.php?id=31129&t=1,19389
31130,data/images/orig/31130.jpg,http://johnlsayers.com/phpBB2/download/file.php?id=31130&t=1,15615
31132,data/images/orig/31132.jpg,http://johnlsayers.com/phpBB2/download/file.php?id=31132&mode=view,126303
31133,data/images/orig/31133.jpg,http://johnlsayers.com/phpBB2/download/file.php?id=31133&t=1,16255
31134,data/images/orig/31134.jpg,http://johnlsayers.com/phpBB2/download/file.php?id=31134&mode=view,184319
31136,data/images/orig/31136.jpg,http://johnlsayers.com/phpBB2/download/file.php?id=31136&t=1,27317
31139,data/images/orig/31139.jpg,http://johnlsayers.com/phpBB2/download/file.php?id=31139&t=1,23318
31143,data/images/orig/31143.jpg,http://johnlsayers.com/phpBB2/download/file.php?id=31143&t=1,21543
31144,data/images/orig/31144.jpg,http://johnlsayers.com/phpBB2/download/file.php?id=31144&mode=view,390730
31145,data/images/orig/31145.jpg,http://johnlsayers.com/phpBB2/download/file.php?id=31145&mode=view,323329
31146,data/images/orig/31146.jpg,http://johnlsayers.com/phpBB2/download/file.php?id=31146&mode=view,236988
31147,data/images/orig/31147.jpg,http://johnlsayers.com/phpBB2/download/file.php?id=31147&mode=view,298518
31152,data/images/orig/31152.jpg,http://johnlsayers.com/phpBB2/download/file.php?id=31152&t=1,60717
31154,data/images/orig/31154.jpg,http://johnlsayers.com/phpBB2/download/file.php?id=31154&mode=view,68551
31155,data/images/orig/31155.png,http://johnlsayers.com/phpBB2/download/file.php?id=31155&mode=view,24201
31156,data/images/orig/31156.png,http://johnlsayers.com/phpBB2/download/file.php?id=31156&mode=view,340534
31157,data/images/orig/31157.png,http://johnlsayers.com/phpBB2/download/file.php?id=31157&t=1,117978
31158,data/images/orig/31158.jpg,http://johnlsayers.com/phpBB2/download/file.php?id=31158&mode=view,216064
31159,data/images/orig/31159.jpg,http://johnlsayers.com/phpBB2/download/file.php?id=31159&mode=view,339091
31163,data/images/orig/31163.jpg,http://johnlsayers.com/phpBB2/download/file.php?id=31163&t=1,27803
31165,data/images/orig/31165.jpg,http://johnlsayers.com/phpBB2/download/file.php?id=31165&mode=view,284298
31167,data/images/orig/31167.gif,http://johnlsayers.com/phpBB2/download/file.php?id=31167&mode=view,13485
31168,data/images/orig/31168.gif,http://johnlsayers.com/phpBB2/download/file.php?id=31168&t=1,21764
31169,data/images/orig/31169.jpg,http://johnlsayers.com/phpBB2/download/file.php?id=31169&t=1,22514
31170,data/images/orig/31170.jpg,http://johnlsayers.com/phpBB2/download/file.php?id=31170&t=1,23941
31171,data/images/orig/31171.jpg,http://johnlsayers.com/phpBB2/download/file.php?id=31171&mode=view,86704
31179,data/images/orig/31179.jpg,http://johnlsayers.com/phpBB2/download/file.php?id=31179&t=1,35696
31180,data/images/orig/31180.jpg,http://johnlsayers.com/phpBB2/download/file.php?id=31180&t=1,35507
31181,data/images/orig/31181.jpg,http://johnlsayers.com/phpBB2/download/file.php?id=31181&t=1,34120
31182,data/images/orig/31182.jpg,http://johnlsayers.com/phpBB2/download/file.php?id=31182&t=1,33310
31183,data/images/orig/31183.png,http://johnlsayers.com/phpBB2/download/file.php?id=31183&t=1,31904
31184,data/images/orig/31184.jpg,http://johnlsayers.com/phpBB2/download/file.php?id=31184&t=1,25341
31185,data/images/orig/31185.jpg,http://johnlsayers.com/phpBB2/download/file.php?id=31185&t=1,27054
31186,data/images/orig/31186.jpg,http://johnlsayers.com/phpBB2/download/file.php?id=31186&t=1,24747
31187,data/images/orig/31187.jpg,http://johnlsayers.com/phpBB2/download/file.php?id=31187&t=1,26714
31188,data/images/orig/31188.jpg,http://johnlsayers.com/phpBB2/download/file.php?id=31188&t=1,36200
31189,data/images/orig/31189.jpg,http://johnlsayers.com/phpBB2/download/file.php?id=31189&mode=view,74143
31191,data/images/orig/31191.jpg,http://johnlsayers.com/phpBB2/download/file.php?id=31191&t=1,16718
31192,data/images/orig/31192.jpg,http://johnlsayers.com/phpBB2/download/file.php?id=31192&mode=view,176552
31194,data/images/orig/31194.jpg,http://johnlsayers.com/phpBB2/download/file.php?id=31194,4958
31197,data/images/orig/31197.pdf,http://johnlsayers.com/phpBB2/download/file.php?id=31197,466223
31198,data/images/orig/31198.jpg,http://johnlsayers.com/phpBB2/download/file.php?id=31198&t=1,37159
31199,data/images/orig/31199.jpg,http://johnlsayers.com/phpBB2/download/file.php?id=31199&t=1,28433
31200,data/images/orig/31200.jpg,http://johnlsayers.com/phpBB2/download/file.php?id=31200&t=1,22553
31201,data/images/orig/31201.jpg,http://johnlsayers.com/phpBB2/download/file.php?id=31201&t=1,26362
31202,data/images/orig/31202.png,http://johnlsayers.com/phpBB2/download/file.php?id=31202&t=1,192736
31203,data/images/orig/31203.jpg,http://johnlsayers.com/phpBB2/download/file.php?id=31203&mode=view,104750
31204,data/images/orig/31204.jpg,http://johnlsayers.com/phpBB2/download/file.php?id=31204&t=1,39520
31205,data/images/orig/31205.jpg,http://johnlsayers.com/phpBB2/download/file.php?id=31205&mode=view,103915
31209,data/images/orig/31209.jpg,http://johnlsayers.com/phpBB2/download/file.php?id=31209&t=1,23772
31210,data/images/orig/31210.jpg,http://johnlsayers.com/phpBB2/download/file.php?id=31210&t=1,25020
31211,data/images/orig/31211.jpg,http://johnlsayers.com/phpBB2/download/file.php?id=31211&mode=view,90863
31212,data/images/orig/31212.jpg,http://johnlsayers.com/phpBB2/download/file.php?id=31212&mode=view,75551
31213,data/images/orig/31213.jpg,http://johnlsayers.com/phpBB2/download/file.php?id=31213&mode=view,84027
31214,data/images/orig/31214.jpg,http://johnlsayers.com/phpBB2/download/file.php?id=31214&t=1,23517
31215,data/images/orig/31215.jpg,http://johnlsayers.com/phpBB2/download/file.php?id=31215&t=1,26967
31216,data/images/orig/31216.jpg,http://johnlsayers.com/phpBB2/download/file.php?id=31216&t=1,18206
31217,data/images/orig/31217.jpg,http://johnlsayers.com/phpBB2/download/file.php?id=31217&mode=view,64336
31218,data/images/orig/31218.jpg,http://johnlsayers.com/phpBB2/download/file.php?id=31218&t=1,38810
31219,data/images/orig/31219.jpg,http://johnlsayers.com/phpBB2/download/file.php?id=31219&t=1,13199
31220,data/images/orig/31220.jpg,http://johnlsayers.com/phpBB2/download/file.php?id=31220&t=1,14022
31223,data/images/orig/31223.jpg,http://johnlsayers.com/phpBB2/download/file.php?id=31223&mode=view,268411
31225,data/images/orig/31225.jpg,http://johnlsayers.com/phpBB2/download/file.php?id=31225&mode=view,231267
31226,data/images/orig/31226.jpg,http://johnlsayers.com/phpBB2/download/file.php?id=31226&mode=view,243364
31227,data/images/orig/31227.jpg,http://johnlsayers.com/phpBB2/download/file.php?id=31227&t=1,52741
31229,data/images/orig/31229.jpg,http://johnlsayers.com/phpBB2/download/file.php?id=31229&mode=view,116206
31230,data/images/orig/31230.jpg,http://johnlsayers.com/phpBB2/download/file.php?id=31230&t=1,30385
31231,data/images/orig/31231.jpg,http://johnlsayers.com/phpBB2/download/file.php?id=31231&t=1,26106
31232,data/images/orig/31232.jpg,http://johnlsayers.com/phpBB2/download/file.php?id=31232&t=1,31850
31234,data/images/orig/31234.jpg,http://johnlsayers.com/phpBB2/download/file.php?id=31234&t=1,31585
31235,data/images/orig/31235.jpg,http://johnlsayers.com/phpBB2/download/file.php?id=31235&t=1,25989
31236,data/images/orig/31236.jpg,http://johnlsayers.com/phpBB2/download/file.php?id=31236&mode=view,268247
31237,data/images/orig/31237.jpg,http://johnlsayers.com/phpBB2/download/file.php?id=31237&mode=view,77948
31239,data/images/orig/31239.png,http://johnlsayers.com/phpBB2/download/file.php?id=31239&mode=view,313559
31241,data/images/orig/31241.png,http://johnlsayers.com/phpBB2/download/file.php?id=31241&t=1,218053
31242,data/images/orig/31242.png,http://johnlsayers.com/phpBB2/download/file.php?id=31242&t=1,205093
31243,data/images/orig/31243.png,http://johnlsayers.com/phpBB2/download/file.php?id=31243&t=1,214357
31244,data/images/orig/31244.png,http://johnlsayers.com/phpBB2/download/file.php?id=31244&mode=view,295384
31245,data/images/orig/31245.png,http://johnlsayers.com/phpBB2/download/file.php?id=31245&t=1,227454
31246,data/images/orig/31246.png,http://johnlsayers.com/phpBB2/download/file.php?id=31246&t=1,223909
31247,data/images/orig/31247.jpg,http://johnlsayers.com/phpBB2/download/file.php?id=31247&mode=view,38899
31248,data/images/orig/31248.jpg,http://johnlsayers.com/phpBB2/download/file.php?id=31248&t=1,18887
31252,data/images/orig/31252.jpg,http://johnlsayers.com/phpBB2/download/file.php?id=31252&t=1,25124
31253,data/images/orig/31253.jpg,http://johnlsayers.com/phpBB2/download/file.php?id=31253&t=1,29708
31254,data/images/orig/31254.jpg,http://johnlsayers.com/phpBB2/download/file.php?id=31254&t=1,31685
31258,data/images/orig/31258.png,http://johnlsayers.com/phpBB2/download/file.php?id=31258&t=1,68019
31259,data/images/orig/31259.jpg,http://johnlsayers.com/phpBB2/download/file.php?id=31259&mode=view,119070
31260,data/images/orig/31260.png,http://johnlsayers.com/phpBB2/download/file.php?id=31260&t=1,36868
31261,data/images/orig/31261.png,http://johnlsayers.com/phpBB2/download/file.php?id=31261&mode=view,18698
31265,data/images/orig/31265.jpg,http://johnlsayers.com/phpBB2/download/file.php?id=31265&mode=view,34230
31266,data/images/orig/31266.jpg,http://johnlsayers.com/phpBB2/download/file.php?id=31266&t=1,31900
31267,data/images/orig/31267.jpg,http://johnlsayers.com/phpBB2/download/file.php?id=31267&mode=view,88885
31268,data/images/orig/31268.jpg,http://johnlsayers.com/phpBB2/download/file.php?id=31268&t=1,27690
31269,data/images/orig/31269.jpg,http://johnlsayers.com/phpBB2/download/file.php?id=31269&t=1,18209
31270,data/images/orig/31270.jpg,http://johnlsayers.com/phpBB2/download/file.php?id=31270&mode=view,54026
31271,data/images/orig/31271.jpg,http://johnlsayers.com/phpBB2/download/file.php?id=31271&mode=view,59415
31272,data/images/orig/31272.jpg,http://johnlsayers.com/phpBB2/download/file.php?id=31272&t=1,18679
31273,data/images/orig/31273.jpg,http://johnlsayers.com/phpBB2/download/file.php?id=31273&mode=view,129080
31274,data/images/orig/31274.jpg,http://johnlsayers.com/phpBB2/download/file.php?id=31274&t=1,30562
31277,data/images/orig/31277.jpeg,http://johnlsayers.com/phpBB2/download/file.php?id=31277,23166
31278,data/images/orig/31278.jpeg,http://johnlsayers.com/phpBB2/download/file.php?id=31278,29212
31280,data/images/orig/31280.jpeg,http://johnlsayers.com/phpBB2/download/file.php?id=31280,35922
31281,data/images/orig/31281.jpeg,http://johnlsayers.com/phpBB2/download/file.php?id=31281,21896
31282,data/images/orig/31282.jpeg,http://johnlsayers.com/phpBB2/download/file.php?id=31282,23917
31284,data/images/orig/31284.jpeg,http://johnlsayers.com/phpBB2/download/file.php?id=31284,22820
31286,data/images/orig/31286.png,http://johnlsayers.com/phpBB2/download/file.php?id=31286&mode=view,366628
31287,data/images/orig/31287.png,http://johnlsayers.com/phpBB2/download/file.php?id=31287&t=1,182671
31288,data/images/orig/31288.png,http://johnlsayers.com/phpBB2/download/file.php?id=31288&t=1,165822
31291,data/images/orig/31291.jpg,http://johnlsayers.com/phpBB2/download/file.php?id=31291&mode=view,209599
31293,data/images/orig/31293.jpg,http://johnlsayers.com/phpBB2/download/file.php?id=31293&mode=view,147151
31294,data/images/orig/31294.gif,http://johnlsayers.com/phpBB2/download/file.php?id=31294,10510
31300,data/images/orig/31300.jpg,http://johnlsayers.com/phpBB2/download/file.php?id=31300&mode=view,216450
31301,data/images/orig/31301.jpg,http://johnlsayers.com/phpBB2/download/file.php?id=31301&mode=view,259448
31302,data/images/orig/31302.jpg,http://johnlsayers.com/phpBB2/download/file.php?id=31302&t=1,21208
31304,data/images/orig/31304.jpg,http://johnlsayers.com/phpBB2/download/file.php?id=31304&mode=view,193910
31307,data/images/orig/31307.png,http://johnlsayers.com/phpBB2/download/file.php?id=31307&mode=view,23684
31309,data/images/orig/31309.jpg,http://johnlsayers.com/phpBB2/download/file.php?id=31309&t=1,21317
31312,data/images/orig/31312.jpg,http://johnlsayers.com/phpBB2/download/file.php?id=31312&t=1,17037
31313,data/images/orig/31313.jpg,http://johnlsayers.com/phpBB2/download/file.php?id=31313&t=1,29298
31316,data/images/orig/31316.jpg,http://johnlsayers.com/phpBB2/download/file.php?id=31316&t=1,26259
31317,data/images/orig/31317.jpg,http://johnlsayers.com/phpBB2/download/file.php?id=31317&mode=view,222632
31318,data/images/orig/31318.jpg,http://johnlsayers.com/phpBB2/download/file.php?id=31318&t=1,14063
31319,data/images/orig/31319.jpg,http://johnlsayers.com/phpBB2/download/file.php?id=31319&t=1,15982
31320,data/images/orig/31320.jpg,http://johnlsayers.com/phpBB2/download/file.php?id=31320&mode=view,132526
31321,data/images/orig/31321.jpg,http://johnlsayers.com/phpBB2/download/file.php?id=31321&mode=view,154185
31322,data/images/orig/31322.jpg,http://johnlsayers.com/phpBB2/download/file.php?id=31322&t=1,24502
31323,data/images/orig/31323.jpg,http://johnlsayers.com/phpBB2/download/file.php?id=31323&t=1,26917
31324,data/images/orig/31324.jpg,http://johnlsayers.com/phpBB2/download/file.php?id=31324&mode=view,82270
31325,data/images/orig/31325.jpg,http://johnlsayers.com/phpBB2/download/file.php?id=31325&mode=view,272712
31332,data/images/orig/31332.jpg,http://johnlsayers.com/phpBB2/download/file.php?id=31332&t=1,16467
31333,data/images/orig/31333.jpg,http://johnlsayers.com/phpBB2/download/file.php?id=31333&mode=view,53376
31335,data/images/orig/31335.jpg,http://johnlsayers.com/phpBB2/download/file.php?id=31335&mode=view,41024
31336,data/images/orig/31336.jpg,http://johnlsayers.com/phpBB2/download/file.php?id=31336&mode=view,59442
31337,data/images/orig/31337.jpg,http://johnlsayers.com/phpBB2/download/file.php?id=31337&mode=view,69977
31338,data/images/orig/31338.jpg,http://johnlsayers.com/phpBB2/download/file.php?id=31338&mode=view,59325
31343,data/images/orig/31343.jpg,http://johnlsayers.com/phpBB2/download/file.php?id=31343&t=1,25138
31344,data/images/orig/31344.jpg,http://johnlsayers.com/phpBB2/download/file.php?id=31344&mode=view,107626
31345,data/images/orig/31345.jpg,http://johnlsayers.com/phpBB2/download/file.php?id=31345&mode=view,82235
31346,data/images/orig/31346.jpg,http://johnlsayers.com/phpBB2/download/file.php?id=31346&mode=view,81084
31348,data/images/orig/31348.jpg,http://johnlsayers.com/phpBB2/download/file.php?id=31348&mode=view,135193
31349,data/images/orig/31349.jpg,http://johnlsayers.com/phpBB2/download/file.php?id=31349&mode=view,201545
31351,data/images/orig/31351.png,http://johnlsayers.com/phpBB2/download/file.php?id=31351&t=1,12344
31353,data/images/orig/31353.jpg,http://johnlsayers.com/phpBB2/download/file.php?id=31353&mode=view,44609
31355,data/images/orig/31355.jpg,http://johnlsayers.com/phpBB2/download/file.php?id=31355&mode=view,53004
31356,data/images/orig/31356.jpg,http://johnlsayers.com/phpBB2/download/file.php?id=31356&mode=view,44296
31357,data/images/orig/31357.jpg,http://johnlsayers.com/phpBB2/download/file.php?id=31357&t=1,18553
31359,data/images/orig/31359.jpg,http://johnlsayers.com/phpBB2/download/file.php?id=31359&t=1,36393
31361,data/images/orig/31361.jpg,http://johnlsayers.com/phpBB2/download/file.php?id=31361&mode=view,347472
31362,data/images/orig/31362.jpg,http://johnlsayers.com/phpBB2/download/file.php?id=31362&mode=view,347102
31363,data/images/orig/31363.jpg,http://johnlsayers.com/phpBB2/download/file.php?id=31363&t=1,19155
31364,data/images/orig/31364.jpg,http://johnlsayers.com/phpBB2/download/file.php?id=31364&mode=view,375677
31365,data/images/orig/31365.jpg,http://johnlsayers.com/phpBB2/download/file.php?id=31365&t=1,27737
31366,data/images/orig/31366.jpg,http://johnlsayers.com/phpBB2/download/file.php?id=31366&mode=view,353415
31367,data/images/orig/31367.jpg,http://johnlsayers.com/phpBB2/download/file.php?id=31367&mode=view,304348
31368,data/images/orig/31368.jpg,http://johnlsayers.com/phpBB2/download/file.php?id=31368&t=1,18177
31369,data/images/orig/31369.jpg,http://johnlsayers.com/phpBB2/download/file.php?id=31369&mode=view,304309
31370,data/images/orig/31370.jpg,http://johnlsayers.com/phpBB2/download/file.php?id=31370&t=1,19363
31371,data/images/orig/31371.jpg,http://johnlsayers.com/phpBB2/download/file.php?id=31371&mode=view,357697
31372,data/images/orig/31372.jpg,http://johnlsayers.com/phpBB2/download/file.php?id=31372&t=1,22478
31373,data/images/orig/31373.jpg,http://johnlsayers.com/phpBB2/download/file.php?id=31373&mode=view,332946
31374,data/images/orig/31374.jpg,http://johnlsayers.com/phpBB2/download/file.php?id=31374&t=1,20739
31375,data/images/orig/31375.jpg,http://johnlsayers.com/phpBB2/download/file.php?id=31375&mode=view,379267
31376,data/images/orig/31376.jpg,http://johnlsayers.com/phpBB2/download/file.php?id=31376&mode=view,342502
31377,data/images/orig/31377.jpg,http://johnlsayers.com/phpBB2/download/file.php?id=31377&mode=view,308861
31378,data/images/orig/31378.jpg,http://johnlsayers.com/phpBB2/download/file.php?id=31378&mode=view,299494
31379,data/images/orig/31379.jpg,http://johnlsayers.com/phpBB2/download/file.php?id=31379&mode=view,302001
31380,data/images/orig/31380.jpg,http://johnlsayers.com/phpBB2/download/file.php?id=31380&mode=view,342352
31381,data/images/orig/31381.jpg,http://johnlsayers.com/phpBB2/download/file.php?id=31381&mode=view,356247
31382,data/images/orig/31382.jpg,http://johnlsayers.com/phpBB2/download/file.php?id=31382&mode=view,338571
31383,data/images/orig/31383.jpg,http://johnlsayers.com/phpBB2/download/file.php?id=31383&mode=view,307433
31384,data/images/orig/31384.jpg,http://johnlsayers.com/phpBB2/download/file.php?id=31384&mode=view,369424
31385,data/images/orig/31385.jpg,http://johnlsayers.com/phpBB2/download/file.php?id=31385&mode=view,376640
31386,data/images/orig/31386.jpg,http://johnlsayers.com/phpBB2/download/file.php?id=31386&mode=view,367721
31387,data/images/orig/31387.jpg,http://johnlsayers.com/phpBB2/download/file.php?id=31387&mode=view,366212
31388,data/images/orig/31388.jpg,http://johnlsayers.com/phpBB2/download/file.php?id=31388&mode=view,362638
31389,data/images/orig/31389.jpg,http://johnlsayers.com/phpBB2/download/file.php?id=31389&t=1,27422
31390,data/images/orig/31390.jpg,http://johnlsayers.com/phpBB2/download/file.php?id=31390&t=1,22759
31391,data/images/orig/31391.jpg,http://johnlsayers.com/phpBB2/download/file.php?id=31391&mode=view,366100
31392,data/images/orig/31392.jpg,http://johnlsayers.com/phpBB2/download/file.php?id=31392&mode=view,375967
31393,data/images/orig/31393.jpg,http://johnlsayers.com/phpBB2/download/file.php?id=31393&t=1,36719
31394,data/images/orig/31394.jpg,http://johnlsayers.com/phpBB2/download/file.php?id=31394&mode=view,478900
31395,data/images/orig/31395.jpg,http://johnlsayers.com/phpBB2/download/file.php?id=31395&mode=view,346690
31396,data/images/orig/31396.jpg,http://johnlsayers.com/phpBB2/download/file.php?id=31396&mode=view,330595
31397,data/images/orig/31397.jpg,http://johnlsayers.com/phpBB2/download/file.php?id=31397&mode=view,296789
31398,data/images/orig/31398.jpg,http://johnlsayers.com/phpBB2/download/file.php?id=31398&t=1,41000
31399,data/images/orig/31399.jpg,http://johnlsayers.com/phpBB2/download/file.php?id=31399&mode=view,435614
31402,data/images/orig/31402.jpg,http://johnlsayers.com/phpBB2/download/file.php?id=31402&t=1,36212
31403,data/images/orig/31403.jpg,http://johnlsayers.com/phpBB2/download/file.php?id=31403&mode=view,107485
31404,data/images/orig/31404.jpg,http://johnlsayers.com/phpBB2/download/file.php?id=31404&t=1,29632
31405,data/images/orig/31405.jpg,http://johnlsayers.com/phpBB2/download/file.php?id=31405&mode=view,112724
31429,data/images/orig/31429.jpg,http://johnlsayers.com/phpBB2/download/file.php?id=31429&t=1,20021
31439,data/images/orig/31439.jpg,http://johnlsayers.com/phpBB2/download/file.php?id=31439&t=1,26281
31440,data/images/orig/31440.jpg,http://johnlsayers.com/phpBB2/download/file.php?id=31440&t=1,37030
31462,data/images/orig/31462.png,http://johnlsayers.com/phpBB2/download/file.php?id=31462&t=1,101180
31476,data/images/orig/31476.jpg,http://johnlsayers.com/phpBB2/download/file.php?id=31476&t=1,23224
31477,data/images/orig/31477.jpg,http://johnlsayers.com/phpBB2/download/file.php?id=31477&mode=view,43777
31482,data/images/orig/31482.jpg,http://johnlsayers.com/phpBB2/download/file.php?id=31482&mode=view,42661
31485,data/images/orig/31485.jpg,http://johnlsayers.com/phpBB2/download/file.php?id=31485&t=1,15764
31532,data/images/orig/31532.jpg,http://johnlsayers.com/phpBB2/download/file.php?id=31532&mode=view,84891
31544,data/images/orig/31544.jpg,http://johnlsayers.com/phpBB2/download/file.php?id=31544&t=1,34500
31568,data/images/orig/31568.jpg,http://johnlsayers.com/phpBB2/download/file.php?id=31568&t=1,34868
31570,data/images/orig/31570.jpg,http://johnlsayers.com/phpBB2/download/file.php?id=31570&t=1,45221
31571,data/images/orig/31571.jpg,http://johnlsayers.com/phpBB2/download/file.php?id=31571&t=1,43187
31572,data/images/orig/31572.jpg,http://johnlsayers.com/phpBB2/download/file.php?id=31572&t=1,42915
31573,data/images/orig/31573.jpg,http://johnlsayers.com/phpBB2/download/file.php?id=31573&t=1,47237
31574,data/images/orig/31574.jpg,http://johnlsayers.com/phpBB2/download/file.php?id=31574&t=1,32476
31575,data/images/orig/31575.jpg,http://johnlsayers.com/phpBB2/download/file.php?id=31575&t=1,34368
31576,data/images/orig/31576.jpg,http://johnlsayers.com/phpBB2/download/file.php?id=31576&t=1,38651
31577,data/images/orig/31577.jpg,http://johnlsayers.com/phpBB2/download/file.php?id=31577&mode=view,111801
31578,data/images/orig/31578.jpg,http://johnlsayers.com/phpBB2/download/file.php?id=31578&t=1,33416
31579,data/images/orig/31579.jpg,http://johnlsayers.com/phpBB2/download/file.php?id=31579&t=1,29718
31580,data/images/orig/31580.jpg,http://johnlsayers.com/phpBB2/download/file.php?id=31580&t=1,35357
31581,data/images/orig/31581.jpg,http://johnlsayers.com/phpBB2/download/file.php?id=31581&t=1,31529
31582,data/images/orig/31582.jpg,http://johnlsayers.com/phpBB2/download/file.php?id=31582&t=1,31241
31583,data/images/orig/31583.jpg,http://johnlsayers.com/phpBB2/download/file.php?id=31583&t=1,41297
31584,data/images/orig/31584.jpg,http://johnlsayers.com/phpBB2/download/file.php?id=31584&t=1,36229
31585,data/images/orig/31585.jpg,http://johnlsayers.com/phpBB2/download/file.php?id=31585&t=1,41950
31604,data/images/orig/31604.jpg,http://johnlsayers.com/phpBB2/download/file.php?id=31604&t=1,9472
31633,data/images/orig/31633.jpg,http://johnlsayers.com/phpBB2/download/file.php?id=31633&t=1,25785
31639,data/images/orig/31639.jpg,http://johnlsayers.com/phpBB2/download/file.php?id=31639&mode=view,174538
31655,data/images/orig/31655.jpg,http://johnlsayers.com/phpBB2/download/file.php?id=31655&t=1,37222
31656,data/images/orig/31656.jpg,http://johnlsayers.com/phpBB2/download/file.php?id=31656&t=1,33226
31657,data/images/orig/31657.jpg,http://johnlsayers.com/phpBB2/download/file.php?id=31657&t=1,31643
31658,data/images/orig/31658.jpg,http://johnlsayers.com/phpBB2/download/file.php?id=31658&t=1,34440
31684,data/images/orig/31684.jpg,http://johnlsayers.com/phpBB2/download/file.php?id=31684&t=1,23005
31685,data/images/orig/31685.jpg,http://johnlsayers.com/phpBB2/download/file.php?id=31685&t=1,15591
31686,data/images/orig/31686.jpg,http://johnlsayers.com/phpBB2/download/file.php?id=31686&t=1,24047
31687,data/images/orig/31687.jpg,http://johnlsayers.com/phpBB2/download/file.php?id=31687&t=1,14763
31688,data/images/orig/31688.jpg,http://johnlsayers.com/phpBB2/download/file.php?id=31688&t=1,26543
31689,data/images/orig/31689.jpg,http://johnlsayers.com/phpBB2/download/file.php?id=31689&t=1,14884
31693,data/images/orig/31693.jpg,http://johnlsayers.com/phpBB2/download/file.php?id=31693&t=1,35524
31729,data/images/orig/31729.jpg,http://johnlsayers.com/phpBB2/download/file.php?id=31729&t=1,34942
31776,data/images/orig/31776.jpg,http://johnlsayers.com/phpBB2/download/file.php?id=31776&mode=view,72817
31805,data/images/orig/31805.png,http://johnlsayers.com/phpBB2/download/file.php?id=31805&mode=view,23696
31861,data/images/orig/31861.jpg,http://johnlsayers.com/phpBB2/download/file.php?id=31861&t=1,23690
31862,data/images/orig/31862.jpg,http://johnlsayers.com/phpBB2/download/file.php?id=31862&t=1,34740
31864,data/images/orig/31864.jpg,http://johnlsayers.com/phpBB2/download/file.php?id=31864&t=1,30918
31865,data/images/orig/31865.jpg,http://johnlsayers.com/phpBB2/download/file.php?id=31865&t=1,23410
31867,data/images/orig/31867.jpg,http://johnlsayers.com/phpBB2/download/file.php?id=31867&t=1,33348
31901,data/images/orig/31901.jpg,http://johnlsayers.com/phpBB2/download/file.php?id=31901&t=1,20995
31920,data/images/orig/31920.jpg,http://johnlsayers.com/phpBB2/download/file.php?id=31920&t=1,32253
31921,data/images/orig/31921.jpg,http://johnlsayers.com/phpBB2/download/file.php?id=31921&t=1,42180
31922,data/images/orig/31922.jpg,http://johnlsayers.com/phpBB2/download/file.php?id=31922&t=1,30219
31923,data/images/orig/31923.jpg,http://johnlsayers.com/phpBB2/download/file.php?id=31923&t=1,36258
31924,data/images/orig/31924.jpg,http://johnlsayers.com/phpBB2/download/file.php?id=31924&t=1,30553
31925,data/images/orig/31925.jpg,http://johnlsayers.com/phpBB2/download/file.php?id=31925&t=1,30677
31926,data/images/orig/31926.jpg,http://johnlsayers.com/phpBB2/download/file.php?id=31926&t=1,32658
31927,data/images/orig/31927.jpg,http://johnlsayers.com/phpBB2/download/file.php?id=31927&t=1,40097
31928,data/images/orig/31928.jpg,http://johnlsayers.com/phpBB2/download/file.php?id=31928&t=1,36230
31929,data/images/orig/31929.jpg,http://johnlsayers.com/phpBB2/download/file.php?id=31929&t=1,31302
31930,data/images/orig/31930.jpg,http://johnlsayers.com/phpBB2/download/file.php?id=31930&t=1,39058
31946,data/images/orig/31946.jpg,http://johnlsayers.com/phpBB2/download/file.php?id=31946&t=1,40530
31947,data/images/orig/31947.jpg,http://johnlsayers.com/phpBB2/download/file.php?id=31947&t=1,41993
31948,data/images/orig/31948.jpg,http://johnlsayers.com/phpBB2/download/file.php?id=31948&t=1,42298
31949,data/images/orig/31949.jpg,http://johnlsayers.com/phpBB2/download/file.php?id=31949&t=1,40760
31950,data/images/orig/31950.jpg,http://johnlsayers.com/phpBB2/download/file.php?id=31950&t=1,35620
31951,data/images/orig/31951.jpg,http://johnlsayers.com/phpBB2/download/file.php?id=31951&t=1,33582
31952,data/images/orig/31952.jpg,http://johnlsayers.com/phpBB2/download/file.php?id=31952&t=1,35069
31953,data/images/orig/31953.jpg,http://johnlsayers.com/phpBB2/download/file.php?id=31953&t=1,30873
31954,data/images/orig/31954.jpg,http://johnlsayers.com/phpBB2/download/file.php?id=31954&t=1,30309
31955,data/images/orig/31955.jpg,http://johnlsayers.com/phpBB2/download/file.php?id=31955&t=1,33790
31956,data/images/orig/31956.jpg,http://johnlsayers.com/phpBB2/download/file.php?id=31956&t=1,21859
31957,data/images/orig/31957.jpg,http://johnlsayers.com/phpBB2/download/file.php?id=31957&t=1,38877
31958,data/images/orig/31958.jpg,http://johnlsayers.com/phpBB2/download/file.php?id=31958&t=1,35703
31959,data/images/orig/31959.jpg,http://johnlsayers.com/phpBB2/download/file.php?id=31959&t=1,32910
31960,data/images/orig/31960.jpg,http://johnlsayers.com/phpBB2/download/file.php?id=31960&t=1,32375
31961,data/images/orig/31961.jpg,http://johnlsayers.com/phpBB2/download/file.php?id=31961&t=1,30584
31962,data/images/orig/31962.jpg,http://johnlsayers.com/phpBB2/download/file.php?id=31962&t=1,23871
31963,data/images/orig/31963.jpg,http://johnlsayers.com/phpBB2/download/file.php?id=31963&t=1,27931
31964,data/images/orig/31964.jpg,http://johnlsayers.com/phpBB2/download/file.php?id=31964&t=1,23214
32171,data/images/orig/32171.jpg,http://johnlsayers.com/phpBB2/download/file.php?id=32171&t=1,28577
32227,data/images/orig/32227.jpg,http://johnlsayers.com/phpBB2/download/file.php?id=32227&t=1,25069
32228,data/images/orig/32228.jpg,http://johnlsayers.com/phpBB2/download/file.php?id=32228&t=1,27314
32229,data/images/orig/32229.jpg,http://johnlsayers.com/phpBB2/download/file.php?id=32229&t=1,17482
32230,data/images/orig/32230.jpg,http://johnlsayers.com/phpBB2/download/file.php?id=32230&t=1,22425
32231,data/images/orig/32231.jpg,http://johnlsayers.com/phpBB2/download/file.php?id=32231&t=1,28165
32232,data/images/orig/32232.jpg,http://johnlsayers.com/phpBB2/download/file.php?id=32232&t=1,27573
32233,data/images/orig/32233.jpg,http://johnlsayers.com/phpBB2/download/file.php?id=32233&t=1,27114
32234,data/images/orig/32234.jpg,http://johnlsayers.com/phpBB2/download/file.php?id=32234&t=1,22033
32235,data/images/orig/32235.jpg,http://johnlsayers.com/phpBB2/download/file.php?id=32235&t=1,38496
32236,data/images/orig/32236.jpg,http://johnlsayers.com/phpBB2/download/file.php?id=32236&t=1,34636
32237,data/images/orig/32237.jpg,http://johnlsayers.com/phpBB2/download/file.php?id=32237&t=1,34428
32238,data/images/orig/32238.jpg,http://johnlsayers.com/phpBB2/download/file.php?id=32238&t=1,31443
32239,data/images/orig/32239.jpg,http://johnlsayers.com/phpBB2/download/file.php?id=32239&t=1,28532
32240,data/images/orig/32240.jpg,http://johnlsayers.com/phpBB2/download/file.php?id=32240&t=1,29605
32241,data/images/orig/32241.jpg,http://johnlsayers.com/phpBB2/download/file.php?id=32241&t=1,33641
32243,data/images/orig/32243.jpg,http://johnlsayers.com/phpBB2/download/file.php?id=32243&t=1,27410
32244,data/images/orig/32244.jpg,http://johnlsayers.com/phpBB2/download/file.php?id=32244&t=1,31306
32245,data/images/orig/32245.jpg,http://johnlsayers.com/phpBB2/download/file.php?id=32245&t=1,34104
32246,data/images/orig/32246.jpg,http://johnlsayers.com/phpBB2/download/file.php?id=32246&t=1,44003
32247,data/images/orig/32247.jpg,http://johnlsayers.com/phpBB2/download/file.php?id=32247&t=1,20548
32303,data/images/orig/32303.jpg,http://johnlsayers.com/phpBB2/download/file.php?id=32303&t=1,32351
32305,data/images/orig/32305.jpg,http://johnlsayers.com/phpBB2/download/file.php?id=32305&t=1,34378
32306,data/images/orig/32306.jpg,http://johnlsayers.com/phpBB2/download/file.php?id=32306&t=1,36134
32307,data/images/orig/32307.jpg,http://johnlsayers.com/phpBB2/download/file.php?id=32307&t=1,33182
32308,data/images/orig/32308.jpg,http://johnlsayers.com/phpBB2/download/file.php?id=32308&t=1,24799
32309,data/images/orig/32309.jpg,http://johnlsayers.com/phpBB2/download/file.php?id=32309&t=1,27252
32312,data/images/orig/32312.jpg,http://johnlsayers.com/phpBB2/download/file.php?id=32312&t=1,29897
32313,data/images/orig/32313.jpg,http://johnlsayers.com/phpBB2/download/file.php?id=32313&t=1,40095
32316,data/images/orig/32316.jpg,http://johnlsayers.com/phpBB2/download/file.php?id=32316&t=1,37884
32317,data/images/orig/32317.jpg,http://johnlsayers.com/phpBB2/download/file.php?id=32317&t=1,30372
32318,data/images/orig/32318.jpg,http://johnlsayers.com/phpBB2/download/file.php?id=32318&t=1,35201
32341,data/images/orig/32341.jpg,http://johnlsayers.com/phpBB2/download/file.php?id=32341,12362
32352,data/images/orig/32352.jpg,http://johnlsayers.com/phpBB2/download/file.php?id=32352&t=1,37696
32353,data/images/orig/32353.jpg,http://johnlsayers.com/phpBB2/download/file.php?id=32353&t=1,38647
32354,data/images/orig/32354.jpg,http://johnlsayers.com/phpBB2/download/file.php?id=32354&t=1,37990
32355,data/images/orig/32355.jpg,http://johnlsayers.com/phpBB2/download/file.php?id=32355&t=1,43178
32356,data/images/orig/32356.jpg,http://johnlsayers.com/phpBB2/download/file.php?id=32356&t=1,38430
32357,data/images/orig/32357.jpg,http://johnlsayers.com/phpBB2/download/file.php?id=32357&t=1,30773
32358,data/images/orig/32358.jpg,http://johnlsayers.com/phpBB2/download/file.php?id=32358&t=1,26888
32359,data/images/orig/32359.jpg,http://johnlsayers.com/phpBB2/download/file.php?id=32359&t=1,24445
32360,data/images/orig/32360.jpg,http://johnlsayers.com/phpBB2/download/file.php?id=32360&t=1,26781
32361,data/images/orig/32361.jpg,http://johnlsayers.com/phpBB2/download/file.php?id=32361&t=1,27626
32362,data/images/orig/32362.jpg,http://johnlsayers.com/phpBB2/download/file.php?id=32362&t=1,32559
32363,data/images/orig/32363.jpg,http://johnlsayers.com/phpBB2/download/file.php?id=32363&t=1,22266
32364,data/images/orig/32364.jpg,http://johnlsayers.com/phpBB2/download/file.php?id=32364&t=1,30443
32365,data/images/orig/32365.jpg,http://johnlsayers.com/phpBB2/download/file.php?id=32365&t=1,21647
32372,data/images/orig/32372.jpg,http://johnlsayers.com/phpBB2/download/file.php?id=32372&t=1,32020
32401,data/images/orig/32401.jpg,http://johnlsayers.com/phpBB2/download/file.php?id=32401&t=1,24093
32402,data/images/orig/32402.jpg,http://johnlsayers.com/phpBB2/download/file.php?id=32402&t=1,23915
32445,data/images/orig/32445.jpg,http://johnlsayers.com/phpBB2/download/file.php?id=32445&t=1,35947
32446,data/images/orig/32446.jpg,http://johnlsayers.com/phpBB2/download/file.php?id=32446&t=1,38536
32453,data/images/orig/32453.jpg,http://johnlsayers.com/phpBB2/download/file.php?id=32453&t=1,32084
32454,data/images/orig/32454.jpg,http://johnlsayers.com/phpBB2/download/file.php?id=32454&t=1,34726
32455,data/images/orig/32455.jpg,http://johnlsayers.com/phpBB2/download/file.php?id=32455&t=1,32557
32475,data/images/orig/32475.jpg,http://johnlsayers.com/phpBB2/download/file.php?id=32475&t=1,41969
32476,data/images/orig/32476.jpg,http://johnlsayers.com/phpBB2/download/file.php?id=32476&t=1,34668
32477,data/images/orig/32477.jpg,http://johnlsayers.com/phpBB2/download/file.php?id=32477&t=1,33151
32478,data/images/orig/32478.jpg,http://johnlsayers.com/phpBB2/download/file.php?id=32478&t=1,30835
32479,data/images/orig/32479.jpg,http://johnlsayers.com/phpBB2/download/file.php?id=32479&t=1,36334
32484,data/images/orig/32484.jpg,http://johnlsayers.com/phpBB2/download/file.php?id=32484&t=1,38709
32490,data/images/orig/32490.jpg,http://johnlsayers.com/phpBB2/download/file.php?id=32490&t=1,20007
32521,data/images/orig/32521.jpg,http://johnlsayers.com/phpBB2/download/file.php?id=32521&t=1,36973
32522,data/images/orig/32522.jpg,http://johnlsayers.com/phpBB2/download/file.php?id=32522&t=1,33259
32523,data/images/orig/32523.jpg,http://johnlsayers.com/phpBB2/download/file.php?id=32523&t=1,27457
32525,data/images/orig/32525.jpg,http://johnlsayers.com/phpBB2/download/file.php?id=32525&t=1,18101
32526,data/images/orig/32526.jpg,http://johnlsayers.com/phpBB2/download/file.php?id=32526&t=1,15441
32589,data/images/orig/32589.jpg,http://johnlsayers.com/phpBB2/download/file.php?id=32589&t=1,29474
32590,data/images/orig/32590.jpg,http://johnlsayers.com/phpBB2/download/file.php?id=32590&t=1,21840
32591,data/images/orig/32591.jpg,http://johnlsayers.com/phpBB2/download/file.php?id=32591&t=1,19109
32592,data/images/orig/32592.jpg,http://johnlsayers.com/phpBB2/download/file.php?id=32592&t=1,14858
32593,data/images/orig/32593.jpg,http://johnlsayers.com/phpBB2/download/file.php?id=32593&t=1,16634
32594,data/images/orig/32594.jpg,http://johnlsayers.com/phpBB2/download/file.php?id=32594&t=1,20697
32595,data/images/orig/32595.jpg,http://johnlsayers.com/phpBB2/download/file.php?id=32595&t=1,36793
32596,data/images/orig/32596.jpg,http://johnlsayers.com/phpBB2/download/file.php?id=32596&t=1,21187
32597,data/images/orig/32597.jpg,http://johnlsayers.com/phpBB2/download/file.php?id=32597&t=1,25129
32598,data/images/orig/32598.jpg,http://johnlsayers.com/phpBB2/download/file.php?id=32598&t=1,36294
32599,data/images/orig/32599.jpg,http://johnlsayers.com/phpBB2/download/file.php?id=32599&t=1,31753
32678,data/images/orig/32678.jpg,http://johnlsayers.com/phpBB2/download/file.php?id=32678&t=1,24374
32679,data/images/orig/32679.jpg,http://johnlsayers.com/phpBB2/download/file.php?id=32679&t=1,26995
32680,data/images/orig/32680.jpg,http://johnlsayers.com/phpBB2/download/file.php?id=32680&t=1,30547
32763,data/images/orig/32763.jpg,http://johnlsayers.com/phpBB2/download/file.php?id=32763&t=1,35628
32764,data/images/orig/32764.jpg,http://johnlsayers.com/phpBB2/download/file.php?id=32764&t=1,39576
32765,data/images/orig/32765.jpg,http://johnlsayers.com/phpBB2/download/file.php?id=32765&t=1,45054
32766,data/images/orig/32766.jpg,http://johnlsayers.com/phpBB2/download/file.php?id=32766&t=1,32462
32767,data/images/orig/32767.jpg,http://johnlsayers.com/phpBB2/download/file.php?id=32767&t=1,37071
32794,data/images/orig/32794.jpg,http://johnlsayers.com/phpBB2/download/file.php?id=32794&t=1,15796
32795,data/images/orig/32795.jpg,http://johnlsayers.com/phpBB2/download/file.php?id=32795&t=1,18417
32796,data/images/orig/32796.jpg,http://johnlsayers.com/phpBB2/download/file.php?id=32796&t=1,38480
32797,data/images/orig/32797.jpg,http://johnlsayers.com/phpBB2/download/file.php?id=32797&t=1,29603
32798,data/images/orig/32798.jpg,http://johnlsayers.com/phpBB2/download/file.php?id=32798&t=1,42393
32802,data/images/orig/32802.jpg,http://johnlsayers.com/phpBB2/download/file.php?id=32802&t=1,20270
32803,data/images/orig/32803.jpg,http://johnlsayers.com/phpBB2/download/file.php?id=32803&t=1,19707
32804,data/images/orig/32804.jpg,http://johnlsayers.com/phpBB2/download/file.php?id=32804&t=1,21031
32805,data/images/orig/32805.jpg,http://johnlsayers.com/phpBB2/download/file.php?id=32805&t=1,19392
32806,data/images/orig/32806.jpg,http://johnlsayers.com/phpBB2/download/file.php?id=32806&t=1,25483
32841,data/images/orig/32841.jpg,http://johnlsayers.com/phpBB2/download/file.php?id=32841&t=1,23421
32842,data/images/orig/32842.jpg,http://johnlsayers.com/phpBB2/download/file.php?id=32842&t=1,29549
32843,data/images/orig/32843.jpg,http://johnlsayers.com/phpBB2/download/file.php?id=32843&t=1,24481
32870,data/images/orig/32870.jpg,http://johnlsayers.com/phpBB2/download/file.php?id=32870&t=1,27863
32871,data/images/orig/32871.jpg,http://johnlsayers.com/phpBB2/download/file.php?id=32871&t=1,28648
32872,data/images/orig/32872.jpg,http://johnlsayers.com/phpBB2/download/file.php?id=32872&t=1,28632
32886,data/images/orig/32886.jpg,http://johnlsayers.com/phpBB2/download/file.php?id=32886&t=1,20289
32887,data/images/orig/32887.jpg,http://johnlsayers.com/phpBB2/download/file.php?id=32887&t=1,22631
32888,data/images/orig/32888.jpg,http://johnlsayers.com/phpBB2/download/file.php?id=32888&t=1,19910
32889,data/images/orig/32889.jpg,http://johnlsayers.com/phpBB2/download/file.php?id=32889&t=1,21137
32890,data/images/orig/32890.jpg,http://johnlsayers.com/phpBB2/download/file.php?id=32890&t=1,16812
32891,data/images/orig/32891.jpg,http://johnlsayers.com/phpBB2/download/file.php?id=32891&t=1,25943
32892,data/images/orig/32892.jpg,http://johnlsayers.com/phpBB2/download/file.php?id=32892&t=1,27499
32893,data/images/orig/32893.jpg,http://johnlsayers.com/phpBB2/download/file.php?id=32893&t=1,34065
32894,data/images/orig/32894.jpg,http://johnlsayers.com/phpBB2/download/file.php?id=32894&t=1,31608
32895,data/images/orig/32895.jpg,http://johnlsayers.com/phpBB2/download/file.php?id=32895&t=1,38522
32896,data/images/orig/32896.jpg,http://johnlsayers.com/phpBB2/download/file.php?id=32896&t=1,32775
32901,data/images/orig/32901.jpg,http://johnlsayers.com/phpBB2/download/file.php?id=32901&t=1,36879
32959,data/images/orig/32959.jpg,http://johnlsayers.com/phpBB2/download/file.php?id=32959&t=1,33147
32960,data/images/orig/32960.jpg,http://johnlsayers.com/phpBB2/download/file.php?id=32960&t=1,24785
32961,data/images/orig/32961.jpg,http://johnlsayers.com/phpBB2/download/file.php?id=32961&t=1,22114
32962,data/images/orig/32962.jpg,http://johnlsayers.com/phpBB2/download/file.php?id=32962&t=1,29008
32963,data/images/orig/32963.jpg,http://johnlsayers.com/phpBB2/download/file.php?id=32963&t=1,23428
33043,data/images/orig/33043.jpg,http://johnlsayers.com/phpBB2/download/file.php?id=33043&t=1,32169
33044,data/images/orig/33044.jpg,http://johnlsayers.com/phpBB2/download/file.php?id=33044&t=1,26170
33045,data/images/orig/33045.jpg,http://johnlsayers.com/phpBB2/download/file.php?id=33045&t=1,27495
33046,data/images/orig/33046.jpg,http://johnlsayers.com/phpBB2/download/file.php?id=33046&t=1,26217
33053,data/images/orig/33053.jpg,http://johnlsayers.com/phpBB2/download/file.php?id=33053&t=1,25102
33054,data/images/orig/33054.jpg,http://johnlsayers.com/phpBB2/download/file.php?id=33054&t=1,22903
33055,data/images/orig/33055.jpg,http://johnlsayers.com/phpBB2/download/file.php?id=33055&t=1,28307
33056,data/images/orig/33056.jpg,http://johnlsayers.com/phpBB2/download/file.php?id=33056&t=1,20817
33058,data/images/orig/33058.jpg,http://johnlsayers.com/phpBB2/download/file.php?id=33058&t=1,22358
33104,data/images/orig/33104.jpg,http://johnlsayers.com/phpBB2/download/file.php?id=33104&t=1,41973
33111,data/images/orig/33111.jpg,http://johnlsayers.com/phpBB2/download/file.php?id=33111,22413
33112,data/images/orig/33112.jpg,http://johnlsayers.com/phpBB2/download/file.php?id=33112&t=1,25679
33126,data/images/orig/33126.jpg,http://johnlsayers.com/phpBB2/download/file.php?id=33126&t=1,31170
33127,data/images/orig/33127.jpg,http://johnlsayers.com/phpBB2/download/file.php?id=33127&t=1,33039
33128,data/images/orig/33128.jpg,http://johnlsayers.com/phpBB2/download/file.php?id=33128&t=1,26820
33129,data/images/orig/33129.jpg,http://johnlsayers.com/phpBB2/download/file.php?id=33129&t=1,28661
33130,data/images/orig/33130.jpg,http://johnlsayers.com/phpBB2/download/file.php?id=33130&t=1,24718
33131,data/images/orig/33131.jpg,http://johnlsayers.com/phpBB2/download/file.php?id=33131&t=1,26028
33132,data/images/orig/33132.jpg,http://johnlsayers.com/phpBB2/download/file.php?id=33132&t=1,42508
33133,data/images/orig/33133.jpg,http://johnlsayers.com/phpBB2/download/file.php?id=33133&t=1,31193
33134,data/images/orig/33134.jpg,http://johnlsayers.com/phpBB2/download/file.php?id=33134&t=1,26017
33135,data/images/orig/33135.jpg,http://johnlsayers.com/phpBB2/download/file.php?id=33135&t=1,34179
33136,data/images/orig/33136.jpg,http://johnlsayers.com/phpBB2/download/file.php?id=33136&t=1,34217
33137,data/images/orig/33137.jpg,http://johnlsayers.com/phpBB2/download/file.php?id=33137&t=1,21903
33225,data/images/orig/33225.jpg,http://johnlsayers.com/phpBB2/download/file.php?id=33225&t=1,23793
33226,data/images/orig/33226.jpg,http://johnlsayers.com/phpBB2/download/file.php?id=33226&t=1,23875
33230,data/images/orig/33230.jpg,http://johnlsayers.com/phpBB2/download/file.php?id=33230&t=1,28323
33231,data/images/orig/33231.jpg,http://johnlsayers.com/phpBB2/download/file.php?id=33231&t=1,29039
33232,data/images/orig/33232.jpg,http://johnlsayers.com/phpBB2/download/file.php?id=33232&t=1,30179
33233,data/images/orig/33233.jpg,http://johnlsayers.com/phpBB2/download/file.php?id=33233&t=1,26478
33234,data/images/orig/33234.jpg,http://johnlsayers.com/phpBB2/download/file.php?id=33234&t=1,29554
33235,data/images/orig/33235.jpg,http://johnlsayers.com/phpBB2/download/file.php?id=33235&t=1,27390
33236,data/images/orig/33236.jpg,http://johnlsayers.com/phpBB2/download/file.php?id=33236&t=1,28355
33237,data/images/orig/33237.jpg,http://johnlsayers.com/phpBB2/download/file.php?id=33237&t=1,25890
33238,data/images/orig/33238.jpg,http://johnlsayers.com/phpBB2/download/file.php?id=33238&t=1,25298
33239,data/images/orig/33239.jpg,http://johnlsayers.com/phpBB2/download/file.php?id=33239&t=1,30875
33240,data/images/orig/33240.jpg,http://johnlsayers.com/phpBB2/download/file.php?id=33240&t=1,32664
33241,data/images/orig/33241.jpg,http://johnlsayers.com/phpBB2/download/file.php?id=33241&t=1,30132
33242,data/images/orig/33242.jpg,http://johnlsayers.com/phpBB2/download/file.php?id=33242&t=1,34434
33243,data/images/orig/33243.jpg,http://johnlsayers.com/phpBB2/download/file.php?id=33243&t=1,27417
33244,data/images/orig/33244.jpg,http://johnlsayers.com/phpBB2/download/file.php?id=33244&t=1,38786
33245,data/images/orig/33245.jpg,http://johnlsayers.com/phpBB2/download/file.php?id=33245&t=1,21304
33246,data/images/orig/33246.jpg,http://johnlsayers.com/phpBB2/download/file.php?id=33246&t=1,21371
33247,data/images/orig/33247.jpg,http://johnlsayers.com/phpBB2/download/file.php?id=33247,45048
33256,data/images/orig/33256.jpg,http://johnlsayers.com/phpBB2/download/file.php?id=33256&t=1,24986
33257,data/images/orig/33257.jpg,http://johnlsayers.com/phpBB2/download/file.php?id=33257&t=1,22215
33258,data/images/orig/33258.jpg,http://johnlsayers.com/phpBB2/download/file.php?id=33258&t=1,24690
33259,data/images/orig/33259.jpg,http://johnlsayers.com/phpBB2/download/file.php?id=33259&t=1,25234
33263,data/images/orig/33263.jpg,http://johnlsayers.com/phpBB2/download/file.php?id=33263&t=1,20827
33264,data/images/orig/33264.jpg,http://johnlsayers.com/phpBB2/download/file.php?id=33264&t=1,27258
33368,data/images/orig/33368.jpg,http://johnlsayers.com/phpBB2/download/file.php?id=33368,47634
33369,data/images/orig/33369.jpg,http://johnlsayers.com/phpBB2/download/file.php?id=33369,39356
33370,data/images/orig/33370.jpg,http://johnlsayers.com/phpBB2/download/file.php?id=33370,48281
33371,data/images/orig/33371.jpg,http://johnlsayers.com/phpBB2/download/file.php?id=33371,51383
33372,data/images/orig/33372.jpg,http://johnlsayers.com/phpBB2/download/file.php?id=33372,52665
33374,data/images/orig/33374.jpg,http://johnlsayers.com/phpBB2/download/file.php?id=33374&t=1,31579
33375,data/images/orig/33375.jpg,http://johnlsayers.com/phpBB2/download/file.php?id=33375&t=1,24905
33376,data/images/orig/33376.jpg,http://johnlsayers.com/phpBB2/download/file.php?id=33376&t=1,25159
33387,data/images/orig/33387.jpg,http://johnlsayers.com/phpBB2/download/file.php?id=33387&t=1,35210
33441,data/images/orig/33441.jpg,http://johnlsayers.com/phpBB2/download/file.php?id=33441,58600
33442,data/images/orig/33442.jpg,http://johnlsayers.com/phpBB2/download/file.php?id=33442,47841
33443,data/images/orig/33443.jpg,http://johnlsayers.com/phpBB2/download/file.php?id=33443,67251
33444,data/images/orig/33444.jpg,http://johnlsayers.com/phpBB2/download/file.php?id=33444,59518
33445,data/images/orig/33445.jpg,http://johnlsayers.com/phpBB2/download/file.php?id=33445,39892
33446,data/images/orig/33446.jpg,http://johnlsayers.com/phpBB2/download/file.php?id=33446,43608
33447,data/images/orig/33447.jpg,http://johnlsayers.com/phpBB2/download/file.php?id=33447,50300
33448,data/images/orig/33448.jpg,http://johnlsayers.com/phpBB2/download/file.php?id=33448,34846
33481,data/images/orig/33481.jpg,http://johnlsayers.com/phpBB2/download/file.php?id=33481&t=1,30533
33482,data/images/orig/33482.jpg,http://johnlsayers.com/phpBB2/download/file.php?id=33482&t=1,24555
33483,data/images/orig/33483.jpg,http://johnlsayers.com/phpBB2/download/file.php?id=33483&t=1,29530
33487,data/images/orig/33487.jpg,http://johnlsayers.com/phpBB2/download/file.php?id=33487&t=1,18195
33488,data/images/orig/33488.jpg,http://johnlsayers.com/phpBB2/download/file.php?id=33488&t=1,37524
33489,data/images/orig/33489.jpg,http://johnlsayers.com/phpBB2/download/file.php?id=33489&t=1,40394
33496,data/images/orig/33496.jpg,http://johnlsayers.com/phpBB2/download/file.php?id=33496&t=1,31665
33497,data/images/orig/33497.jpg,http://johnlsayers.com/phpBB2/download/file.php?id=33497&t=1,44929
33518,data/images/orig/33518.jpg,http://johnlsayers.com/phpBB2/download/file.php?id=33518&t=1,13566
33519,data/images/orig/33519.jpg,http://johnlsayers.com/phpBB2/download/file.php?id=33519&t=1,20710
33568,data/images/orig/33568.jpg,http://johnlsayers.com/phpBB2/download/file.php?id=33568&t=1,30218
33569,data/images/orig/33569.jpg,http://johnlsayers.com/phpBB2/download/file.php?id=33569&t=1,37705
33570,data/images/orig/33570.jpg,http://johnlsayers.com/phpBB2/download/file.php?id=33570&t=1,37872
33571,data/images/orig/33571.jpg,http://johnlsayers.com/phpBB2/download/file.php?id=33571&t=1,37487
33574,data/images/orig/33574.jpg,http://johnlsayers.com/phpBB2/download/file.php?id=33574&t=1,22250
33575,data/images/orig/33575.jpg,http://johnlsayers.com/phpBB2/download/file.php?id=33575&t=1,29150
33587,data/images/orig/33587.jpg,http://johnlsayers.com/phpBB2/download/file.php?id=33587&t=1,34514
33635,data/images/orig/33635.jpg,http://johnlsayers.com/phpBB2/download/file.php?id=33635&t=1,21978
33636,data/images/orig/33636.jpg,http://johnlsayers.com/phpBB2/download/file.php?id=33636&t=1,25837
33637,data/images/orig/33637.jpg,http://johnlsayers.com/phpBB2/download/file.php?id=33637&t=1,26819
33643,data/images/orig/33643.jpg,http://johnlsayers.com/phpBB2/download/file.php?id=33643&t=1,34775
33644,data/images/orig/33644.jpg,http://johnlsayers.com/phpBB2/download/file.php?id=33644&t=1,33934
33645,data/images/orig/33645.jpg,http://johnlsayers.com/phpBB2/download/file.php?id=33645&t=1,32536
33646,data/images/orig/33646.jpg,http://johnlsayers.com/phpBB2/download/file.php?id=33646&t=1,31252
33647,data/images/orig/33647.jpg,http://johnlsayers.com/phpBB2/download/file.php?id=33647&t=1,26931
33648,data/images/orig/33648.jpg,http://johnlsayers.com/phpBB2/download/file.php?id=33648&t=1,31807
33649,data/images/orig/33649.jpg,http://johnlsayers.com/phpBB2/download/file.php?id=33649&t=1,41518
33650,data/images/orig/33650.jpg,http://johnlsayers.com/phpBB2/download/file.php?id=33650&t=1,30001
33651,data/images/orig/33651.jpg,http://johnlsayers.com/phpBB2/download/file.php?id=33651&t=1,34014
33655,data/images/orig/33655.jpg,http://johnlsayers.com/phpBB2/download/file.php?id=33655&t=1,28316
33656,data/images/orig/33656.jpg,http://johnlsayers.com/phpBB2/download/file.php?id=33656&t=1,28288
33658,data/images/orig/33658.jpg,http://johnlsayers.com/phpBB2/download/file.php?id=33658&t=1,31028
33659,data/images/orig/33659.jpg,http://johnlsayers.com/phpBB2/download/file.php?id=33659&t=1,27054
33678,data/images/orig/33678.jpg,http://johnlsayers.com/phpBB2/download/file.php?id=33678&t=1,22568
33688,data/images/orig/33688.jpg,http://johnlsayers.com/phpBB2/download/file.php?id=33688&t=1,33471
33689,data/images/orig/33689.jpg,http://johnlsayers.com/phpBB2/download/file.php?id=33689&t=1,31506
33690,data/images/orig/33690.jpg,http://johnlsayers.com/phpBB2/download/file.php?id=33690&t=1,35574
33691,data/images/orig/33691.jpg,http://johnlsayers.com/phpBB2/download/file.php?id=33691&t=1,33355
33692,data/images/orig/33692.jpg,http://johnlsayers.com/phpBB2/download/file.php?id=33692&t=1,31747
33693,data/images/orig/33693.jpg,http://johnlsayers.com/phpBB2/download/file.php?id=33693&t=1,33485
33694,data/images/orig/33694.jpg,http://johnlsayers.com/phpBB2/download/file.php?id=33694&t=1,29556
33695,data/images/orig/33695.jpg,http://johnlsayers.com/phpBB2/download/file.php?id=33695&t=1,22389
33696,data/images/orig/33696.jpg,http://johnlsayers.com/phpBB2/download/file.php?id=33696&t=1,30561
33697,data/images/orig/33697.jpg,http://johnlsayers.com/phpBB2/download/file.php?id=33697&t=1,24315
33698,data/images/orig/33698.jpg,http://johnlsayers.com/phpBB2/download/file.php?id=33698&t=1,27377
33699,data/images/orig/33699.jpg,http://johnlsayers.com/phpBB2/download/file.php?id=33699&t=1,32544
33700,data/images/orig/33700.jpg,http://johnlsayers.com/phpBB2/download/file.php?id=33700&t=1,22668
33701,data/images/orig/33701.jpg,http://johnlsayers.com/phpBB2/download/file.php?id=33701&t=1,26849
33702,data/images/orig/33702.jpg,http://johnlsayers.com/phpBB2/download/file.php?id=33702&t=1,28131
33703,data/images/orig/33703.jpg,http://johnlsayers.com/phpBB2/download/file.php?id=33703&t=1,30701
33704,data/images/orig/33704.jpg,http://johnlsayers.com/phpBB2/download/file.php?id=33704&t=1,31105
33705,data/images/orig/33705.jpg,http://johnlsayers.com/phpBB2/download/file.php?id=33705&t=1,34963
33710,data/images/orig/33710.jpg,http://johnlsayers.com/phpBB2/download/file.php?id=33710&t=1,25787
33717,data/images/orig/33717.jpg,http://johnlsayers.com/phpBB2/download/file.php?id=33717&t=1,34577
33718,data/images/orig/33718.jpg,http://johnlsayers.com/phpBB2/download/file.php?id=33718&t=1,28118
33719,data/images/orig/33719.jpg,http://johnlsayers.com/phpBB2/download/file.php?id=33719&t=1,24670
33720,data/images/orig/33720.jpg,http://johnlsayers.com/phpBB2/download/file.php?id=33720&t=1,29599
33721,data/images/orig/33721.jpg,http://johnlsayers.com/phpBB2/download/file.php?id=33721&t=1,26499
33722,data/images/orig/33722.jpg,http://johnlsayers.com/phpBB2/download/file.php?id=33722&t=1,25031
33723,data/images/orig/33723.jpg,http://johnlsayers.com/phpBB2/download/file.php?id=33723&t=1,25307
33724,data/images/orig/33724.jpg,http://johnlsayers.com/phpBB2/download/file.php?id=33724&t=1,23694
33730,data/images/orig/33730.jpg,http://johnlsayers.com/phpBB2/download/file.php?id=33730&t=1,27934
33737,data/images/orig/33737.jpg,http://johnlsayers.com/phpBB2/download/file.php?id=33737&t=1,28822
33766,data/images/orig/33766.jpg,http://johnlsayers.com/phpBB2/download/file.php?id=33766&t=1,25708
33771,data/images/orig/33771.jpg,http://johnlsayers.com/phpBB2/download/file.php?id=33771&t=1,13211
33772,data/images/orig/33772.jpg,http://johnlsayers.com/phpBB2/download/file.php?id=33772&t=1,14749
33774,data/images/orig/33774.jpg,http://johnlsayers.com/phpBB2/download/file.php?id=33774,54816
33776,data/images/orig/33776.jpg,http://johnlsayers.com/phpBB2/download/file.php?id=33776,45811
33777,data/images/orig/33777.jpg,http://johnlsayers.com/phpBB2/download/file.php?id=33777,44057
33778,data/images/orig/33778.jpg,http://johnlsayers.com/phpBB2/download/file.php?id=33778,42441
33779,data/images/orig/33779.jpg,http://johnlsayers.com/phpBB2/download/file.php?id=33779,28396
33780,data/images/orig/33780.jpg,http://johnlsayers.com/phpBB2/download/file.php?id=33780,54617
33781,data/images/orig/33781.jpg,http://johnlsayers.com/phpBB2/download/file.php?id=33781,52786
33782,data/images/orig/33782.jpg,http://johnlsayers.com/phpBB2/download/file.php?id=33782,57979
33783,data/images/orig/33783.jpg,http://johnlsayers.com/phpBB2/download/file.php?id=33783,53823
33784,data/images/orig/33784.jpg,http://johnlsayers.com/phpBB2/download/file.php?id=33784,52335
33785,data/images/orig/33785.jpg,http://johnlsayers.com/phpBB2/download/file.php?id=33785,44030
33786,data/images/orig/33786.jpg,http://johnlsayers.com/phpBB2/download/file.php?id=33786,44262
33792,data/images/orig/33792.bmp,http://johnlsayers.com/phpBB2/download/file.php?id=33792,90294
33860,data/images/orig/33860.jpg,http://johnlsayers.com/phpBB2/download/file.php?id=33860&t=1,31969
33861,data/images/orig/33861.jpg,http://johnlsayers.com/phpBB2/download/file.php?id=33861&t=1,33186
33985,data/images/orig/33985.jpg,http://johnlsayers.com/phpBB2/download/file.php?id=33985&t=1,21590
33986,data/images/orig/33986.jpg,http://johnlsayers.com/phpBB2/download/file.php?id=33986&t=1,25613
33987,data/images/orig/33987.jpg,http://johnlsayers.com/phpBB2/download/file.php?id=33987&t=1,19102
33988,data/images/orig/33988.jpg,http://johnlsayers.com/phpBB2/download/file.php?id=33988&t=1,23585
33989,data/images/orig/33989.jpg,http://johnlsayers.com/phpBB2/download/file.php?id=33989&t=1,22721
33990,data/images/orig/33990.jpg,http://johnlsayers.com/phpBB2/download/file.php?id=33990&t=1,20720
33991,data/images/orig/33991.jpg,http://johnlsayers.com/phpBB2/download/file.php?id=33991&t=1,29071
33992,data/images/orig/33992.jpg,http://johnlsayers.com/phpBB2/download/file.php?id=33992&t=1,25133
33993,data/images/orig/33993.jpg,http://johnlsayers.com/phpBB2/download/file.php?id=33993&t=1,19289
33994,data/images/orig/33994.jpg,http://johnlsayers.com/phpBB2/download/file.php?id=33994&t=1,24351
33995,data/images/orig/33995.jpg,http://johnlsayers.com/phpBB2/download/file.php?id=33995&t=1,25318
33996,data/images/orig/33996.jpg,http://johnlsayers.com/phpBB2/download/file.php?id=33996&t=1,25247
33997,data/images/orig/33997.jpg,http://johnlsayers.com/phpBB2/download/file.php?id=33997&t=1,25013
33998,data/images/orig/33998.jpg,http://johnlsayers.com/phpBB2/download/file.php?id=33998&t=1,28557
33999,data/images/orig/33999.jpg,http://johnlsayers.com/phpBB2/download/file.php?id=33999&t=1,27414
34000,data/images/orig/34000.jpg,http://johnlsayers.com/phpBB2/download/file.php?id=34000&t=1,23696
34001,data/images/orig/34001.jpg,http://johnlsayers.com/phpBB2/download/file.php?id=34001&t=1,19864
34002,data/images/orig/34002.jpg,http://johnlsayers.com/phpBB2/download/file.php?id=34002&t=1,24485
34003,data/images/orig/34003.jpg,http://johnlsayers.com/phpBB2/download/file.php?id=34003&t=1,18995
34004,data/images/orig/34004.jpg,http://johnlsayers.com/phpBB2/download/file.php?id=34004&t=1,26562
34005,data/images/orig/34005.jpg,http://johnlsayers.com/phpBB2/download/file.php?id=34005&t=1,28597
34006,data/images/orig/34006.jpg,http://johnlsayers.com/phpBB2/download/file.php?id=34006&t=1,19310
34007,data/images/orig/34007.jpg,http://johnlsayers.com/phpBB2/download/file.php?id=34007&t=1,35384
34008,data/images/orig/34008.jpg,http://johnlsayers.com/phpBB2/download/file.php?id=34008&t=1,22568
34037,data/images/orig/34037.png,http://johnlsayers.com/phpBB2/download/file.php?id=34037&t=1,64872
34062,data/images/orig/34062.png,http://johnlsayers.com/phpBB2/download/file.php?id=34062&t=1,79770
34063,data/images/orig/34063.png,http://johnlsayers.com/phpBB2/download/file.php?id=34063&t=1,81141
34071,data/images/orig/34071.png,http://johnlsayers.com/phpBB2/download/file.php?id=34071&t=1,86311
34072,data/images/orig/34072.jpg,http://johnlsayers.com/phpBB2/download/file.php?id=34072&t=1,38241
34073,data/images/orig/34073.jpg,http://johnlsayers.com/phpBB2/download/file.php?id=34073&t=1,29030
34074,data/images/orig/34074.jpg,http://johnlsayers.com/phpBB2/download/file.php?id=34074&t=1,33249
34076,data/images/orig/34076.jpg,http://johnlsayers.com/phpBB2/download/file.php?id=34076&t=1,19628
34089,data/images/orig/34089.jpg,http://johnlsayers.com/phpBB2/download/file.php?id=34089,52197
34090,data/images/orig/34090.jpg,http://johnlsayers.com/phpBB2/download/file.php?id=34090,33261
34091,data/images/orig/34091.jpg,http://johnlsayers.com/phpBB2/download/file.php?id=34091,35221
34093,data/images/orig/34093.jpg,http://johnlsayers.com/phpBB2/download/file.php?id=34093,26675
34094,data/images/orig/34094.jpg,http://johnlsayers.com/phpBB2/download/file.php?id=34094,25710
34095,data/images/orig/34095.jpg,http://johnlsayers.com/phpBB2/download/file.php?id=34095,28749
34096,data/images/orig/34096.jpg,http://johnlsayers.com/phpBB2/download/file.php?id=34096,37168
34097,data/images/orig/34097.jpg,http://johnlsayers.com/phpBB2/download/file.php?id=34097,33244
34098,data/images/orig/34098.jpg,http://johnlsayers.com/phpBB2/download/file.php?id=34098,37682
34099,data/images/orig/34099.jpg,http://johnlsayers.com/phpBB2/download/file.php?id=34099,49735
34100,data/images/orig/34100.jpg,http://johnlsayers.com/phpBB2/download/file.php?id=34100,56881
34101,data/images/orig/34101.jpg,http://johnlsayers.com/phpBB2/download/file.php?id=34101,48174
34102,data/images/orig/34102.jpg,http://johnlsayers.com/phpBB2/download/file.php?id=34102,46370
34103,data/images/orig/34103.jpg,http://johnlsayers.com/phpBB2/download/file.php?id=34103,54820
34104,data/images/orig/34104.jpg,http://johnlsayers.com/phpBB2/download/file.php?id=34104,37841
34105,data/images/orig/34105.jpg,http://johnlsayers.com/phpBB2/download/file.php?id=34105,35915
34106,data/images/orig/34106.jpg,http://johnlsayers.com/phpBB2/download/file.php?id=34106,59202
34150,data/images/orig/34150.png,http://johnlsayers.com/phpBB2/download/file.php?id=34150&t=1,52744
34152,data/images/orig/34152.png,http://johnlsayers.com/phpBB2/download/file.php?id=34152&t=1,33224
34153,data/images/orig/34153.png,http://johnlsayers.com/phpBB2/download/file.php?id=34153&t=1,47317
34156,data/images/orig/34156.png,http://johnlsayers.com/phpBB2/download/file.php?id=34156&t=1,39984
34247,data/images/orig/34247.jpg,http://johnlsayers.com/phpBB2/download/file.php?id=34247&t=1,37104
34248,data/images/orig/34248.jpg,http://johnlsayers.com/phpBB2/download/file.php?id=34248&t=1,27708
34251,data/images/orig/34251.jpg,http://johnlsayers.com/phpBB2/download/file.php?id=34251&t=1,18823
34252,data/images/orig/34252.jpg,http://johnlsayers.com/phpBB2/download/file.php?id=34252&t=1,36813
34265,data/images/orig/34265.png,http://johnlsayers.com/phpBB2/download/file.php?id=34265&t=1,44970
34286,data/images/orig/34286.jpg,http://johnlsayers.com/phpBB2/download/file.php?id=34286&t=1,13791
34315,data/images/orig/34315.jpg,http://johnlsayers.com/phpBB2/download/file.php?id=34315&t=1,23059
34316,data/images/orig/34316.jpg,http://johnlsayers.com/phpBB2/download/file.php?id=34316&t=1,11322
34317,data/images/orig/34317.jpg,http://johnlsayers.com/phpBB2/download/file.php?id=34317&t=1,15894
34319,data/images/orig/34319.jpg,http://johnlsayers.com/phpBB2/download/file.php?id=34319&t=1,15336
34320,data/images/orig/34320.jpg,http://johnlsayers.com/phpBB2/download/file.php?id=34320&t=1,12017
34414,data/images/orig/34414.jpg,http://johnlsayers.com/phpBB2/download/file.php?id=34414&t=1,23307
34415,data/images/orig/34415.jpg,http://johnlsayers.com/phpBB2/download/file.php?id=34415&t=1,35535
34434,data/images/orig/34434.jpg,http://johnlsayers.com/phpBB2/download/file.php?id=34434&t=1,23606
34439,data/images/orig/34439.jpg,http://johnlsayers.com/phpBB2/download/file.php?id=34439&t=1,18679
34453,data/images/orig/34453.jpg,http://johnlsayers.com/phpBB2/download/file.php?id=34453&t=1,21650
34478,data/images/orig/34478.jpg,http://johnlsayers.com/phpBB2/download/file.php?id=34478&t=1,27391
34479,data/images/orig/34479.jpg,http://johnlsayers.com/phpBB2/download/file.php?id=34479&t=1,22160
34498,data/images/orig/34498.jpg,http://johnlsayers.com/phpBB2/download/file.php?id=34498&t=1,27593
34499,data/images/orig/34499.jpg,http://johnlsayers.com/phpBB2/download/file.php?id=34499&t=1,23270
34500,data/images/orig/34500.jpg,http://johnlsayers.com/phpBB2/download/file.php?id=34500&t=1,33848
34505,data/images/orig/34505.jpg,http://johnlsayers.com/phpBB2/download/file.php?id=34505&t=1,25018
34506,data/images/orig/34506.jpg,http://johnlsayers.com/phpBB2/download/file.php?id=34506&t=1,26988
34507,data/images/orig/34507.jpg,http://johnlsayers.com/phpBB2/download/file.php?id=34507&t=1,26019
34513,data/images/orig/34513.jpg,http://johnlsayers.com/phpBB2/download/file.php?id=34513&t=1,13075
34514,data/images/orig/34514.jpg,http://johnlsayers.com/phpBB2/download/file.php?id=34514,30286
34527,data/images/orig/34527.jpg,http://johnlsayers.com/phpBB2/download/file.php?id=34527&t=1,19748
34528,data/images/orig/34528.jpg,http://johnlsayers.com/phpBB2/download/file.php?id=34528&t=1,24792
34529,data/images/orig/34529.jpg,http://johnlsayers.com/phpBB2/download/file.php?id=34529&t=1,19481
34530,data/images/orig/34530.jpg,http://johnlsayers.com/phpBB2/download/file.php?id=34530&t=1,21645
34531,data/images/orig/34531.jpg,http://johnlsayers.com/phpBB2/download/file.php?id=34531&t=1,11689
34532,data/images/orig/34532.jpg,http://johnlsayers.com/phpBB2/download/file.php?id=34532&t=1,20300
34533,data/images/orig/34533.jpg,http://johnlsayers.com/phpBB2/download/file.php?id=34533&t=1,10368
34534,data/images/orig/34534.jpg,http://johnlsayers.com/phpBB2/download/file.php?id=34534&t=1,15134
34535,data/images/orig/34535.jpg,http://johnlsayers.com/phpBB2/download/file.php?id=34535&t=1,22717
34536,data/images/orig/34536.jpg,http://johnlsayers.com/phpBB2/download/file.php?id=34536&t=1,9507
34547,data/images/orig/34547.jpg,http://johnlsayers.com/phpBB2/download/file.php?id=34547&t=1,25056
34548,data/images/orig/34548.jpg,http://johnlsayers.com/phpBB2/download/file.php?id=34548&t=1,28185
34549,data/images/orig/34549.jpg,http://johnlsayers.com/phpBB2/download/file.php?id=34549&t=1,24003
34550,data/images/orig/34550.jpg,http://johnlsayers.com/phpBB2/download/file.php?id=34550&t=1,20636
34561,data/images/orig/34561.jpg,http://johnlsayers.com/phpBB2/download/file.php?id=34561&t=1,28213
34562,data/images/orig/34562.jpg,http://johnlsayers.com/phpBB2/download/file.php?id=34562&t=1,32352
34563,data/images/orig/34563.jpg,http://johnlsayers.com/phpBB2/download/file.php?id=34563&t=1,22611
34564,data/images/orig/34564.jpg,http://johnlsayers.com/phpBB2/download/file.php?id=34564&t=1,21998
34565,data/images/orig/34565.jpg,http://johnlsayers.com/phpBB2/download/file.php?id=34565&t=1,23202
34566,data/images/orig/34566.jpg,http://johnlsayers.com/phpBB2/download/file.php?id=34566&t=1,27822
34608,data/images/orig/34608.jpg,http://johnlsayers.com/phpBB2/download/file.php?id=34608&t=1,18851
34609,data/images/orig/34609.jpg,http://johnlsayers.com/phpBB2/download/file.php?id=34609&t=1,19243
34610,data/images/orig/34610.jpg,http://johnlsayers.com/phpBB2/download/file.php?id=34610&t=1,20671
34611,data/images/orig/34611.jpg,http://johnlsayers.com/phpBB2/download/file.php?id=34611&t=1,16574
34612,data/images/orig/34612.jpg,http://johnlsayers.com/phpBB2/download/file.php?id=34612&t=1,21447
34613,data/images/orig/34613.jpg,http://johnlsayers.com/phpBB2/download/file.php?id=34613&t=1,22185
34614,data/images/orig/34614.jpg,http://johnlsayers.com/phpBB2/download/file.php?id=34614&t=1,22611
34647,data/images/orig/34647.jpg,http://johnlsayers.com/phpBB2/download/file.php?id=34647&t=1,22604
34648,data/images/orig/34648.jpg,http://johnlsayers.com/phpBB2/download/file.php?id=34648&t=1,21642
34649,data/images/orig/34649.jpg,http://johnlsayers.com/phpBB2/download/file.php?id=34649&t=1,19762
34658,data/images/orig/34658.jpg,http://johnlsayers.com/phpBB2/download/file.php?id=34658&t=1,30111
34659,data/images/orig/34659.jpg,http://johnlsayers.com/phpBB2/download/file.php?id=34659&t=1,12929
34660,data/images/orig/34660.jpg,http://johnlsayers.com/phpBB2/download/file.php?id=34660&t=1,12158
34661,data/images/orig/34661.jpg,http://johnlsayers.com/phpBB2/download/file.php?id=34661&t=1,21418
34662,data/images/orig/34662.jpg,http://johnlsayers.com/phpBB2/download/file.php?id=34662&t=1,12382
34673,data/images/orig/34673.jpg,http://johnlsayers.com/phpBB2/download/file.php?id=34673&t=1,30491
34674,data/images/orig/34674.jpg,http://johnlsayers.com/phpBB2/download/file.php?id=34674&t=1,21697
34694,data/images/orig/34694.jpg,http://johnlsayers.com/phpBB2/download/file.php?id=34694&t=1,31092
34695,data/images/orig/34695.jpg,http://johnlsayers.com/phpBB2/download/file.php?id=34695&t=1,19116
34696,data/images/orig/34696.jpg,http://johnlsayers.com/phpBB2/download/file.php?id=34696&t=1,29868
34697,data/images/orig/34697.jpg,http://johnlsayers.com/phpBB2/download/file.php?id=34697&t=1,22836
34698,data/images/orig/34698.jpg,http://johnlsayers.com/phpBB2/download/file.php?id=34698&t=1,22280
34699,data/images/orig/34699.jpg,http://johnlsayers.com/phpBB2/download/file.php?id=34699&t=1,33522
34700,data/images/orig/34700.jpg,http://johnlsayers.com/phpBB2/download/file.php?id=34700&t=1,29519
34701,data/images/orig/34701.jpg,http://johnlsayers.com/phpBB2/download/file.php?id=34701&t=1,13475
34702,data/images/orig/34702.jpg,http://johnlsayers.com/phpBB2/download/file.php?id=34702&t=1,16250
34703,data/images/orig/34703.jpg,http://johnlsayers.com/phpBB2/download/file.php?id=34703&t=1,24838
34759,data/images/orig/34759.jpg,http://johnlsayers.com/phpBB2/download/file.php?id=34759&t=1,34722
34760,data/images/orig/34760.jpg,http://johnlsayers.com/phpBB2/download/file.php?id=34760&t=1,44133
34762,data/images/orig/34762.jpg,http://johnlsayers.com/phpBB2/download/file.php?id=34762&t=1,46826
34763,data/images/orig/34763.jpg,http://johnlsayers.com/phpBB2/download/file.php?id=34763&t=1,50190
34764,data/images/orig/34764.jpg,http://johnlsayers.com/phpBB2/download/file.php?id=34764&t=1,52785
34765,data/images/orig/34765.jpg,http://johnlsayers.com/phpBB2/download/file.php?id=34765&t=1,50830
34766,data/images/orig/34766.jpg,http://johnlsayers.com/phpBB2/download/file.php?id=34766&t=1,57882
34767,data/images/orig/34767.jpg,http://johnlsayers.com/phpBB2/download/file.php?id=34767&t=1,53109
34768,data/images/orig/34768.jpg,http://johnlsayers.com/phpBB2/download/file.php?id=34768&t=1,57441
34769,data/images/orig/34769.jpg,http://johnlsayers.com/phpBB2/download/file.php?id=34769&t=1,55709
34770,data/images/orig/34770.jpg,http://johnlsayers.com/phpBB2/download/file.php?id=34770&t=1,54232
34771,data/images/orig/34771.jpg,http://johnlsayers.com/phpBB2/download/file.php?id=34771&t=1,52971
34774,data/images/orig/34774.jpg,http://johnlsayers.com/phpBB2/download/file.php?id=34774&t=1,32442
34775,data/images/orig/34775.jpg,http://johnlsayers.com/phpBB2/download/file.php?id=34775&t=1,38085
34776,data/images/orig/34776.jpg,http://johnlsayers.com/phpBB2/download/file.php?id=34776&t=1,48313
34777,data/images/orig/34777.jpg,http://johnlsayers.com/phpBB2/download/file.php?id=34777&t=1,37658
34778,data/images/orig/34778.jpg,http://johnlsayers.com/phpBB2/download/file.php?id=34778&t=1,39535
34779,data/images/orig/34779.jpg,http://johnlsayers.com/phpBB2/download/file.php?id=34779&t=1,27031
34780,data/images/orig/34780.jpg,http://johnlsayers.com/phpBB2/download/file.php?id=34780&t=1,57653
34781,data/images/orig/34781.jpg,http://johnlsayers.com/phpBB2/download/file.php?id=34781&t=1,54130
34782,data/images/orig/34782.jpg,http://johnlsayers.com/phpBB2/download/file.php?id=34782&t=1,41139
34783,data/images/orig/34783.jpg,http://johnlsayers.com/phpBB2/download/file.php?id=34783&t=1,53207
34784,data/images/orig/34784.jpg,http://johnlsayers.com/phpBB2/download/file.php?id=34784&t=1,42505
34790,data/images/orig/34790.jpg,http://johnlsayers.com/phpBB2/download/file.php?id=34790&t=1,50087
34791,data/images/orig/34791.jpg,http://johnlsayers.com/phpBB2/download/file.php?id=34791&t=1,45118
34793,data/images/orig/34793.jpg,http://johnlsayers.com/phpBB2/download/file.php?id=34793&t=1,47670
34794,data/images/orig/34794.jpg,http://johnlsayers.com/phpBB2/download/file.php?id=34794&t=1,56226
34795,data/images/orig/34795.jpg,http://johnlsayers.com/phpBB2/download/file.php?id=34795&t=1,46203
34796,data/images/orig/34796.jpg,http://johnlsayers.com/phpBB2/download/file.php?id=34796&t=1,36397
34798,data/images/orig/34798.jpg,http://johnlsayers.com/phpBB2/download/file.php?id=34798&t=1,47815
34799,data/images/orig/34799.jpg,http://johnlsayers.com/phpBB2/download/file.php?id=34799&t=1,45507
34800,data/images/orig/34800.jpg,http://johnlsayers.com/phpBB2/download/file.php?id=34800&t=1,42600
34801,data/images/orig/34801.jpg,http://johnlsayers.com/phpBB2/download/file.php?id=34801&t=1,46547
34802,data/images/orig/34802.jpg,http://johnlsayers.com/phpBB2/download/file.php?id=34802&t=1,30567
34803,data/images/orig/34803.jpg,http://johnlsayers.com/phpBB2/download/file.php?id=34803&t=1,48035
34804,data/images/orig/34804.jpg,http://johnlsayers.com/phpBB2/download/file.php?id=34804&t=1,51292
34805,data/images/orig/34805.jpg,http://johnlsayers.com/phpBB2/download/file.php?id=34805&t=1,56174
34806,data/images/orig/34806.jpg,http://johnlsayers.com/phpBB2/download/file.php?id=34806&t=1,39407
34807,data/images/orig/34807.jpg,http://johnlsayers.com/phpBB2/download/file.php?id=34807&t=1,33988
34808,data/images/orig/34808.jpg,http://johnlsayers.com/phpBB2/download/file.php?id=34808&t=1,56309
34809,data/images/orig/34809.jpg,http://johnlsayers.com/phpBB2/download/file.php?id=34809&t=1,57115
34810,data/images/orig/34810.jpg,http://johnlsayers.com/phpBB2/download/file.php?id=34810&t=1,44468
34811,data/images/orig/34811.jpg,http://johnlsayers.com/phpBB2/download/file.php?id=34811&t=1,37840
34812,data/images/orig/34812.jpg,http://johnlsayers.com/phpBB2/download/file.php?id=34812&t=1,37021
34825,data/images/orig/34825.jpg,http://johnlsayers.com/phpBB2/download/file.php?id=34825&t=1,20456
34826,data/images/orig/34826.jpg,http://johnlsayers.com/phpBB2/download/file.php?id=34826&t=1,21357
34827,data/images/orig/34827.jpg,http://johnlsayers.com/phpBB2/download/file.php?id=34827&t=1,31639
34828,data/images/orig/34828.jpg,http://johnlsayers.com/phpBB2/download/file.php?id=34828&t=1,26935
34829,data/images/orig/34829.jpg,http://johnlsayers.com/phpBB2/download/file.php?id=34829&t=1,27319
34830,data/images/orig/34830.jpg,http://johnlsayers.com/phpBB2/download/file.php?id=34830&t=1,27121
34831,data/images/orig/34831.jpg,http://johnlsayers.com/phpBB2/download/file.php?id=34831&t=1,27704
34832,data/images/orig/34832.jpg,http://johnlsayers.com/phpBB2/download/file.php?id=34832&t=1,23701
34833,data/images/orig/34833.jpg,http://johnlsayers.com/phpBB2/download/file.php?id=34833&t=1,31586
34834,data/images/orig/34834.jpg,http://johnlsayers.com/phpBB2/download/file.php?id=34834&t=1,20249
34835,data/images/orig/34835.jpg,http://johnlsayers.com/phpBB2/download/file.php?id=34835&t=1,30017
34836,data/images/orig/34836.jpg,http://johnlsayers.com/phpBB2/download/file.php?id=34836&t=1,30405
34844,data/images/orig/34844.png,http://johnlsayers.com/phpBB2/download/file.php?id=34844&t=1,95263
34847,data/images/orig/34847.png,http://johnlsayers.com/phpBB2/download/file.php?id=34847&t=1,97983
34848,data/images/orig/34848.png,http://johnlsayers.com/phpBB2/download/file.php?id=34848&t=1,81223
34849,data/images/orig/34849.png,http://johnlsayers.com/phpBB2/download/file.php?id=34849&t=1,83257
34850,data/images/orig/34850.png,http://johnlsayers.com/phpBB2/download/file.php?id=34850&t=1,129807
34851,data/images/orig/34851.png,http://johnlsayers.com/phpBB2/download/file.php?id=34851&t=1,94158
34853,data/images/orig/34853.png,http://johnlsayers.com/phpBB2/download/file.php?id=34853&t=1,123286
34854,data/images/orig/34854.png,http://johnlsayers.com/phpBB2/download/file.php?id=34854&t=1,83609
34855,data/images/orig/34855.png,http://johnlsayers.com/phpBB2/download/file.php?id=34855&t=1,151284
34856,data/images/orig/34856.png,http://johnlsayers.com/phpBB2/download/file.php?id=34856&t=1,117504
34857,data/images/orig/34857.png,http://johnlsayers.com/phpBB2/download/file.php?id=34857&t=1,111104
34858,data/images/orig/34858.png,http://johnlsayers.com/phpBB2/download/file.php?id=34858&t=1,110086
34859,data/images/orig/34859.png,http://johnlsayers.com/phpBB2/download/file.php?id=34859&t=1,64687
34860,data/images/orig/34860.png,http://johnlsayers.com/phpBB2/download/file.php?id=34860&t=1,93025
34861,data/images/orig/34861.png,http://johnlsayers.com/phpBB2/download/file.php?id=34861&t=1,73589
34862,data/images/orig/34862.png,http://johnlsayers.com/phpBB2/download/file.php?id=34862&t=1,70131
34863,data/images/orig/34863.png,http://johnlsayers.com/phpBB2/download/file.php?id=34863&t=1,116843
34864,data/images/orig/34864.png,http://johnlsayers.com/phpBB2/download/file.php?id=34864&t=1,127498
34865,data/images/orig/34865.png,http://johnlsayers.com/phpBB2/download/file.php?id=34865&t=1,118109
34866,data/images/orig/34866.png,http://johnlsayers.com/phpBB2/download/file.php?id=34866&t=1,107094
34867,data/images/orig/34867.png,http://johnlsayers.com/phpBB2/download/file.php?id=34867&t=1,64485
34868,data/images/orig/34868.png,http://johnlsayers.com/phpBB2/download/file.php?id=34868&t=1,104916
34930,data/images/orig/34930.jpg,http://johnlsayers.com/phpBB2/download/file.php?id=34930&t=1,30240
34936,data/images/orig/34936.jpg,http://johnlsayers.com/phpBB2/download/file.php?id=34936&t=1,40768
34944,data/images/orig/34944.jpg,http://johnlsayers.com/phpBB2/download/file.php?id=34944&t=1,23793
34945,data/images/orig/34945.jpg,http://johnlsayers.com/phpBB2/download/file.php?id=34945&t=1,23532
34948,data/images/orig/34948.jpg,http://johnlsayers.com/phpBB2/download/file.php?id=34948&t=1,25498
34963,data/images/orig/34963.jpg,http://johnlsayers.com/phpBB2/download/file.php?id=34963&t=1,22323
34964,data/images/orig/34964.jpg,http://johnlsayers.com/phpBB2/download/file.php?id=34964&t=1,38094
34965,data/images/orig/34965.jpg,http://johnlsayers.com/phpBB2/download/file.php?id=34965&t=1,21637
34966,data/images/orig/34966.jpg,http://johnlsayers.com/phpBB2/download/file.php?id=34966&t=1,28182
34967,data/images/orig/34967.jpg,http://johnlsayers.com/phpBB2/download/file.php?id=34967&t=1,23039
34968,data/images/orig/34968.jpg,http://johnlsayers.com/phpBB2/download/file.php?id=34968&t=1,22404
34969,data/images/orig/34969.jpg,http://johnlsayers.com/phpBB2/download/file.php?id=34969&t=1,25559
34970,data/images/orig/34970.jpg,http://johnlsayers.com/phpBB2/download/file.php?id=34970&t=1,28492
34971,data/images/orig/34971.jpg,http://johnlsayers.com/phpBB2/download/file.php?id=34971&t=1,22550
34972,data/images/orig/34972.jpg,http://johnlsayers.com/phpBB2/download/file.php?id=34972&t=1,30429
34983,data/images/orig/34983.jpg,http://johnlsayers.com/phpBB2/download/file.php?id=34983&t=1,27438
34984,data/images/orig/34984.jpg,http://johnlsayers.com/phpBB2/download/file.php?id=34984&t=1,23594
34986,data/images/orig/34986.jpg,http://johnlsayers.com/phpBB2/download/file.php?id=34986&t=1,29488
34999,data/images/orig/34999.jpg,http://johnlsayers.com/phpBB2/download/file.php?id=34999&t=1,39690
35000,data/images/orig/35000.jpg,http://johnlsayers.com/phpBB2/download/file.php?id=35000&t=1,33801
35001,data/images/orig/35001.jpg,http://johnlsayers.com/phpBB2/download/file.php?id=35001&t=1,35451
35002,data/images/orig/35002.jpg,http://johnlsayers.com/phpBB2/download/file.php?id=35002&t=1,38980
35007,data/images/orig/35007.jpg,http://johnlsayers.com/phpBB2/download/file.php?id=35007&t=1,22652
35008,data/images/orig/35008.jpg,http://johnlsayers.com/phpBB2/download/file.php?id=35008&t=1,21985
35009,data/images/orig/35009.jpg,http://johnlsayers.com/phpBB2/download/file.php?id=35009&t=1,22457
35010,data/images/orig/35010.jpg,http://johnlsayers.com/phpBB2/download/file.php?id=35010&t=1,24057
35011,data/images/orig/35011.jpg,http://johnlsayers.com/phpBB2/download/file.php?id=35011&t=1,22441
35012,data/images/orig/35012.jpg,http://johnlsayers.com/phpBB2/download/file.php?id=35012&t=1,24578
35013,data/images/orig/35013.jpg,http://johnlsayers.com/phpBB2/download/file.php?id=35013&t=1,27453
35014,data/images/orig/35014.jpg,http://johnlsayers.com/phpBB2/download/file.php?id=35014&t=1,27160
35015,data/images/orig/35015.jpg,http://johnlsayers.com/phpBB2/download/file.php?id=35015&t=1,30228
35016,data/images/orig/35016.jpg,http://johnlsayers.com/phpBB2/download/file.php?id=35016&t=1,23850
35017,data/images/orig/35017.jpg,http://johnlsayers.com/phpBB2/download/file.php?id=35017&t=1,36326
35018,data/images/orig/35018.jpg,http://johnlsayers.com/phpBB2/download/file.php?id=35018&t=1,27653
35019,data/images/orig/35019.jpg,http://johnlsayers.com/phpBB2/download/file.php?id=35019&t=1,36033
35020,data/images/orig/35020.jpg,http://johnlsayers.com/phpBB2/download/file.php?id=35020&t=1,26469
35021,data/images/orig/35021.jpg,http://johnlsayers.com/phpBB2/download/file.php?id=35021&t=1,33399
35022,data/images/orig/35022.jpg,http://johnlsayers.com/phpBB2/download/file.php?id=35022&t=1,29829
35023,data/images/orig/35023.jpg,http://johnlsayers.com/phpBB2/download/file.php?id=35023&t=1,34659
35024,data/images/orig/35024.jpg,http://johnlsayers.com/phpBB2/download/file.php?id=35024&t=1,34441
35025,data/images/orig/35025.jpg,http://johnlsayers.com/phpBB2/download/file.php?id=35025&t=1,30476
35026,data/images/orig/35026.jpg,http://johnlsayers.com/phpBB2/download/file.php?id=35026&t=1,34797
35027,data/images/orig/35027.jpg,http://johnlsayers.com/phpBB2/download/file.php?id=35027&t=1,37821
35039,data/images/orig/35039.jpg,http://johnlsayers.com/phpBB2/download/file.php?id=35039&t=1,34498
35040,data/images/orig/35040.jpg,http://johnlsayers.com/phpBB2/download/file.php?id=35040&t=1,34213
35041,data/images/orig/35041.jpg,http://johnlsayers.com/phpBB2/download/file.php?id=35041&t=1,31399
35042,data/images/orig/35042.jpg,http://johnlsayers.com/phpBB2/download/file.php?id=35042&t=1,27716
35043,data/images/orig/35043.jpg,http://johnlsayers.com/phpBB2/download/file.php?id=35043&t=1,26067
35044,data/images/orig/35044.jpg,http://johnlsayers.com/phpBB2/download/file.php?id=35044&t=1,27221
35081,data/images/orig/35081.jpg,http://johnlsayers.com/phpBB2/download/file.php?id=35081&t=1,20418
35082,data/images/orig/35082.jpg,http://johnlsayers.com/phpBB2/download/file.php?id=35082&t=1,22483
35083,data/images/orig/35083.jpg,http://johnlsayers.com/phpBB2/download/file.php?id=35083&t=1,25708
35084,data/images/orig/35084.jpg,http://johnlsayers.com/phpBB2/download/file.php?id=35084&t=1,24924
35085,data/images/orig/35085.jpg,http://johnlsayers.com/phpBB2/download/file.php?id=35085&t=1,14468
35096,data/images/orig/35096.jpg,http://johnlsayers.com/phpBB2/download/file.php?id=35096&t=1,22641
35098,data/images/orig/35098.jpg,http://johnlsayers.com/phpBB2/download/file.php?id=35098&t=1,14684
35106,data/images/orig/35106.jpg,http://johnlsayers.com/phpBB2/download/file.php?id=35106&t=1,25589
35107,data/images/orig/35107.jpg,http://johnlsayers.com/phpBB2/download/file.php?id=35107,7750
35108,data/images/orig/35108.jpg,http://johnlsayers.com/phpBB2/download/file.php?id=35108&t=1,8021
35109,data/images/orig/35109.jpg,http://johnlsayers.com/phpBB2/download/file.php?id=35109&t=1,32517
35110,data/images/orig/35110.jpg,http://johnlsayers.com/phpBB2/download/file.php?id=35110&t=1,29652
35111,data/images/orig/35111.jpg,http://johnlsayers.com/phpBB2/download/file.php?id=35111&t=1,31039
35112,data/images/orig/35112.jpg,http://johnlsayers.com/phpBB2/download/file.php?id=35112&t=1,29335
35126,data/images/orig/35126.jpg,http://johnlsayers.com/phpBB2/download/file.php?id=35126&t=1,17227
35127,data/images/orig/35127.jpg,http://johnlsayers.com/phpBB2/download/file.php?id=35127&t=1,12587
35128,data/images/orig/35128.jpg,http://johnlsayers.com/phpBB2/download/file.php?id=35128&t=1,25172
35139,data/images/orig/35139.jpg,http://johnlsayers.com/phpBB2/download/file.php?id=35139&t=1,35181
35141,data/images/orig/35141.jpg,http://johnlsayers.com/phpBB2/download/file.php?id=35141&t=1,20526
35146,data/images/orig/35146.jpg,http://johnlsayers.com/phpBB2/download/file.php?id=35146&t=1,15525
35147,data/images/orig/35147.jpg,http://johnlsayers.com/phpBB2/download/file.php?id=35147&t=1,18514
35148,data/images/orig/35148.jpg,http://johnlsayers.com/phpBB2/download/file.php?id=35148&t=1,20033
35159,data/images/orig/35159.jpg,http://johnlsayers.com/phpBB2/download/file.php?id=35159&t=1,21897
35160,data/images/orig/35160.jpg,http://johnlsayers.com/phpBB2/download/file.php?id=35160&t=1,26500
35161,data/images/orig/35161.jpg,http://johnlsayers.com/phpBB2/download/file.php?id=35161&t=1,21477
35162,data/images/orig/35162.jpg,http://johnlsayers.com/phpBB2/download/file.php?id=35162&t=1,24731
35163,data/images/orig/35163.jpg,http://johnlsayers.com/phpBB2/download/file.php?id=35163&t=1,18620
35164,data/images/orig/35164.jpg,http://johnlsayers.com/phpBB2/download/file.php?id=35164&t=1,24487
35261,data/images/orig/35261.jpg,http://johnlsayers.com/phpBB2/download/file.php?id=35261&t=1,11007
35262,data/images/orig/35262.jpg,http://johnlsayers.com/phpBB2/download/file.php?id=35262&t=1,22252
35263,data/images/orig/35263.jpg,http://johnlsayers.com/phpBB2/download/file.php?id=35263&t=1,16908
35264,data/images/orig/35264.jpg,http://johnlsayers.com/phpBB2/download/file.php?id=35264&t=1,21214
35265,data/images/orig/35265.jpg,http://johnlsayers.com/phpBB2/download/file.php?id=35265&t=1,29224
35266,data/images/orig/35266.jpg,http://johnlsayers.com/phpBB2/download/file.php?id=35266&t=1,27544
35269,data/images/orig/35269.jpg,http://johnlsayers.com/phpBB2/download/file.php?id=35269&t=1,20322
35270,data/images/orig/35270.jpg,http://johnlsayers.com/phpBB2/download/file.php?id=35270&t=1,19579
35271,data/images/orig/35271.jpg,http://johnlsayers.com/phpBB2/download/file.php?id=35271&t=1,24228
35272,data/images/orig/35272.jpg,http://johnlsayers.com/phpBB2/download/file.php?id=35272&t=1,32310
35273,data/images/orig/35273.jpg,http://johnlsayers.com/phpBB2/download/file.php?id=35273&t=1,35150
35274,data/images/orig/35274.jpg,http://johnlsayers.com/phpBB2/download/file.php?id=35274&t=1,36398
35275,data/images/orig/35275.jpg,http://johnlsayers.com/phpBB2/download/file.php?id=35275&t=1,31244
35276,data/images/orig/35276.jpg,http://johnlsayers.com/phpBB2/download/file.php?id=35276&t=1,30925
35277,data/images/orig/35277.jpg,http://johnlsayers.com/phpBB2/download/file.php?id=35277&t=1,45877
35278,data/images/orig/35278.jpg,http://johnlsayers.com/phpBB2/download/file.php?id=35278&t=1,34995
35279,data/images/orig/35279.jpg,http://johnlsayers.com/phpBB2/download/file.php?id=35279&t=1,52373
35280,data/images/orig/35280.jpg,http://johnlsayers.com/phpBB2/download/file.php?id=35280&t=1,18765
35281,data/images/orig/35281.jpg,http://johnlsayers.com/phpBB2/download/file.php?id=35281&t=1,24489
35282,data/images/orig/35282.jpg,http://johnlsayers.com/phpBB2/download/file.php?id=35282&t=1,22659
35283,data/images/orig/35283.jpg,http://johnlsayers.com/phpBB2/download/file.php?id=35283&t=1,15980
35284,data/images/orig/35284.jpg,http://johnlsayers.com/phpBB2/download/file.php?id=35284&t=1,18024
35286,data/images/orig/35286.jpg,http://johnlsayers.com/phpBB2/download/file.php?id=35286&t=1,28892
35287,data/images/orig/35287.jpg,http://johnlsayers.com/phpBB2/download/file.php?id=35287&t=1,27982
35289,data/images/orig/35289.jpg,http://johnlsayers.com/phpBB2/download/file.php?id=35289&t=1,30085
35290,data/images/orig/35290.jpg,http://johnlsayers.com/phpBB2/download/file.php?id=35290&t=1,28560
35291,data/images/orig/35291.jpg,http://johnlsayers.com/phpBB2/download/file.php?id=35291&t=1,17821
35292,data/images/orig/35292.jpg,http://johnlsayers.com/phpBB2/download/file.php?id=35292&t=1,21064
35293,data/images/orig/35293.jpg,http://johnlsayers.com/phpBB2/download/file.php?id=35293&t=1,14757
35295,data/images/orig/35295.jpg,http://johnlsayers.com/phpBB2/download/file.php?id=35295&t=1,24850
35351,data/images/orig/35351.jpg,http://johnlsayers.com/phpBB2/download/file.php?id=35351&t=1,30475
35352,data/images/orig/35352.jpg,http://johnlsayers.com/phpBB2/download/file.php?id=35352&t=1,21958
35353,data/images/orig/35353.jpg,http://johnlsayers.com/phpBB2/download/file.php?id=35353&t=1,24263
35354,data/images/orig/35354.jpg,http://johnlsayers.com/phpBB2/download/file.php?id=35354&t=1,27397
35355,data/images/orig/35355.jpg,http://johnlsayers.com/phpBB2/download/file.php?id=35355&t=1,28389
35356,data/images/orig/35356.jpg,http://johnlsayers.com/phpBB2/download/file.php?id=35356&t=1,25789
35357,data/images/orig/35357.jpg,http://johnlsayers.com/phpBB2/download/file.php?id=35357&t=1,23454
35370,data/images/orig/35370.jpg,http://johnlsayers.com/phpBB2/download/file.php?id=35370&t=1,26535
35371,data/images/orig/35371.jpg,http://johnlsayers.com/phpBB2/download/file.php?id=35371&t=1,27509
35373,data/images/orig/35373.jpg,http://johnlsayers.com/phpBB2/download/file.php?id=35373&t=1,27901
35375,data/images/orig/35375.jpg,http://johnlsayers.com/phpBB2/download/file.php?id=35375&t=1,20338
35376,data/images/orig/35376.jpg,http://johnlsayers.com/phpBB2/download/file.php?id=35376&t=1,25638
35377,data/images/orig/35377.jpg,http://johnlsayers.com/phpBB2/download/file.php?id=35377&t=1,29286
35379,data/images/orig/35379.jpg,http://johnlsayers.com/phpBB2/download/file.php?id=35379&t=1,25452
35382,data/images/orig/35382.jpg,http://johnlsayers.com/phpBB2/download/file.php?id=35382&t=1,28414
35383,data/images/orig/35383.jpg,http://johnlsayers.com/phpBB2/download/file.php?id=35383&t=1,29286
35384,data/images/orig/35384.jpg,http://johnlsayers.com/phpBB2/download/file.php?id=35384&t=1,22591
35385,data/images/orig/35385.jpg,http://johnlsayers.com/phpBB2/download/file.php?id=35385&t=1,30058
35387,data/images/orig/35387.jpg,http://johnlsayers.com/phpBB2/download/file.php?id=35387&t=1,28136
35393,data/images/orig/35393.jpg,http://johnlsayers.com/phpBB2/download/file.php?id=35393&t=1,29854
35394,data/images/orig/35394.jpg,http://johnlsayers.com/phpBB2/download/file.php?id=35394&t=1,27068
35395,data/images/orig/35395.jpg,http://johnlsayers.com/phpBB2/download/file.php?id=35395&t=1,22509
35396,data/images/orig/35396.jpg,http://johnlsayers.com/phpBB2/download/file.php?id=35396&t=1,27179
35397,data/images/orig/35397.jpg,http://johnlsayers.com/phpBB2/download/file.php?id=35397&t=1,21508
35400,data/images/orig/35400.png,http://johnlsayers.com/phpBB2/download/file.php?id=35400,10259
35402,data/images/orig/35402.jpg,http://johnlsayers.com/phpBB2/download/file.php?id=35402&t=1,21489
35407,data/images/orig/35407.jpg,http://johnlsayers.com/phpBB2/download/file.php?id=35407&t=1,14150
35408,data/images/orig/35408.jpg,http://johnlsayers.com/phpBB2/download/file.php?id=35408&t=1,13238
35450,data/images/orig/35450.jpg,http://johnlsayers.com/phpBB2/download/file.php?id=35450&t=1,21608
35451,data/images/orig/35451.jpg,http://johnlsayers.com/phpBB2/download/file.php?id=35451&t=1,25473
35452,data/images/orig/35452.jpg,http://johnlsayers.com/phpBB2/download/file.php?id=35452&t=1,29522
35453,data/images/orig/35453.jpg,http://johnlsayers.com/phpBB2/download/file.php?id=35453&t=1,14125
35454,data/images/orig/35454.jpg,http://johnlsayers.com/phpBB2/download/file.php?id=35454&t=1,27774
35485,data/images/orig/35485.jpg,http://johnlsayers.com/phpBB2/download/file.php?id=35485&t=1,25640
35486,data/images/orig/35486.jpg,http://johnlsayers.com/phpBB2/download/file.php?id=35486&t=1,20190
35487,data/images/orig/35487.jpg,http://johnlsayers.com/phpBB2/download/file.php?id=35487&t=1,19868
35508,data/images/orig/35508.jpg,http://johnlsayers.com/phpBB2/download/file.php?id=35508&t=1,22006
35514,data/images/orig/35514.jpg,http://johnlsayers.com/phpBB2/download/file.php?id=35514&t=1,32431
35519,data/images/orig/35519.jpg,http://johnlsayers.com/phpBB2/download/file.php?id=35519&t=1,16898
35520,data/images/orig/35520.jpg,http://johnlsayers.com/phpBB2/download/file.php?id=35520&t=1,21687
35521,data/images/orig/35521.jpg,http://johnlsayers.com/phpBB2/download/file.php?id=35521&t=1,19065
35522,data/images/orig/35522.jpg,http://johnlsayers.com/phpBB2/download/file.php?id=35522&t=1,18828
35523,data/images/orig/35523.jpg,http://johnlsayers.com/phpBB2/download/file.php?id=35523&t=1,21862
35526,data/images/orig/35526.jpg,http://johnlsayers.com/phpBB2/download/file.php?id=35526&t=1,12557
35527,data/images/orig/35527.jpg,http://johnlsayers.com/phpBB2/download/file.php?id=35527&t=1,20037
35528,data/images/orig/35528.jpg,http://johnlsayers.com/phpBB2/download/file.php?id=35528&t=1,33453
35530,data/images/orig/35530.jpg,http://johnlsayers.com/phpBB2/download/file.php?id=35530&t=1,23315
35531,data/images/orig/35531.jpg,http://johnlsayers.com/phpBB2/download/file.php?id=35531&t=1,29164
35532,data/images/orig/35532.jpg,http://johnlsayers.com/phpBB2/download/file.php?id=35532&t=1,22548
35534,data/images/orig/35534.jpg,http://johnlsayers.com/phpBB2/download/file.php?id=35534&t=1,25190
35535,data/images/orig/35535.jpg,http://johnlsayers.com/phpBB2/download/file.php?id=35535,20183
35537,data/images/orig/35537.jpg,http://johnlsayers.com/phpBB2/download/file.php?id=35537&t=1,32810
35544,data/images/orig/35544.jpg,http://johnlsayers.com/phpBB2/download/file.php?id=35544&t=1,33497
35545,data/images/orig/35545.jpg,http://johnlsayers.com/phpBB2/download/file.php?id=35545&t=1,35268
35546,data/images/orig/35546.jpg,http://johnlsayers.com/phpBB2/download/file.php?id=35546&t=1,38397
35556,data/images/orig/35556.jpg,http://johnlsayers.com/phpBB2/download/file.php?id=35556&t=1,23655
35557,data/images/orig/35557.jpg,http://johnlsayers.com/phpBB2/download/file.php?id=35557&t=1,25110
35558,data/images/orig/35558.jpg,http://johnlsayers.com/phpBB2/download/file.php?id=35558&t=1,20610
35566,data/images/orig/35566.jpg,http://johnlsayers.com/phpBB2/download/file.php?id=35566&t=1,16975
35567,data/images/orig/35567.jpg,http://johnlsayers.com/phpBB2/download/file.php?id=35567&t=1,12450
35569,data/images/orig/35569.jpg,http://johnlsayers.com/phpBB2/download/file.php?id=35569&t=1,17608
35589,data/images/orig/35589.jpg,http://johnlsayers.com/phpBB2/download/file.php?id=35589&t=1,41015
35592,data/images/orig/35592.jpg,http://johnlsayers.com/phpBB2/download/file.php?id=35592&t=1,40639
35593,data/images/orig/35593.jpg,http://johnlsayers.com/phpBB2/download/file.php?id=35593&t=1,50785
35594,data/images/orig/35594.jpg,http://johnlsayers.com/phpBB2/download/file.php?id=35594&t=1,45359
35595,data/images/orig/35595.jpg,http://johnlsayers.com/phpBB2/download/file.php?id=35595&t=1,31938
35596,data/images/orig/35596.jpg,http://johnlsayers.com/phpBB2/download/file.php?id=35596&t=1,23762
35598,data/images/orig/35598.png,http://johnlsayers.com/phpBB2/download/file.php?id=35598&t=1,19492
35599,data/images/orig/35599.jpg,http://johnlsayers.com/phpBB2/download/file.php?id=35599&t=1,24614
35600,data/images/orig/35600.jpg,http://johnlsayers.com/phpBB2/download/file.php?id=35600&t=1,21612
35601,data/images/orig/35601.jpg,http://johnlsayers.com/phpBB2/download/file.php?id=35601&t=1,27673
35602,data/images/orig/35602.jpg,http://johnlsayers.com/phpBB2/download/file.php?id=35602&t=1,41240
35603,data/images/orig/35603.jpg,http://johnlsayers.com/phpBB2/download/file.php?id=35603&t=1,30028
35616,data/images/orig/35616.jpg,http://johnlsayers.com/phpBB2/download/file.php?id=35616&t=1,37689
35617,data/images/orig/35617.jpg,http://johnlsayers.com/phpBB2/download/file.php?id=35617&t=1,22659
35618,data/images/orig/35618.jpg,http://johnlsayers.com/phpBB2/download/file.php?id=35618&t=1,29968
35619,data/images/orig/35619.jpg,http://johnlsayers.com/phpBB2/download/file.php?id=35619&t=1,31736
35620,data/images/orig/35620.jpg,http://johnlsayers.com/phpBB2/download/file.php?id=35620&t=1,30920
35621,data/images/orig/35621.jpg,http://johnlsayers.com/phpBB2/download/file.php?id=35621&t=1,39124
35629,data/images/orig/35629.jpg,http://johnlsayers.com/phpBB2/download/file.php?id=35629&t=1,18489
35630,data/images/orig/35630.jpg,http://johnlsayers.com/phpBB2/download/file.php?id=35630&t=1,14538
35631,data/images/orig/35631.jpg,http://johnlsayers.com/phpBB2/download/file.php?id=35631&t=1,15512
35632,data/images/orig/35632.jpg,http://johnlsayers.com/phpBB2/download/file.php?id=35632&t=1,13942
35633,data/images/orig/35633.jpg,http://johnlsayers.com/phpBB2/download/file.php?id=35633&t=1,17715
35643,data/images/orig/35643.jpg,http://johnlsayers.com/phpBB2/download/file.php?id=35643&t=1,15624
35647,data/images/orig/35647.jpg,http://johnlsayers.com/phpBB2/download/file.php?id=35647&t=1,49212
35648,data/images/orig/35648.jpg,http://johnlsayers.com/phpBB2/download/file.php?id=35648&t=1,51448
35650,data/images/orig/35650.jpg,http://johnlsayers.com/phpBB2/download/file.php?id=35650,67084
35651,data/images/orig/35651.jpg,http://johnlsayers.com/phpBB2/download/file.php?id=35651&t=1,15870
35652,data/images/orig/35652.jpg,http://johnlsayers.com/phpBB2/download/file.php?id=35652&t=1,21016
35653,data/images/orig/35653.jpg,http://johnlsayers.com/phpBB2/download/file.php?id=35653&t=1,18000
35663,data/images/orig/35663.jpg,http://johnlsayers.com/phpBB2/download/file.php?id=35663&t=1,18425
35664,data/images/orig/35664.jpg,http://johnlsayers.com/phpBB2/download/file.php?id=35664&t=1,23792
35665,data/images/orig/35665.jpg,http://johnlsayers.com/phpBB2/download/file.php?id=35665&t=1,28765
35666,data/images/orig/35666.jpg,http://johnlsayers.com/phpBB2/download/file.php?id=35666&t=1,20566
35667,data/images/orig/35667.jpg,http://johnlsayers.com/phpBB2/download/file.php?id=35667&t=1,18363
35669,data/images/orig/35669.jpg,http://johnlsayers.com/phpBB2/download/file.php?id=35669&t=1,13805
35675,data/images/orig/35675.jpg,http://johnlsayers.com/phpBB2/download/file.php?id=35675&t=1,20021
35679,data/images/orig/35679.jpg,http://johnlsayers.com/phpBB2/download/file.php?id=35679&t=1,44231
35680,data/images/orig/35680.jpg,http://johnlsayers.com/phpBB2/download/file.php?id=35680&t=1,32701
35681,data/images/orig/35681.jpg,http://johnlsayers.com/phpBB2/download/file.php?id=35681&t=1,32612
35730,data/images/orig/35730.jpg,http://johnlsayers.com/phpBB2/download/file.php?id=35730&t=1,12439
35734,data/images/orig/35734.jpg,http://johnlsayers.com/phpBB2/download/file.php?id=35734&t=1,18548
35735,data/images/orig/35735.jpg,http://johnlsayers.com/phpBB2/download/file.php?id=35735&t=1,21303
35736,data/images/orig/35736.jpg,http://johnlsayers.com/phpBB2/download/file.php?id=35736&t=1,23621
35737,data/images/orig/35737.jpg,http://johnlsayers.com/phpBB2/download/file.php?id=35737&t=1,13708
35738,data/images/orig/35738.jpg,http://johnlsayers.com/phpBB2/download/file.php?id=35738&t=1,20495
35739,data/images/orig/35739.jpg,http://johnlsayers.com/phpBB2/download/file.php?id=35739&t=1,27017
35740,data/images/orig/35740.jpg,http://johnlsayers.com/phpBB2/download/file.php?id=35740&t=1,37818
35750,data/images/orig/35750.jpg,http://johnlsayers.com/phpBB2/download/file.php?id=35750&t=1,25213
35751,data/images/orig/35751.jpg,http://johnlsayers.com/phpBB2/download/file.php?id=35751&t=1,31221
35752,data/images/orig/35752.jpg,http://johnlsayers.com/phpBB2/download/file.php?id=35752&t=1,29458
35754,data/images/orig/35754.jpg,http://johnlsayers.com/phpBB2/download/file.php?id=35754&t=1,28935
35766,data/images/orig/35766.jpg,http://johnlsayers.com/phpBB2/download/file.php?id=35766&t=1,17252
35767,data/images/orig/35767.jpg,http://johnlsayers.com/phpBB2/download/file.php?id=35767&t=1,17356
35768,data/images/orig/35768.jpg,http://johnlsayers.com/phpBB2/download/file.php?id=35768&t=1,18659
35770,data/images/orig/35770.jpg,http://johnlsayers.com/phpBB2/download/file.php?id=35770,28712
35771,data/images/orig/35771.jpg,http://johnlsayers.com/phpBB2/download/file.php?id=35771&t=1,37767
35772,data/images/orig/35772.jpg,http://johnlsayers.com/phpBB2/download/file.php?id=35772&t=1,24295
35776,data/images/orig/35776.gif,http://johnlsayers.com/phpBB2/download/file.php?id=35776&t=1,17791
35806,data/images/orig/35806.jpg,http://johnlsayers.com/phpBB2/download/file.php?id=35806&t=1,30693
35808,data/images/orig/35808.jpg,http://johnlsayers.com/phpBB2/download/file.php?id=35808&t=1,44389
35809,data/images/orig/35809.jpg,http://johnlsayers.com/phpBB2/download/file.php?id=35809&t=1,53478
35819,data/images/orig/35819.jpg,http://johnlsayers.com/phpBB2/download/file.php?id=35819,6622
35825,data/images/orig/35825.jpg,http://johnlsayers.com/phpBB2/download/file.php?id=35825&t=1,62657
35826,data/images/orig/35826.jpg,http://johnlsayers.com/phpBB2/download/file.php?id=35826&t=1,33284
35827,data/images/orig/35827.jpg,http://johnlsayers.com/phpBB2/download/file.php?id=35827&t=1,35904
35828,data/images/orig/35828.jpg,http://johnlsayers.com/phpBB2/download/file.php?id=35828&t=1,20041
35829,data/images/orig/35829.jpg,http://johnlsayers.com/phpBB2/download/file.php?id=35829,7381
35830,data/images/orig/35830.jpg,http://johnlsayers.com/phpBB2/download/file.php?id=35830&t=1,22629
35832,data/images/orig/35832.jpg,http://johnlsayers.com/phpBB2/download/file.php?id=35832&t=1,35588
35833,data/images/orig/35833.jpg,http://johnlsayers.com/phpBB2/download/file.php?id=35833&t=1,26512
35834,data/images/orig/35834.jpg,http://johnlsayers.com/phpBB2/download/file.php?id=35834&t=1,25884
35835,data/images/orig/35835.jpg,http://johnlsayers.com/phpBB2/download/file.php?id=35835&t=1,28651
35836,data/images/orig/35836.jpg,http://johnlsayers.com/phpBB2/download/file.php?id=35836&t=1,32952
35837,data/images/orig/35837.jpg,http://johnlsayers.com/phpBB2/download/file.php?id=35837&t=1,19438
35840,data/images/orig/35840.jpg,http://johnlsayers.com/phpBB2/download/file.php?id=35840&t=1,22629
35855,data/images/orig/35855.jpg,http://johnlsayers.com/phpBB2/download/file.php?id=35855&t=1,47699
35856,data/images/orig/35856.jpg,http://johnlsayers.com/phpBB2/download/file.php?id=35856&t=1,20204
35857,data/images/orig/35857.jpg,http://johnlsayers.com/phpBB2/download/file.php?id=35857&t=1,20583
35858,data/images/orig/35858.jpg,http://johnlsayers.com/phpBB2/download/file.php?id=35858&t=1,26898
35859,data/images/orig/35859.jpg,http://johnlsayers.com/phpBB2/download/file.php?id=35859&t=1,28353
35860,data/images/orig/35860.jpg,http://johnlsayers.com/phpBB2/download/file.php?id=35860&t=1,28107
35861,data/images/orig/35861.jpg,http://johnlsayers.com/phpBB2/download/file.php?id=35861&t=1,30978
35862,data/images/orig/35862.jpg,http://johnlsayers.com/phpBB2/download/file.php?id=35862&t=1,21339
35863,data/images/orig/35863.jpg,http://johnlsayers.com/phpBB2/download/file.php?id=35863&t=1,24314
35864,data/images/orig/35864.jpg,http://johnlsayers.com/phpBB2/download/file.php?id=35864&t=1,23955
35897,data/images/orig/35897.jpg,http://johnlsayers.com/phpBB2/download/file.php?id=35897&t=1,11554
35898,data/images/orig/35898.jpg,http://johnlsayers.com/phpBB2/download/file.php?id=35898&t=1,24171
35899,data/images/orig/35899.jpg,http://johnlsayers.com/phpBB2/download/file.php?id=35899&t=1,20462
35900,data/images/orig/35900.jpg,http://johnlsayers.com/phpBB2/download/file.php?id=35900&t=1,19083
35901,data/images/orig/35901.jpg,http://johnlsayers.com/phpBB2/download/file.php?id=35901&t=1,19900
35902,data/images/orig/35902.jpg,http://johnlsayers.com/phpBB2/download/file.php?id=35902&t=1,22326
35903,data/images/orig/35903.jpg,http://johnlsayers.com/phpBB2/download/file.php?id=35903&t=1,24384
35904,data/images/orig/35904.jpg,http://johnlsayers.com/phpBB2/download/file.php?id=35904&t=1,19739
35905,data/images/orig/35905.jpg,http://johnlsayers.com/phpBB2/download/file.php?id=35905&t=1,22261
35906,data/images/orig/35906.jpg,http://johnlsayers.com/phpBB2/download/file.php?id=35906&t=1,26814
35907,data/images/orig/35907.jpg,http://johnlsayers.com/phpBB2/download/file.php?id=35907,53983
35908,data/images/orig/35908.jpg,http://johnlsayers.com/phpBB2/download/file.php?id=35908&t=1,22045
35909,data/images/orig/35909.jpg,http://johnlsayers.com/phpBB2/download/file.php?id=35909,55955
35910,data/images/orig/35910.jpg,http://johnlsayers.com/phpBB2/download/file.php?id=35910&t=1,22309
35911,data/images/orig/35911.jpg,http://johnlsayers.com/phpBB2/download/file.php?id=35911&t=1,22774
35912,data/images/orig/35912.jpg,http://johnlsayers.com/phpBB2/download/file.php?id=35912&t=1,23516
35913,data/images/orig/35913.jpg,http://johnlsayers.com/phpBB2/download/file.php?id=35913&t=1,25910
35914,data/images/orig/35914.jpg,http://johnlsayers.com/phpBB2/download/file.php?id=35914,64420
35915,data/images/orig/35915.jpg,http://johnlsayers.com/phpBB2/download/file.php?id=35915,69705
35916,data/images/orig/35916.jpg,http://johnlsayers.com/phpBB2/download/file.php?id=35916&t=1,23985
35917,data/images/orig/35917.jpg,http://johnlsayers.com/phpBB2/download/file.php?id=35917&t=1,31111
35918,data/images/orig/35918.jpg,http://johnlsayers.com/phpBB2/download/file.php?id=35918&t=1,34266
35919,data/images/orig/35919.jpg,http://johnlsayers.com/phpBB2/download/file.php?id=35919&t=1,30217
35920,data/images/orig/35920.jpg,http://johnlsayers.com/phpBB2/download/file.php?id=35920&t=1,33679
35921,data/images/orig/35921.jpg,http://johnlsayers.com/phpBB2/download/file.php?id=35921&t=1,10956
35934,data/images/orig/35934.jpg,http://johnlsayers.com/phpBB2/download/file.php?id=35934&t=1,35251
35935,data/images/orig/35935.jpg,http://johnlsayers.com/phpBB2/download/file.php?id=35935&t=1,35864
35937,data/images/orig/35937.jpg,http://johnlsayers.com/phpBB2/download/file.php?id=35937&t=1,38541
35938,data/images/orig/35938.jpg,http://johnlsayers.com/phpBB2/download/file.php?id=35938&t=1,34789
35939,data/images/orig/35939.jpg,http://johnlsayers.com/phpBB2/download/file.php?id=35939&t=1,35737
35940,data/images/orig/35940.jpg,http://johnlsayers.com/phpBB2/download/file.php?id=35940&t=1,38865
35941,data/images/orig/35941.jpg,http://johnlsayers.com/phpBB2/download/file.php?id=35941&t=1,29362
35942,data/images/orig/35942.jpg,http://johnlsayers.com/phpBB2/download/file.php?id=35942&t=1,31470
35943,data/images/orig/35943.jpg,http://johnlsayers.com/phpBB2/download/file.php?id=35943&t=1,19302
35944,data/images/orig/35944.jpg,http://johnlsayers.com/phpBB2/download/file.php?id=35944&t=1,22294
35945,data/images/orig/35945.jpg,http://johnlsayers.com/phpBB2/download/file.php?id=35945&t=1,39839
35946,data/images/orig/35946.jpg,http://johnlsayers.com/phpBB2/download/file.php?id=35946&t=1,49161
35947,data/images/orig/35947.jpg,http://johnlsayers.com/phpBB2/download/file.php?id=35947&t=1,26608
35948,data/images/orig/35948.jpg,http://johnlsayers.com/phpBB2/download/file.php?id=35948&t=1,50228
35949,data/images/orig/35949.jpg,http://johnlsayers.com/phpBB2/download/file.php?id=35949&t=1,34955
35950,data/images/orig/35950.jpg,http://johnlsayers.com/phpBB2/download/file.php?id=35950&t=1,36893
35951,data/images/orig/35951.jpg,http://johnlsayers.com/phpBB2/download/file.php?id=35951&t=1,36007
35952,data/images/orig/35952.jpg,http://johnlsayers.com/phpBB2/download/file.php?id=35952&t=1,34182
35953,data/images/orig/35953.jpg,http://johnlsayers.com/phpBB2/download/file.php?id=35953&t=1,42017
35954,data/images/orig/35954.jpg,http://johnlsayers.com/phpBB2/download/file.php?id=35954&t=1,36176
35955,data/images/orig/35955.jpg,http://johnlsayers.com/phpBB2/download/file.php?id=35955&t=1,56351
35956,data/images/orig/35956.jpg,http://johnlsayers.com/phpBB2/download/file.php?id=35956&t=1,30910
35957,data/images/orig/35957.jpg,http://johnlsayers.com/phpBB2/download/file.php?id=35957&t=1,44227
35958,data/images/orig/35958.jpg,http://johnlsayers.com/phpBB2/download/file.php?id=35958&t=1,31319
35959,data/images/orig/35959.jpg,http://johnlsayers.com/phpBB2/download/file.php?id=35959&t=1,44117
35973,data/images/orig/35973.jpg,http://johnlsayers.com/phpBB2/download/file.php?id=35973&t=1,18461
35987,data/images/orig/35987.jpg,http://johnlsayers.com/phpBB2/download/file.php?id=35987&t=1,18101
35988,data/images/orig/35988.jpg,http://johnlsayers.com/phpBB2/download/file.php?id=35988&t=1,25558
35989,data/images/orig/35989.jpg,http://johnlsayers.com/phpBB2/download/file.php?id=35989&t=1,26412
36011,data/images/orig/36011.jpg,http://johnlsayers.com/phpBB2/download/file.php?id=36011&t=1,38078
36012,data/images/orig/36012.jpg,http://johnlsayers.com/phpBB2/download/file.php?id=36012&t=1,30039
36013,data/images/orig/36013.jpg,http://johnlsayers.com/phpBB2/download/file.php?id=36013&t=1,25153
36021,data/images/orig/36021.jpg,http://johnlsayers.com/phpBB2/download/file.php?id=36021&mode=view,61580
36022,data/images/orig/36022.jpg,http://johnlsayers.com/phpBB2/download/file.php?id=36022&mode=view,83076
36036,data/images/orig/36036.jpg,http://johnlsayers.com/phpBB2/download/file.php?id=36036&t=1,20071
36037,data/images/orig/36037.jpg,http://johnlsayers.com/phpBB2/download/file.php?id=36037&t=1,18157
36038,data/images/orig/36038.jpg,http://johnlsayers.com/phpBB2/download/file.php?id=36038&t=1,21267
36039,data/images/orig/36039.jpg,http://johnlsayers.com/phpBB2/download/file.php?id=36039&t=1,28630
36041,data/images/orig/36041.jpg,http://johnlsayers.com/phpBB2/download/file.php?id=36041&t=1,24572
36042,data/images/orig/36042.jpg,http://johnlsayers.com/phpBB2/download/file.php?id=36042&t=1,24542
36043,data/images/orig/36043.jpg,http://johnlsayers.com/phpBB2/download/file.php?id=36043&t=1,22660
36058,data/images/orig/36058.bmp,http://johnlsayers.com/phpBB2/download/file.php?id=36058,111210
36059,data/images/orig/36059.jpg,http://johnlsayers.com/phpBB2/download/file.php?id=36059&mode=view,137744
36060,data/images/orig/36060.jpg,http://johnlsayers.com/phpBB2/download/file.php?id=36060&mode=view,95726
36065,data/images/orig/36065.jpg,http://johnlsayers.com/phpBB2/download/file.php?id=36065&t=1,28064
36066,data/images/orig/36066.jpg,http://johnlsayers.com/phpBB2/download/file.php?id=36066&t=1,33032
36089,data/images/orig/36089.jpg,http://johnlsayers.com/phpBB2/download/file.php?id=36089&t=1,41948
36090,data/images/orig/36090.jpg,http://johnlsayers.com/phpBB2/download/file.php?id=36090&t=1,39211
36091,data/images/orig/36091.jpg,http://johnlsayers.com/phpBB2/download/file.php?id=36091&t=1,40641
36092,data/images/orig/36092.jpg,http://johnlsayers.com/phpBB2/download/file.php?id=36092&t=1,35280
36093,data/images/orig/36093.jpg,http://johnlsayers.com/phpBB2/download/file.php?id=36093&t=1,25345
36094,data/images/orig/36094.jpg,http://johnlsayers.com/phpBB2/download/file.php?id=36094&t=1,26593
36095,data/images/orig/36095.jpg,http://johnlsayers.com/phpBB2/download/file.php?id=36095&t=1,33537
36097,data/images/orig/36097.jpg,http://johnlsayers.com/phpBB2/download/file.php?id=36097&t=1,18316
36098,data/images/orig/36098.jpg,http://johnlsayers.com/phpBB2/download/file.php?id=36098&t=1,9344
36099,data/images/orig/36099.jpg,http://johnlsayers.com/phpBB2/download/file.php?id=36099&t=1,38336
36113,data/images/orig/36113.jpg,http://johnlsayers.com/phpBB2/download/file.php?id=36113&mode=view,27057
36114,data/images/orig/36114.jpg,http://johnlsayers.com/phpBB2/download/file.php?id=36114&mode=view,22366
36115,data/images/orig/36115.jpg,http://johnlsayers.com/phpBB2/download/file.php?id=36115&mode=view,73095
36116,data/images/orig/36116.jpg,http://johnlsayers.com/phpBB2/download/file.php?id=36116&mode=view,72370
36117,data/images/orig/36117.jpg,http://johnlsayers.com/phpBB2/download/file.php?id=36117&mode=view,63206
36118,data/images/orig/36118.jpg,http://johnlsayers.com/phpBB2/download/file.php?id=36118&mode=view,59368
36119,data/images/orig/36119.jpg,http://johnlsayers.com/phpBB2/download/file.php?id=36119&mode=view,79659
36120,data/images/orig/36120.jpg,http://johnlsayers.com/phpBB2/download/file.php?id=36120&mode=view,74255
36121,data/images/orig/36121.jpg,http://johnlsayers.com/phpBB2/download/file.php?id=36121&mode=view,66967
36122,data/images/orig/36122.jpg,http://johnlsayers.com/phpBB2/download/file.php?id=36122&mode=view,35118
36123,data/images/orig/36123.jpg,http://johnlsayers.com/phpBB2/download/file.php?id=36123&mode=view,26566
36124,data/images/orig/36124.jpg,http://johnlsayers.com/phpBB2/download/file.php?id=36124&mode=view,39495
36125,data/images/orig/36125.jpg,http://johnlsayers.com/phpBB2/download/file.php?id=36125&mode=view,23666
36126,data/images/orig/36126.jpg,http://johnlsayers.com/phpBB2/download/file.php?id=36126&mode=view,73359
36127,data/images/orig/36127.jpg,http://johnlsayers.com/phpBB2/download/file.php?id=36127&mode=view,30136
36128,data/images/orig/36128.jpg,http://johnlsayers.com/phpBB2/download/file.php?id=36128&mode=view,45029
36129,data/images/orig/36129.jpg,http://johnlsayers.com/phpBB2/download/file.php?id=36129&mode=view,46064
36130,data/images/orig/36130.jpg,http://johnlsayers.com/phpBB2/download/file.php?id=36130&mode=view,48475
36131,data/images/orig/36131.jpg,http://johnlsayers.com/phpBB2/download/file.php?id=36131&mode=view,27014
36132,data/images/orig/36132.jpg,http://johnlsayers.com/phpBB2/download/file.php?id=36132&mode=view,29645
36133,data/images/orig/36133.jpg,http://johnlsayers.com/phpBB2/download/file.php?id=36133&mode=view,37786
36134,data/images/orig/36134.jpg,http://johnlsayers.com/phpBB2/download/file.php?id=36134&mode=view,49487
36135,data/images/orig/36135.jpg,http://johnlsayers.com/phpBB2/download/file.php?id=36135&mode=view,43878
36136,data/images/orig/36136.jpg,http://johnlsayers.com/phpBB2/download/file.php?id=36136&mode=view,36567
36138,data/images/orig/36138.jpg,http://johnlsayers.com/phpBB2/download/file.php?id=36138&mode=view,25115
36139,data/images/orig/36139.jpg,http://johnlsayers.com/phpBB2/download/file.php?id=36139&mode=view,87555
36140,data/images/orig/36140.jpg,http://johnlsayers.com/phpBB2/download/file.php?id=36140&mode=view,64774
36141,data/images/orig/36141.jpg,http://johnlsayers.com/phpBB2/download/file.php?id=36141&mode=view,84670
36142,data/images/orig/36142.jpg,http://johnlsayers.com/phpBB2/download/file.php?id=36142&mode=view,112034
36143,data/images/orig/36143.jpg,http://johnlsayers.com/phpBB2/download/file.php?id=36143&mode=view,55842
36144,data/images/orig/36144.jpg,http://johnlsayers.com/phpBB2/download/file.php?id=36144&mode=view,72449
36145,data/images/orig/36145.jpg,http://johnlsayers.com/phpBB2/download/file.php?id=36145&mode=view,73551
36146,data/images/orig/36146.jpg,http://johnlsayers.com/phpBB2/download/file.php?id=36146&mode=view,58272
36147,data/images/orig/36147.jpg,http://johnlsayers.com/phpBB2/download/file.php?id=36147&mode=view,51356
36148,data/images/orig/36148.jpg,http://johnlsayers.com/phpBB2/download/file.php?id=36148&mode=view,85945
36149,data/images/orig/36149.jpg,http://johnlsayers.com/phpBB2/download/file.php?id=36149&mode=view,103657
36150,data/images/orig/36150.jpg,http://johnlsayers.com/phpBB2/download/file.php?id=36150&mode=view,68028
36151,data/images/orig/36151.jpg,http://johnlsayers.com/phpBB2/download/file.php?id=36151&mode=view,56236
36152,data/images/orig/36152.jpg,http://johnlsayers.com/phpBB2/download/file.php?id=36152&mode=view,40791
36153,data/images/orig/36153.jpg,http://johnlsayers.com/phpBB2/download/file.php?id=36153&t=1,16308
36159,data/images/orig/36159.jpg,http://johnlsayers.com/phpBB2/download/file.php?id=36159&t=1,26588
36181,data/images/orig/36181.jpg,http://johnlsayers.com/phpBB2/download/file.php?id=36181&t=1,43869
36183,data/images/orig/36183.jpg,http://johnlsayers.com/phpBB2/download/file.php?id=36183&t=1,28934
36184,data/images/orig/36184.jpg,http://johnlsayers.com/phpBB2/download/file.php?id=36184&t=1,24972
36185,data/images/orig/36185.jpg,http://johnlsayers.com/phpBB2/download/file.php?id=36185&t=1,24766
36186,data/images/orig/36186.jpg,http://johnlsayers.com/phpBB2/download/file.php?id=36186&t=1,29522
36187,data/images/orig/36187.jpg,http://johnlsayers.com/phpBB2/download/file.php?id=36187&t=1,18823
36204,data/images/orig/36204.jpg,http://johnlsayers.com/phpBB2/download/file.php?id=36204&t=1,14804
36280,data/images/orig/36280.jpg,http://johnlsayers.com/phpBB2/download/file.php?id=36280&t=1,24636
36281,data/images/orig/36281.jpg,http://johnlsayers.com/phpBB2/download/file.php?id=36281&t=1,28058
36282,data/images/orig/36282.jpg,http://johnlsayers.com/phpBB2/download/file.php?id=36282&t=1,30399
36283,data/images/orig/36283.jpg,http://johnlsayers.com/phpBB2/download/file.php?id=36283&t=1,25682
36351,data/images/orig/36351.jpg,http://johnlsayers.com/phpBB2/download/file.php?id=36351&t=1,27269
36353,data/images/orig/36353.jpg,http://johnlsayers.com/phpBB2/download/file.php?id=36353&t=1,22873
36354,data/images/orig/36354.jpg,http://johnlsayers.com/phpBB2/download/file.php?id=36354&t=1,23558
36366,data/images/orig/36366.jpg,http://johnlsayers.com/phpBB2/download/file.php?id=36366&t=1,43144
36367,data/images/orig/36367.jpg,http://johnlsayers.com/phpBB2/download/file.php?id=36367&t=1,33199
36368,data/images/orig/36368.jpg,http://johnlsayers.com/phpBB2/download/file.php?id=36368&t=1,33426
36369,data/images/orig/36369.jpg,http://johnlsayers.com/phpBB2/download/file.php?id=36369&t=1,37131
36370,data/images/orig/36370.jpg,http://johnlsayers.com/phpBB2/download/file.php?id=36370&t=1,38311
36371,data/images/orig/36371.jpg,http://johnlsayers.com/phpBB2/download/file.php?id=36371&t=1,43825
36399,data/images/orig/36399.jpg,http://johnlsayers.com/phpBB2/download/file.php?id=36399&t=1,14717
36400,data/images/orig/36400.jpg,http://johnlsayers.com/phpBB2/download/file.php?id=36400&t=1,18767
36401,data/images/orig/36401.jpg,http://johnlsayers.com/phpBB2/download/file.php?id=36401&t=1,15815
36575,data/images/orig/36575.jpg,http://johnlsayers.com/phpBB2/download/file.php?id=36575&t=1,39032
36576,data/images/orig/36576.jpg,http://johnlsayers.com/phpBB2/download/file.php?id=36576&t=1,38272
36577,data/images/orig/36577.jpg,http://johnlsayers.com/phpBB2/download/file.php?id=36577&t=1,41009
36578,data/images/orig/36578.jpg,http://johnlsayers.com/phpBB2/download/file.php?id=36578&t=1,40653
36579,data/images/orig/36579.jpg,http://johnlsayers.com/phpBB2/download/file.php?id=36579&t=1,39814
36641,data/images/orig/36641.jpg,http://johnlsayers.com/phpBB2/download/file.php?id=36641&t=1,18190
36651,data/images/orig/36651.jpg,http://johnlsayers.com/phpBB2/download/file.php?id=36651&t=1,21044
36733,data/images/orig/36733.jpg,http://johnlsayers.com/phpBB2/download/file.php?id=36733&t=1,33418
36734,data/images/orig/36734.jpg,http://johnlsayers.com/phpBB2/download/file.php?id=36734&t=1,37716
36736,data/images/orig/36736.jpg,http://johnlsayers.com/phpBB2/download/file.php?id=36736&t=1,32856
36737,data/images/orig/36737.jpg,http://johnlsayers.com/phpBB2/download/file.php?id=36737&t=1,23026
36738,data/images/orig/36738.jpg,http://johnlsayers.com/phpBB2/download/file.php?id=36738&t=1,33600
36739,data/images/orig/36739.jpg,http://johnlsayers.com/phpBB2/download/file.php?id=36739&t=1,44659
36740,data/images/orig/36740.jpg,http://johnlsayers.com/phpBB2/download/file.php?id=36740&t=1,36093
36741,data/images/orig/36741.jpg,http://johnlsayers.com/phpBB2/download/file.php?id=36741&t=1,34903
36742,data/images/orig/36742.jpg,http://johnlsayers.com/phpBB2/download/file.php?id=36742&t=1,22441
36743,data/images/orig/36743.jpg,http://johnlsayers.com/phpBB2/download/file.php?id=36743&t=1,58257
36744,data/images/orig/36744.jpg,http://johnlsayers.com/phpBB2/download/file.php?id=36744&t=1,29392
36860,data/images/orig/36860.jpg,http://johnlsayers.com/phpBB2/download/file.php?id=36860,76048
36978,data/images/orig/36978.jpg,http://johnlsayers.com/phpBB2/download/file.php?id=36978,72795
36979,data/images/orig/36979.jpg,http://johnlsayers.com/phpBB2/download/file.php?id=36979,64264
36981,data/images/orig/36981.jpg,http://johnlsayers.com/phpBB2/download/file.php?id=36981,43711
36983,data/images/orig/36983.jpg,http://johnlsayers.com/phpBB2/download/file.php?id=36983,53403
36986,data/images/orig/36986.jpg,http://johnlsayers.com/phpBB2/download/file.php?id=36986,67464
36987,data/images/orig/36987.jpg,http://johnlsayers.com/phpBB2/download/file.php?id=36987,74770
37012,data/images/orig/37012.jpg,http://johnlsayers.com/phpBB2/download/file.php?id=37012,42073
37013,data/images/orig/37013.jpg,http://johnlsayers.com/phpBB2/download/file.php?id=37013,38558
37014,data/images/orig/37014.jpg,http://johnlsayers.com/phpBB2/download/file.php?id=37014,43799
37015,data/images/orig/37015.jpg,http://johnlsayers.com/phpBB2/download/file.php?id=37015,55794
37016,data/images/orig/37016.jpg,http://johnlsayers.com/phpBB2/download/file.php?id=37016,47764
37017,data/images/orig/37017.jpg,http://johnlsayers.com/phpBB2/download/file.php?id=37017,53877
37018,data/images/orig/37018.jpg,http://johnlsayers.com/phpBB2/download/file.php?id=37018,54765
37050,data/images/orig/37050.jpg,http://johnlsayers.com/phpBB2/download/file.php?id=37050,51127
37051,data/images/orig/37051.jpg,http://johnlsayers.com/phpBB2/download/file.php?id=37051,55001
37052,data/images/orig/37052.jpg,http://johnlsayers.com/phpBB2/download/file.php?id=37052,57196
37053,data/images/orig/37053.jpg,http://johnlsayers.com/phpBB2/download/file.php?id=37053,50348
37054,data/images/orig/37054.jpg,http://johnlsayers.com/phpBB2/download/file.php?id=37054,38699
37055,data/images/orig/37055.jpg,http://johnlsayers.com/phpBB2/download/file.php?id=37055,41831
37056,data/images/orig/37056.jpg,http://johnlsayers.com/phpBB2/download/file.php?id=37056,39803
37057,data/images/orig/37057.jpg,http://johnlsayers.com/phpBB2/download/file.php?id=37057,52792
37085,data/images/orig/37085.jpg,http://johnlsayers.com/phpBB2/download/file.php?id=37085,51257
37086,data/images/orig/37086.jpg,http://johnlsayers.com/phpBB2/download/file.php?id=37086,70232
37087,data/images/orig/37087.jpg,http://johnlsayers.com/phpBB2/download/file.php?id=37087,62648
37088,data/images/orig/37088.jpg,http://johnlsayers.com/phpBB2/download/file.php?id=37088,70873
37089,data/images/orig/37089.jpg,http://johnlsayers.com/phpBB2/download/file.php?id=37089,67822
37090,data/images/orig/37090.jpg,http://johnlsayers.com/phpBB2/download/file.php?id=37090,37232
37091,data/images/orig/37091.jpg,http://johnlsayers.com/phpBB2/download/file.php?id=37091,58633
37092,data/images/orig/37092.jpg,http://johnlsayers.com/phpBB2/download/file.php?id=37092,59880
37093,data/images/orig/37093.jpg,http://johnlsayers.com/phpBB2/download/file.php?id=37093,60670
37094,data/images/orig/37094.jpg,http://johnlsayers.com/phpBB2/download/file.php?id=37094,56689
37118,data/images/orig/37118.jpg,http://johnlsayers.com/phpBB2/download/file.php?id=37118,18152
37125,data/images/orig/37125.jpg,http://johnlsayers.com/phpBB2/download/file.php?id=37125,139226
37126,data/images/orig/37126.jpg,http://johnlsayers.com/phpBB2/download/file.php?id=37126,145028
37127,data/images/orig/37127.jpg,http://johnlsayers.com/phpBB2/download/file.php?id=37127,155926
37129,data/images/orig/37129.jpg,http://johnlsayers.com/phpBB2/download/file.php?id=37129,147178
37130,data/images/orig/37130.jpg,http://johnlsayers.com/phpBB2/download/file.php?id=37130,158682
37132,data/images/orig/37132.jpg,http://johnlsayers.com/phpBB2/download/file.php?id=37132,135452
37133,data/images/orig/37133.jpg,http://johnlsayers.com/phpBB2/download/file.php?id=37133,184653
37135,data/images/orig/37135.jpg,http://johnlsayers.com/phpBB2/download/file.php?id=37135,162024
37136,data/images/orig/37136.jpg,http://johnlsayers.com/phpBB2/download/file.php?id=37136,166570
37137,data/images/orig/37137.jpg,http://johnlsayers.com/phpBB2/download/file.php?id=37137,161189
37138,data/images/orig/37138.jpg,http://johnlsayers.com/phpBB2/download/file.php?id=37138,146231
37139,data/images/orig/37139.jpg,http://johnlsayers.com/phpBB2/download/file.php?id=37139,210047
37140,data/images/orig/37140.jpg,http://johnlsayers.com/phpBB2/download/file.php?id=37140,159762
37141,data/images/orig/37141.jpg,http://johnlsayers.com/phpBB2/download/file.php?id=37141,204077
37142,data/images/orig/37142.jpg,http://johnlsayers.com/phpBB2/download/file.php?id=37142,182746
37143,data/images/orig/37143.jpg,http://johnlsayers.com/phpBB2/download/file.php?id=37143,152113
37150,data/images/orig/37150.jpg,http://johnlsayers.com/phpBB2/download/file.php?id=37150,62073
37174,data/images/orig/37174.png,http://johnlsayers.com/phpBB2/download/file.php?id=37174&t=1,318567
37193,data/images/orig/37193.png,http://johnlsayers.com/phpBB2/download/file.php?id=37193&t=1,288926
37194,data/images/orig/37194.png,http://johnlsayers.com/phpBB2/download/file.php?id=37194&t=1,256193
37195,data/images/orig/37195.jpg,http://www.johnlsayers.com/phpBB2/download/file.php?id=37195,115886
37220,data/images/orig/37220.jpg,http://johnlsayers.com/phpBB2/download/file.php?id=37220,56326
37221,data/images/orig/37221.jpg,http://johnlsayers.com/phpBB2/download/file.php?id=37221,60602
37222,data/images/orig/37222.jpg,http://johnlsayers.com/phpBB2/download/file.php?id=37222,58611
37223,data/images/orig/37223.jpg,http://johnlsayers.com/phpBB2/download/file.php?id=37223,62302
37224,data/images/orig/37224.jpg,http://johnlsayers.com/phpBB2/download/file.php?id=37224,31566
37225,data/images/orig/37225.jpg,http://johnlsayers.com/phpBB2/download/file.php?id=37225,39627
37226,data/images/orig/37226.jpg,http://johnlsayers.com/phpBB2/download/file.php?id=37226,60432
37227,data/images/orig/37227.jpg,http://johnlsayers.com/phpBB2/download/file.php?id=37227,68406
37248,data/images/orig/37248.png,http://johnlsayers.com/phpBB2/download/file.php?id=37248&t=1,253680
37254,data/images/orig/37254.jpg,http://www.johnlsayers.com/phpBB2/download/file.php?id=37254&t=1,122888
37255,data/images/orig/37255.jpg,http://www.johnlsayers.com/phpBB2/download/file.php?id=37255&t=1,117242
37256,data/images/orig/37256.jpg,http://www.johnlsayers.com/phpBB2/download/file.php?id=37256&t=1,117386
37258,data/images/orig/37258.jpg,http://johnlsayers.com/phpBB2/download/file.php?id=37258,55530
37259,data/images/orig/37259.jpg,http://johnlsayers.com/phpBB2/download/file.php?id=37259,47951
37264,data/images/orig/37264.jpg,http://johnlsayers.com/phpBB2/download/file.php?id=37264,70924
37266,data/images/orig/37266.jpg,http://johnlsayers.com/phpBB2/download/file.php?id=37266,63864
37267,data/images/orig/37267.jpg,http://johnlsayers.com/phpBB2/download/file.php?id=37267,38732
37268,data/images/orig/37268.jpg,http://johnlsayers.com/phpBB2/download/file.php?id=37268&t=1,79929
37269,data/images/orig/37269.jpg,http://johnlsayers.com/phpBB2/download/file.php?id=37269&t=1,101444
37378,data/images/orig/37378.jpg,http://johnlsayers.com/phpBB2/download/file.php?id=37378,55089
37379,data/images/orig/37379.jpg,http://johnlsayers.com/phpBB2/download/file.php?id=37379,61736
37380,data/images/orig/37380.jpg,http://johnlsayers.com/phpBB2/download/file.php?id=37380,52420
37383,data/images/orig/37383.jpg,http://johnlsayers.com/phpBB2/download/file.php?id=37383,30523
37384,data/images/orig/37384.jpg,http://johnlsayers.com/phpBB2/download/file.php?id=37384,46672
37426,data/images/orig/37426.jpg,http://johnlsayers.com/phpBB2/download/file.php?id=37426,49945
37427,data/images/orig/37427.jpg,http://johnlsayers.com/phpBB2/download/file.php?id=37427,60003
37566,data/images/orig/37566.jpg,http://johnlsayers.com/phpBB2/download/file.php?id=37566,53247
37568,data/images/orig/37568.jpg,http://johnlsayers.com/phpBB2/download/file.php?id=37568,56001
37569,data/images/orig/37569.jpg,http://johnlsayers.com/phpBB2/download/file.php?id=37569,57772
37570,data/images/orig/37570.jpg,http://johnlsayers.com/phpBB2/download/file.php?id=37570,52636
37571,data/images/orig/37571.jpg,http://johnlsayers.com/phpBB2/download/file.php?id=37571,59041
37573,data/images/orig/37573.jpg,http://johnlsayers.com/phpBB2/download/file.php?id=37573,57035
37721,data/images/orig/37721.jpg,http://johnlsayers.com/phpBB2/download/file.php?id=37721,284700
37890,data/images/orig/37890.jpg,http://johnlsayers.com/phpBB2/download/file.php?id=37890,53607
37891,data/images/orig/37891.jpeg,http://johnlsayers.com/phpBB2/download/file.php?id=37891,76852
37897,data/images/orig/37897.jpg,http://johnlsayers.com/phpBB2/download/file.php?id=37897,41991
37898,data/images/orig/37898.jpg,http://johnlsayers.com/phpBB2/download/file.php?id=37898,53864
37899,data/images/orig/37899.jpg,http://johnlsayers.com/phpBB2/download/file.php?id=37899,51474
37900,data/images/orig/37900.jpg,http://johnlsayers.com/phpBB2/download/file.php?id=37900,33069
37901,data/images/orig/37901.jpg,http://johnlsayers.com/phpBB2/download/file.php?id=37901,39155
37902,data/images/orig/37902.jpg,http://johnlsayers.com/phpBB2/download/file.php?id=37902,37806
37958,data/images/orig/37958.jpg,http://johnlsayers.com/phpBB2/download/file.php?id=37958,45626
37959,data/images/orig/37959.jpg,http://johnlsayers.com/phpBB2/download/file.php?id=37959,60268
37960,data/images/orig/37960.jpg,http://johnlsayers.com/phpBB2/download/file.php?id=37960,42455
37961,data/images/orig/37961.jpg,http://johnlsayers.com/phpBB2/download/file.php?id=37961,43012
37963,data/images/orig/37963.jpg,http://johnlsayers.com/phpBB2/download/file.php?id=37963,48372
37965,data/images/orig/37965.jpg,http://johnlsayers.com/phpBB2/download/file.php?id=37965,60574
37966,data/images/orig/37966.jpg,http://johnlsayers.com/phpBB2/download/file.php?id=37966,72711
37990,data/images/orig/37990.jpg,http://johnlsayers.com/phpBB2/download/file.php?id=37990,56456
37994,data/images/orig/37994.jpg,http://johnlsayers.com/phpBB2/download/file.php?id=37994,50151
37996,data/images/orig/37996.jpg,http://johnlsayers.com/phpBB2/download/file.php?id=37996,58429
37997,data/images/orig/37997.jpg,http://johnlsayers.com/phpBB2/download/file.php?id=37997,54154
38036,data/images/orig/38036.jpg,http://www.johnlsayers.com/phpBB2/download/file.php?id=38036,74280
38037,data/images/orig/38037.jpg,http://www.johnlsayers.com/phpBB2/download/file.php?id=38037,95144
38038,data/images/orig/38038.png,http://www.johnlsayers.com/phpBB2/download/file.php?id=38038&t=1,673352
38039,data/images/orig/38039.jpg,http://www.johnlsayers.com/phpBB2/download/file.php?id=38039,65935
38040,data/images/orig/38040.jpg,http://www.johnlsayers.com/phpBB2/download/file.php?id=38040&t=1,103015
38042,data/images/orig/38042.jpg,http://www.johnlsayers.com/phpBB2/download/file.php?id=38042,91989
38043,data/images/orig/38043.jpg,http://www.johnlsayers.com/phpBB2/download/file.php?id=38043,67475
38215,data/images/orig/38215.jpg,http://johnlsayers.com/phpBB2/download/file.php?id=38215,77021
38216,data/images/orig/38216.jpg,http://johnlsayers.com/phpBB2/download/file.php?id=38216,80923
38217,data/images/orig/38217.jpg,http://johnlsayers.com/phpBB2/download/file.php?id=38217,85141
38218,data/images/orig/38218.jpg,http://johnlsayers.com/phpBB2/download/file.php?id=38218,38966
38219,data/images/orig/38219.jpg,http://johnlsayers.com/phpBB2/download/file.php?id=38219,33579
38220,data/images/orig/38220.jpg,http://johnlsayers.com/phpBB2/download/file.php?id=38220,47038
38281,data/images/orig/38281.jpg,http://johnlsayers.com/phpBB2/download/file.php?id=38281,129158
38282,data/images/orig/38282.jpg,http://johnlsayers.com/phpBB2/download/file.php?id=38282,127781
38283,data/images/orig/38283.jpg,http://johnlsayers.com/phpBB2/download/file.php?id=38283,119371
38290,data/images/orig/38290.jpg,http://johnlsayers.com/phpBB2/download/file.php?id=38290,66890
38291,data/images/orig/38291.jpg,http://johnlsayers.com/phpBB2/download/file.php?id=38291,44345
38292,data/images/orig/38292.jpg,http://johnlsayers.com/phpBB2/download/file.php?id=38292,30613
38293,data/images/orig/38293.jpg,http://johnlsayers.com/phpBB2/download/file.php?id=38293,31993
38297,data/images/orig/38297.jpg,http://johnlsayers.com/phpBB2/download/file.php?id=38297,163838
38299,data/images/orig/38299.jpg,http://johnlsayers.com/phpBB2/download/file.php?id=38299&t=1,135868
38300,data/images/orig/38300.jpg,http://johnlsayers.com/phpBB2/download/file.php?id=38300&t=1,121513
38301,data/images/orig/38301.jpg,http://johnlsayers.com/phpBB2/download/file.php?id=38301&t=1,97636
38302,data/images/orig/38302.jpg,http://johnlsayers.com/phpBB2/download/file.php?id=38302&t=1,121087
38303,data/images/orig/38303.jpg,http://johnlsayers.com/phpBB2/download/file.php?id=38303&t=1,120677
38305,data/images/orig/38305.jpg,http://johnlsayers.com/phpBB2/download/file.php?id=38305,145165
38306,data/images/orig/38306.jpg,http://johnlsayers.com/phpBB2/download/file.php?id=38306,94085
38313,data/images/orig/38313.jpg,http://johnlsayers.com/phpBB2/download/file.php?id=38313,261992
38315,data/images/orig/38315.jpg,http://johnlsayers.com/phpBB2/download/file.php?id=38315,393983
38322,data/images/orig/38322.jpg,http://johnlsayers.com/phpBB2/download/file.php?id=38322&t=1,62354
38334,data/images/orig/38334.jpg,http://johnlsayers.com/phpBB2/download/file.php?id=38334,36864
38335,data/images/orig/38335.jpg,http://johnlsayers.com/phpBB2/download/file.php?id=38335,34244
38336,data/images/orig/38336.jpg,http://johnlsayers.com/phpBB2/download/file.php?id=38336,34392
38337,data/images/orig/38337.jpg,http://johnlsayers.com/phpBB2/download/file.php?id=38337,37153
38338,data/images/orig/38338.jpg,http://johnlsayers.com/phpBB2/download/file.php?id=38338,34000
38341,data/images/orig/38341.jpg,http://johnlsayers.com/phpBB2/download/file.php?id=38341,36097
38342,data/images/orig/38342.jpg,http://johnlsayers.com/phpBB2/download/file.php?id=38342,34188
38485,data/images/orig/38485.jpg,http://johnlsayers.com/phpBB2/download/file.php?id=38485&t=1,58331
38490,data/images/orig/38490.jpg,http://johnlsayers.com/phpBB2/download/file.php?id=38490&t=1,81103
38491,data/images/orig/38491.jpg,http://johnlsayers.com/phpBB2/download/file.php?id=38491&t=1,98186
38492,data/images/orig/38492.jpg,http://johnlsayers.com/phpBB2/download/file.php?id=38492&t=1,97624
38493,data/images/orig/38493.jpg,http://johnlsayers.com/phpBB2/download/file.php?id=38493&t=1,92472
38494,data/images/orig/38494.jpg,http://johnlsayers.com/phpBB2/download/file.php?id=38494&t=1,93102
38495,data/images/orig/38495.jpg,http://johnlsayers.com/phpBB2/download/file.php?id=38495&t=1,94769
38496,data/images/orig/38496.jpg,http://johnlsayers.com/phpBB2/download/file.php?id=38496&t=1,85964
38586,data/images/orig/38586.jpg,http://johnlsayers.com/phpBB2/download/file.php?id=38586&t=1,46497
38606,data/images/orig/38606.jpg,http://johnlsayers.com/phpBB2/download/file.php?id=38606&t=1,63471
38608,data/images/orig/38608.jpg,http://johnlsayers.com/phpBB2/download/file.php?id=38608,58303
38611,data/images/orig/38611.jpg,http://johnlsayers.com/phpBB2/download/file.php?id=38611,57952
38612,data/images/orig/38612.jpg,http://johnlsayers.com/phpBB2/download/file.php?id=38612,29295
38613,data/images/orig/38613.jpg,http://johnlsayers.com/phpBB2/download/file.php?id=38613,32383
38616,data/images/orig/38616.jpg,http://johnlsayers.com/phpBB2/download/file.php?id=38616,57790
38617,data/images/orig/38617.jpg,http://johnlsayers.com/phpBB2/download/file.php?id=38617&t=1,63801
38833,data/images/orig/38833.jpg,http://johnlsayers.com/phpBB2/download/file.php?id=38833,92754
38834,data/images/orig/38834.jpg,http://johnlsayers.com/phpBB2/download/file.php?id=38834,92157
38835,data/images/orig/38835.jpg,http://johnlsayers.com/phpBB2/download/file.php?id=38835,86784
38836,data/images/orig/38836.jpg,http://johnlsayers.com/phpBB2/download/file.php?id=38836,89895
38837,data/images/orig/38837.jpg,http://johnlsayers.com/phpBB2/download/file.php?id=38837,108343
38838,data/images/orig/38838.jpg,http://johnlsayers.com/phpBB2/download/file.php?id=38838,118926
38839,data/images/orig/38839.jpg,http://johnlsayers.com/phpBB2/download/file.php?id=38839,107843
38840,data/images/orig/38840.jpg,http://johnlsayers.com/phpBB2/download/file.php?id=38840,99485
38841,data/images/orig/38841.jpg,http://johnlsayers.com/phpBB2/download/file.php?id=38841,85817
38842,data/images/orig/38842.jpg,http://johnlsayers.com/phpBB2/download/file.php?id=38842,135251
38844,data/images/orig/38844.jpg,http://johnlsayers.com/phpBB2/download/file.php?id=38844,52176
38845,data/images/orig/38845.jpg,http://johnlsayers.com/phpBB2/download/file.php?id=38845,69274
38846,data/images/orig/38846.jpg,http://johnlsayers.com/phpBB2/download/file.php?id=38846,60353
38847,data/images/orig/38847.jpg,http://johnlsayers.com/phpBB2/download/file.php?id=38847,67316
38848,data/images/orig/38848.jpg,http://johnlsayers.com/phpBB2/download/file.php?id=38848,55069
38849,data/images/orig/38849.jpg,http://johnlsayers.com/phpBB2/download/file.php?id=38849,66067
38850,data/images/orig/38850.jpg,http://johnlsayers.com/phpBB2/download/file.php?id=38850,50398
38851,data/images/orig/38851.jpg,http://johnlsayers.com/phpBB2/download/file.php?id=38851,54215
38852,data/images/orig/38852.jpg,http://johnlsayers.com/phpBB2/download/file.php?id=38852,69201
38853,data/images/orig/38853.jpg,http://johnlsayers.com/phpBB2/download/file.php?id=38853,50758
38854,data/images/orig/38854.jpg,http://johnlsayers.com/phpBB2/download/file.php?id=38854,45473
38855,data/images/orig/38855.jpg,http://johnlsayers.com/phpBB2/download/file.php?id=38855,47877
38856,data/images/orig/38856.jpg,http://johnlsayers.com/phpBB2/download/file.php?id=38856,68794
38857,data/images/orig/38857.jpg,http://johnlsayers.com/phpBB2/download/file.php?id=38857,68963
38858,data/images/orig/38858.jpg,http://johnlsayers.com/phpBB2/download/file.php?id=38858,76215
38859,data/images/orig/38859.jpg,http://johnlsayers.com/phpBB2/download/file.php?id=38859,68141
38860,data/images/orig/38860.jpg,http://johnlsayers.com/phpBB2/download/file.php?id=38860,55812
38861,data/images/orig/38861.jpg,http://johnlsayers.com/phpBB2/download/file.php?id=38861,55099
38862,data/images/orig/38862.jpg,http://johnlsayers.com/phpBB2/download/file.php?id=38862,56303
38863,data/images/orig/38863.jpg,http://johnlsayers.com/phpBB2/download/file.php?id=38863,55587
38864,data/images/orig/38864.jpg,http://johnlsayers.com/phpBB2/download/file.php?id=38864,45369
38865,data/images/orig/38865.jpg,http://johnlsayers.com/phpBB2/download/file.php?id=38865,48667
38964,data/images/orig/38964.jpg,http://johnlsayers.com/phpBB2/download/file.php?id=38964&t=1,97267
38965,data/images/orig/38965.jpg,http://johnlsayers.com/phpBB2/download/file.php?id=38965&t=1,83531
38966,data/images/orig/38966.jpg,http://johnlsayers.com/phpBB2/download/file.php?id=38966&t=1,91537
38967,data/images/orig/38967.jpg,http://johnlsayers.com/phpBB2/download/file.php?id=38967&t=1,107853
38968,data/images/orig/38968.jpg,http://johnlsayers.com/phpBB2/download/file.php?id=38968&t=1,123057
38969,data/images/orig/38969.jpg,http://johnlsayers.com/phpBB2/download/file.php?id=38969&t=1,98731
38970,data/images/orig/38970.jpg,http://johnlsayers.com/phpBB2/download/file.php?id=38970&t=1,103889
39009,data/images/orig/39009.jpg,http://johnlsayers.com/phpBB2/download/file.php?id=39009&t=1,80843
39101,data/images/orig/39101.jpg,http://johnlsayers.com/phpBB2/download/file.php?id=39101&mode=view,317859
39196,data/images/orig/39196.jpg,http://johnlsayers.com/phpBB2/download/file.php?id=39196&t=1,73755
39197,data/images/orig/39197.jpg,http://johnlsayers.com/phpBB2/download/file.php?id=39197&t=1,75342
39359,data/images/orig/39359.jpg,http://johnlsayers.com/phpBB2/download/file.php?id=39359,175447
39360,data/images/orig/39360.jpg,http://johnlsayers.com/phpBB2/download/file.php?id=39360,183086
39361,data/images/orig/39361.jpg,http://johnlsayers.com/phpBB2/download/file.php?id=39361,185541
39366,data/images/orig/39366.png,http://johnlsayers.com/phpBB2/download/file.php?id=39366&t=1,176602
39412,data/images/orig/39412.jpg,http://johnlsayers.com/phpBB2/download/file.php?id=39412&t=1,87886
39453,data/images/orig/39453.jpg,http://johnlsayers.com/phpBB2/download/file.php?id=39453&t=1,62777
39456,data/images/orig/39456.jpg,http://johnlsayers.com/phpBB2/download/file.php?id=39456,97884
39457,data/images/orig/39457.jpg,http://johnlsayers.com/phpBB2/download/file.php?id=39457,23312
39556,data/images/orig/39556.jpg,http://johnlsayers.com/phpBB2/download/file.php?id=39556&t=1,129922
39587,data/images/orig/39587.jpg,http://johnlsayers.com/phpBB2/download/file.php?id=39587,198450
39614,data/images/orig/39614.jpg,http://johnlsayers.com/phpBB2/download/file.php?id=39614,181885
39805,data/images/orig/39805.jpg,http://johnlsayers.com/phpBB2/download/file.php?id=39805,143217
39806,data/images/orig/39806.jpg,http://johnlsayers.com/phpBB2/download/file.php?id=39806,183021
39807,data/images/orig/39807.jpg,http://johnlsayers.com/phpBB2/download/file.php?id=39807,119728
39819,data/images/orig/39819.jpg,http://johnlsayers.com/phpBB2/download/file.php?id=39819&t=1,77494
39820,data/images/orig/39820.jpg,http://johnlsayers.com/phpBB2/download/file.php?id=39820&t=1,76450
39895,data/images/orig/39895.png,http://johnlsayers.com/phpBB2/download/file.php?id=39895,19516
39896,data/images/orig/39896.png,http://johnlsayers.com/phpBB2/download/file.php?id=39896,29124
39949,data/images/orig/39949.jpg,http://johnlsayers.com/phpBB2/download/file.php?id=39949,76278
40159,data/images/orig/40159.jpg,http://johnlsayers.com/phpBB2/download/file.php?id=40159,15790
40202,data/images/orig/40202.jpg,http://johnlsayers.com/phpBB2/download/file.php?id=40202&t=1,155265
40208,data/images/orig/40208.bmp,http://johnlsayers.com/phpBB2/download/file.php?id=40208,265382
40221,data/images/orig/40221.jpg,http://johnlsayers.com/phpBB2/download/file.php?id=40221,156507
40222,data/images/orig/40222.jpg,http://johnlsayers.com/phpBB2/download/file.php?id=40222,164172
40223,data/images/orig/40223.jpg,http://johnlsayers.com/phpBB2/download/file.php?id=40223,166725
40261,data/images/orig/40261.jpg,http://johnlsayers.com/phpBB2/download/file.php?id=40261,105692
40262,data/images/orig/40262.jpg,http://johnlsayers.com/phpBB2/download/file.php?id=40262,153177
40263,data/images/orig/40263.jpg,http://johnlsayers.com/phpBB2/download/file.php?id=40263,134209
40264,data/images/orig/40264.jpg,http://johnlsayers.com/phpBB2/download/file.php?id=40264,112465
40265,data/images/orig/40265.jpg,http://johnlsayers.com/phpBB2/download/file.php?id=40265,105056
40266,data/images/orig/40266.jpg,http://johnlsayers.com/phpBB2/download/file.php?id=40266,153266
40267,data/images/orig/40267.jpg,http://johnlsayers.com/phpBB2/download/file.php?id=40267,114222
40268,data/images/orig/40268.jpg,http://johnlsayers.com/phpBB2/download/file.php?id=40268,156941
40276,data/images/orig/40276.jpg,http://johnlsayers.com/phpBB2/download/file.php?id=40276,152075
40277,data/images/orig/40277.jpg,http://johnlsayers.com/phpBB2/download/file.php?id=40277,124898
40278,data/images/orig/40278.jpg,http://johnlsayers.com/phpBB2/download/file.php?id=40278,129880
40280,data/images/orig/40280.jpg,http://johnlsayers.com/phpBB2/download/file.php?id=40280,120095
40281,data/images/orig/40281.jpg,http://johnlsayers.com/phpBB2/download/file.php?id=40281,126302
40282,data/images/orig/40282.jpg,http://johnlsayers.com/phpBB2/download/file.php?id=40282,130037
40283,data/images/orig/40283.jpg,http://johnlsayers.com/phpBB2/download/file.php?id=40283,164430
40284,data/images/orig/40284.jpg,http://johnlsayers.com/phpBB2/download/file.php?id=40284,125201
40285,data/images/orig/40285.jpg,http://johnlsayers.com/phpBB2/download/file.php?id=40285,111467
40319,data/images/orig/40319.jpg,http://johnlsayers.com/phpBB2/download/file.php?id=40319,156217
40320,data/images/orig/40320.jpg,http://johnlsayers.com/phpBB2/download/file.php?id=40320&mode=view,84363
40321,data/images/orig/40321.jpg,http://johnlsayers.com/phpBB2/download/file.php?id=40321&mode=view,75163
40340,data/images/orig/40340.jpg,http://johnlsayers.com/phpBB2/download/file.php?id=40340&mode=view,113867
40341,data/images/orig/40341.jpg,http://johnlsayers.com/phpBB2/download/file.php?id=40341&mode=view,114055
40342,data/images/orig/40342.jpg,http://johnlsayers.com/phpBB2/download/file.php?id=40342&mode=view,118670
40343,data/images/orig/40343.jpg,http://johnlsayers.com/phpBB2/download/file.php?id=40343&mode=view,111316
40344,data/images/orig/40344.jpg,http://johnlsayers.com/phpBB2/download/file.php?id=40344&mode=view,114869
40345,data/images/orig/40345.jpg,http://johnlsayers.com/phpBB2/download/file.php?id=40345&mode=view,115964
40346,data/images/orig/40346.jpg,http://johnlsayers.com/phpBB2/download/file.php?id=40346&mode=view,127762
40347,data/images/orig/40347.jpg,http://johnlsayers.com/phpBB2/download/file.php?id=40347&mode=view,87523
40348,data/images/orig/40348.jpg,http://johnlsayers.com/phpBB2/download/file.php?id=40348&mode=view,94943
40349,data/images/orig/40349.jpg,http://johnlsayers.com/phpBB2/download/file.php?id=40349&mode=view,106165
40350,data/images/orig/40350.jpg,http://johnlsayers.com/phpBB2/download/file.php?id=40350&mode=view,116349
40399,data/images/orig/40399.jpg,http://johnlsayers.com/phpBB2/download/file.php?id=40399,98668
40459,data/images/orig/40459.jpg,http://johnlsayers.com/phpBB2/download/file.php?id=40459,123047
40460,data/images/orig/40460.jpg,http://johnlsayers.com/phpBB2/download/file.php?id=40460,151404
40461,data/images/orig/40461.jpg,http://johnlsayers.com/phpBB2/download/file.php?id=40461,140621
40462,data/images/orig/40462.jpg,http://johnlsayers.com/phpBB2/download/file.php?id=40462,126924
40463,data/images/orig/40463.jpg,http://johnlsayers.com/phpBB2/download/file.php?id=40463,148943
40464,data/images/orig/40464.jpg,http://johnlsayers.com/phpBB2/download/file.php?id=40464,143372
40465,data/images/orig/40465.jpg,http://johnlsayers.com/phpBB2/download/file.php?id=40465,126736
40504,data/images/orig/40504.png,http://johnlsayers.com/phpBB2/download/file.php?id=40504,127619
41017,data/images/orig/41017.jpg,http://johnlsayers.com/phpBB2/download/file.php?id=41017,97139
41018,data/images/orig/41018.jpg,http://johnlsayers.com/phpBB2/download/file.php?id=41018,105164
41019,data/images/orig/41019.jpg,http://johnlsayers.com/phpBB2/download/file.php?id=41019,129838
41020,data/images/orig/41020.jpg,http://johnlsayers.com/phpBB2/download/file.php?id=41020,154713
41022,data/images/orig/41022.jpg,http://johnlsayers.com/phpBB2/download/file.php?id=41022,171441
41023,data/images/orig/41023.jpg,http://johnlsayers.com/phpBB2/download/file.php?id=41023,131686
41024,data/images/orig/41024.jpg,http://johnlsayers.com/phpBB2/download/file.php?id=41024,107089
41025,data/images/orig/41025.jpg,http://johnlsayers.com/phpBB2/download/file.php?id=41025,99787
41026,data/images/orig/41026.jpg,http://johnlsayers.com/phpBB2/download/file.php?id=41026,129319
41027,data/images/orig/41027.jpg,http://johnlsayers.com/phpBB2/download/file.php?id=41027,143539
41028,data/images/orig/41028.jpg,http://johnlsayers.com/phpBB2/download/file.php?id=41028,121552
41030,data/images/orig/41030.jpg,http://johnlsayers.com/phpBB2/download/file.php?id=41030,128511
41031,data/images/orig/41031.jpg,http://johnlsayers.com/phpBB2/download/file.php?id=41031,147662
41033,data/images/orig/41033.jpg,http://johnlsayers.com/phpBB2/download/file.php?id=41033,128891
41058,data/images/orig/41058.jpg,http://johnlsayers.com/phpBB2/download/file.php?id=41058&t=1,77173
41104,data/images/orig/41104.jpg,http://johnlsayers.com/phpBB2/download/file.php?id=41104,108565
41105,data/images/orig/41105.jpg,http://johnlsayers.com/phpBB2/download/file.php?id=41105,68396
41106,data/images/orig/41106.jpg,http://johnlsayers.com/phpBB2/download/file.php?id=41106,118322
41108,data/images/orig/41108.jpg,http://johnlsayers.com/phpBB2/download/file.php?id=41108,115633
41109,data/images/orig/41109.jpg,http://johnlsayers.com/phpBB2/download/file.php?id=41109,142048
41110,data/images/orig/41110.jpg,http://johnlsayers.com/phpBB2/download/file.php?id=41110,116305
41111,data/images/orig/41111.jpg,http://johnlsayers.com/phpBB2/download/file.php?id=41111,146187
41112,data/images/orig/41112.jpg,http://johnlsayers.com/phpBB2/download/file.php?id=41112,154721
41113,data/images/orig/41113.jpg,http://johnlsayers.com/phpBB2/download/file.php?id=41113,111012
41114,data/images/orig/41114.jpg,http://johnlsayers.com/phpBB2/download/file.php?id=41114,114825
41115,data/images/orig/41115.jpg,http://johnlsayers.com/phpBB2/download/file.php?id=41115,121259
41116,data/images/orig/41116.jpg,http://johnlsayers.com/phpBB2/download/file.php?id=41116,132759
41117,data/images/orig/41117.jpg,http://johnlsayers.com/phpBB2/download/file.php?id=41117,113757
41118,data/images/orig/41118.jpg,http://johnlsayers.com/phpBB2/download/file.php?id=41118,99764
41119,data/images/orig/41119.jpg,http://johnlsayers.com/phpBB2/download/file.php?id=41119,123372
41120,data/images/orig/41120.jpg,http://johnlsayers.com/phpBB2/download/file.php?id=41120,85795
41121,data/images/orig/41121.jpg,http://johnlsayers.com/phpBB2/download/file.php?id=41121,91066
41123,data/images/orig/41123.jpg,http://johnlsayers.com/phpBB2/download/file.php?id=41123,99836
41124,data/images/orig/41124.jpg,http://johnlsayers.com/phpBB2/download/file.php?id=41124,100031
41183,data/images/orig/41183.jpg,http://johnlsayers.com/phpBB2/download/file.php?id=41183,110676
41184,data/images/orig/41184.jpg,http://johnlsayers.com/phpBB2/download/file.php?id=41184,85580
41185,data/images/orig/41185.jpg,http://johnlsayers.com/phpBB2/download/file.php?id=41185,98071
41186,data/images/orig/41186.jpg,http://johnlsayers.com/phpBB2/download/file.php?id=41186,110255
41187,data/images/orig/41187.jpg,http://johnlsayers.com/phpBB2/download/file.php?id=41187,58522
41252,data/images/orig/41252.jpg,http://johnlsayers.com/phpBB2/download/file.php?id=41252,113254
41254,data/images/orig/41254.jpg,http://johnlsayers.com/phpBB2/download/file.php?id=41254,84128
41320,data/images/orig/41320.jpg,http://johnlsayers.com/phpBB2/download/file.php?id=41320,28395
41353,data/images/orig/41353.jpg,http://johnlsayers.com/phpBB2/download/file.php?id=41353,123685
41376,data/images/orig/41376.jpg,http://johnlsayers.com/phpBB2/download/file.php?id=41376,44031
41398,data/images/orig/41398.jpg,http://johnlsayers.com/phpBB2/download/file.php?id=41398,376722
41399,data/images/orig/41399.jpg,http://johnlsayers.com/phpBB2/download/file.php?id=41399,355618
41400,data/images/orig/41400.jpg,http://johnlsayers.com/phpBB2/download/file.php?id=41400,243061
41439,data/images/orig/41439.png,http://johnlsayers.com/phpBB2/download/file.php?id=41439,31277
41458,data/images/orig/41458.jpg,http://johnlsayers.com/phpBB2/download/file.php?id=41458,106789
41461,data/images/orig/41461.jpg,http://johnlsayers.com/phpBB2/download/file.php?id=41461,338888
41466,data/images/orig/41466.jpg,http://johnlsayers.com/phpBB2/download/file.php?id=41466,32340
41467,data/images/orig/41467.jpg,http://johnlsayers.com/phpBB2/download/file.php?id=41467,41619
41469,data/images/orig/41469.jpg,http://johnlsayers.com/phpBB2/download/file.php?id=41469,87215
41470,data/images/orig/41470.jpg,http://johnlsayers.com/phpBB2/download/file.php?id=41470&mode=view,73352
41471,data/images/orig/41471.jpg,http://johnlsayers.com/phpBB2/download/file.php?id=41471,72762
42122,data/images/orig/42122.jpg,http://johnlsayers.com/phpBB2/download/file.php?id=42122&t=1,83489
42150,data/images/orig/42150.jpg,http://johnlsayers.com/phpBB2/download/file.php?id=42150,42403
42151,data/images/orig/42151.jpg,http://johnlsayers.com/phpBB2/download/file.php?id=42151,44273
42152,data/images/orig/42152.jpg,http://johnlsayers.com/phpBB2/download/file.php?id=42152,5367
42160,data/images/orig/42160.jpg,http://johnlsayers.com/phpBB2/download/file.php?id=42160&t=1,28532
42161,data/images/orig/42161.jpg,http://johnlsayers.com/phpBB2/download/file.php?id=42161&t=1,45712
42574,data/images/orig/42574.jpg,http://www.johnlsayers.com/phpBB2/download/file.php?id=42574&t=1,86647
42575,data/images/orig/42575.jpg,http://www.johnlsayers.com/phpBB2/download/file.php?id=42575&t=1,96993
42576,data/images/orig/42576.jpg,http://www.johnlsayers.com/phpBB2/download/file.php?id=42576&t=1,86047
42577,data/images/orig/42577.jpg,http://www.johnlsayers.com/phpBB2/download/file.php?id=42577&t=1,90655
42578,data/images/orig/42578.jpg,http://www.johnlsayers.com/phpBB2/download/file.php?id=42578&t=1,98105
42579,data/images/orig/42579.jpg,http://www.johnlsayers.com/phpBB2/download/file.php?id=42579&t=1,92883
42580,data/images/orig/42580.gif,http://www.johnlsayers.com/phpBB2/download/file.php?id=42580,30486
42582,data/images/orig/42582.jpg,http://johnlsayers.com/phpBB2/download/file.php?id=42582,58482
42587,data/images/orig/42587.jpg,http://johnlsayers.com/phpBB2/download/file.php?id=42587&t=1,113933
42653,data/images/orig/42653.jpg,http://johnlsayers.com/phpBB2/download/file.php?id=42653&t=1,38628
42965,data/images/orig/42965.jpg,http://www.johnlsayers.com/phpBB2/download/file.php?id=42965&t=1,72609
42966,data/images/orig/42966.jpg,http://www.johnlsayers.com/phpBB2/download/file.php?id=42966&t=1,114817
42968,data/images/orig/42968.jpg,http://www.johnlsayers.com/phpBB2/download/file.php?id=42968&t=1,101504
42969,data/images/orig/42969.jpg,http://www.johnlsayers.com/phpBB2/download/file.php?id=42969&t=1,91562
42972,data/images/orig/42972.jpg,http://johnlsayers.com/phpBB2/download/file.php?id=42972&t=1,62267
43028,data/images/orig/43028.jpg,http://www.johnlsayers.com/phpBB2/download/file.php?id=43028,69169
43029,data/images/orig/43029.jpg,http://www.johnlsayers.com/phpBB2/download/file.php?id=43029&t=1,105850
43044,data/images/orig/43044.jpg,http://johnlsayers.com/phpBB2/download/file.php?id=43044,109986
43045,data/images/orig/43045.jpg,http://johnlsayers.com/phpBB2/download/file.php?id=43045,112850
43046,data/images/orig/43046.jpg,http://johnlsayers.com/phpBB2/download/file.php?id=43046,99530
43056,data/images/orig/43056.jpg,http://www.johnlsayers.com/phpBB2/download/file.php?id=43056,182709
43057,data/images/orig/43057.jpg,http://www.johnlsayers.com/phpBB2/download/file.php?id=43057,181637
43058,data/images/orig/43058.jpg,http://www.johnlsayers.com/phpBB2/download/file.php?id=43058&t=1,58218
43120,data/images/orig/43120.jpg,http://www.johnlsayers.com/phpBB2/download/file.php?id=43120&t=1,79220
43121,data/images/orig/43121.jpg,http://www.johnlsayers.com/phpBB2/download/file.php?id=43121&t=1,73657
43122,data/images/orig/43122.jpg,http://www.johnlsayers.com/phpBB2/download/file.php?id=43122&t=1,97305
43147,data/images/orig/43147.jpg,http://www.johnlsayers.com/phpBB2/download/file.php?id=43147&t=1,85694
43148,data/images/orig/43148.jpg,http://www.johnlsayers.com/phpBB2/download/file.php?id=43148&t=1,103846
43149,data/images/orig/43149.jpg,http://www.johnlsayers.com/phpBB2/download/file.php?id=43149&t=1,87962
43150,data/images/orig/43150.jpg,http://www.johnlsayers.com/phpBB2/download/file.php?id=43150&t=1,104771
43151,data/images/orig/43151.jpg,http://www.johnlsayers.com/phpBB2/download/file.php?id=43151&t=1,98361
43152,data/images/orig/43152.jpg,http://www.johnlsayers.com/phpBB2/download/file.php?id=43152&t=1,86057
43153,data/images/orig/43153.jpg,http://www.johnlsayers.com/phpBB2/download/file.php?id=43153&t=1,80062
43163,data/images/orig/43163.jpg,http://www.johnlsayers.com/phpBB2/download/file.php?id=43163,16562
43164,data/images/orig/43164.jpg,http://www.johnlsayers.com/phpBB2/download/file.php?id=43164,22979
43165,data/images/orig/43165.jpg,http://www.johnlsayers.com/phpBB2/download/file.php?id=43165,21283
43166,data/images/orig/43166.jpg,http://www.johnlsayers.com/phpBB2/download/file.php?id=43166,19140
43167,data/images/orig/43167.jpg,http://www.johnlsayers.com/phpBB2/download/file.php?id=43167,24762
43168,data/images/orig/43168.jpg,http://www.johnlsayers.com/phpBB2/download/file.php?id=43168,16608
43169,data/images/orig/43169.jpg,http://www.johnlsayers.com/phpBB2/download/file.php?id=43169,23982
43170,data/images/orig/43170.jpg,http://www.johnlsayers.com/phpBB2/download/file.php?id=43170,26457
43171,data/images/orig/43171.jpg,http://www.johnlsayers.com/phpBB2/download/file.php?id=43171,17128
43172,data/images/orig/43172.jpg,http://www.johnlsayers.com/phpBB2/download/file.php?id=43172,23023
43173,data/images/orig/43173.jpg,http://www.johnlsayers.com/phpBB2/download/file.php?id=43173,18401
43239,data/images/orig/43239.jpg,http://www.johnlsayers.com/phpBB2/download/file.php?id=43239&t=1,83448
43276,data/images/orig/43276.jpg,http://www.johnlsayers.com/phpBB2/download/file.php?id=43276,190142
43277,data/images/orig/43277.jpg,http://www.johnlsayers.com/phpBB2/download/file.php?id=43277,175091
43278,data/images/orig/43278.jpg,http://www.johnlsayers.com/phpBB2/download/file.php?id=43278,176733
43598,data/images/orig/43598.jpg,http://johnlsayers.com/phpBB2/download/file.php?id=43598&t=1,84648
43600,data/images/orig/43600.jpg,http://johnlsayers.com/phpBB2/download/file.php?id=43600,136894
43619,data/images/orig/43619.jpg,http://johnlsayers.com/phpBB2/download/file.php?id=43619&t=1,48452
43620,data/images/orig/43620.jpg,http://johnlsayers.com/phpBB2/download/file.php?id=43620&t=1,60100
43655,data/images/orig/43655.jpg,http://johnlsayers.com/phpBB2/download/file.php?id=43655,88292
43656,data/images/orig/43656.jpg,http://johnlsayers.com/phpBB2/download/file.php?id=43656&t=1,133614
43657,data/images/orig/43657.jpg,http://johnlsayers.com/phpBB2/download/file.php?id=43657,155185
43658,data/images/orig/43658.jpg,http://johnlsayers.com/phpBB2/download/file.php?id=43658&t=1,81574
43660,data/images/orig/43660.jpg,http://johnlsayers.com/phpBB2/download/file.php?id=43660,137633
43691,data/images/orig/43691.jpg,http://johnlsayers.com/phpBB2/download/file.php?id=43691,110291
43692,data/images/orig/43692.jpg,http://johnlsayers.com/phpBB2/download/file.php?id=43692,117434
43693,data/images/orig/43693.jpg,http://johnlsayers.com/phpBB2/download/file.php?id=43693,99606
43694,data/images/orig/43694.jpg,http://johnlsayers.com/phpBB2/download/file.php?id=43694,73172
43695,data/images/orig/43695.jpg,http://johnlsayers.com/phpBB2/download/file.php?id=43695,66982
43697,data/images/orig/43697.jpg,http://johnlsayers.com/phpBB2/download/file.php?id=43697,46533
43779,data/images/orig/43779.jpg,http://www.johnlsayers.com/phpBB2/download/file.php?id=43779,86763
43780,data/images/orig/43780.jpg,http://www.johnlsayers.com/phpBB2/download/file.php?id=43780,88626
43782,data/images/orig/43782.jpg,http://www.johnlsayers.com/phpBB2/download/file.php?id=43782,43571
43783,data/images/orig/43783.jpg,http://www.johnlsayers.com/phpBB2/download/file.php?id=43783,51930
43819,data/images/orig/43819.jpg,http://johnlsayers.com/phpBB2/download/file.php?id=43819,112292
43822,data/images/orig/43822.jpg,http://johnlsayers.com/phpBB2/download/file.php?id=43822,144292
43823,data/images/orig/43823.jpg,http://johnlsayers.com/phpBB2/download/file.php?id=43823,125838
43874,data/images/orig/43874.jpg,http://www.johnlsayers.com/phpBB2/download/file.php?id=43874&t=1,104291
43875,data/images/orig/43875.jpg,http://www.johnlsayers.com/phpBB2/download/file.php?id=43875&t=1,68132
43876,data/images/orig/43876.jpg,http://www.johnlsayers.com/phpBB2/download/file.php?id=43876&t=1,114510
43877,data/images/orig/43877.jpg,http://www.johnlsayers.com/phpBB2/download/file.php?id=43877&t=1,81222
43878,data/images/orig/43878.jpg,http://www.johnlsayers.com/phpBB2/download/file.php?id=43878&t=1,79447
43879,data/images/orig/43879.jpg,http://www.johnlsayers.com/phpBB2/download/file.php?id=43879&t=1,74708
43880,data/images/orig/43880.jpg,http://www.johnlsayers.com/phpBB2/download/file.php?id=43880&t=1,117731
43881,data/images/orig/43881.jpg,http://www.johnlsayers.com/phpBB2/download/file.php?id=43881&t=1,88855
43882,data/images/orig/43882.jpg,http://www.johnlsayers.com/phpBB2/download/file.php?id=43882&t=1,76303
43896,data/images/orig/43896.jpg,http://www.johnlsayers.com/phpBB2/download/file.php?id=43896&t=1,93627
43897,data/images/orig/43897.jpg,http://www.johnlsayers.com/phpBB2/download/file.php?id=43897&t=1,90884
43898,data/images/orig/43898.jpg,http://www.johnlsayers.com/phpBB2/download/file.php?id=43898&t=1,93551
43899,data/images/orig/43899.jpg,http://www.johnlsayers.com/phpBB2/download/file.php?id=43899,20850
43900,data/images/orig/43900.jpg,http://www.johnlsayers.com/phpBB2/download/file.php?id=43900,19285
43901,data/images/orig/43901.jpg,http://www.johnlsayers.com/phpBB2/download/file.php?id=43901,20925
43903,data/images/orig/43903.jpg,http://www.johnlsayers.com/phpBB2/download/file.php?id=43903,19849
43904,data/images/orig/43904.jpg,http://www.johnlsayers.com/phpBB2/download/file.php?id=43904,17876
43905,data/images/orig/43905.jpg,http://www.johnlsayers.com/phpBB2/download/file.php?id=43905,20957
43908,data/images/orig/43908.jpg,http://www.johnlsayers.com/phpBB2/download/file.php?id=43908,20318
43909,data/images/orig/43909.jpg,http://www.johnlsayers.com/phpBB2/download/file.php?id=43909,23011
43910,data/images/orig/43910.jpg,http://www.johnlsayers.com/phpBB2/download/file.php?id=43910,20420
43911,data/images/orig/43911.jpg,http://www.johnlsayers.com/phpBB2/download/file.php?id=43911,19033
43912,data/images/orig/43912.jpg,http://www.johnlsayers.com/phpBB2/download/file.php?id=43912,16877
43913,data/images/orig/43913.jpg,http://www.johnlsayers.com/phpBB2/download/file.php?id=43913,14616
43914,data/images/orig/43914.jpg,http://www.johnlsayers.com/phpBB2/download/file.php?id=43914&t=1,90140
43915,data/images/orig/43915.jpg,http://www.johnlsayers.com/phpBB2/download/file.php?id=43915&t=1,81006
43938,data/images/orig/43938.jpg,http://www.johnlsayers.com/phpBB2/download/file.php?id=43938&t=1,79017
43939,data/images/orig/43939.jpg,http://www.johnlsayers.com/phpBB2/download/file.php?id=43939&t=1,89246
43940,data/images/orig/43940.jpg,http://www.johnlsayers.com/phpBB2/download/file.php?id=43940&t=1,76857
43941,data/images/orig/43941.jpg,http://www.johnlsayers.com/phpBB2/download/file.php?id=43941&t=1,89512
44012,data/images/orig/44012.jpg,http://johnlsayers.com/phpBB2/download/file.php?id=44012,290896
44014,data/images/orig/44014.jpg,http://johnlsayers.com/phpBB2/download/file.php?id=44014,275205
44016,data/images/orig/44016.jpg,http://johnlsayers.com/phpBB2/download/file.php?id=44016,262900
44017,data/images/orig/44017.jpg,http://johnlsayers.com/phpBB2/download/file.php?id=44017,313734
44035,data/images/orig/44035.jpg,http://johnlsayers.com/phpBB2/download/file.php?id=44035,102520
44036,data/images/orig/44036.jpg,http://johnlsayers.com/phpBB2/download/file.php?id=44036,116662
44037,data/images/orig/44037.jpg,http://johnlsayers.com/phpBB2/download/file.php?id=44037,127703
44038,data/images/orig/44038.jpg,http://johnlsayers.com/phpBB2/download/file.php?id=44038,109742
44039,data/images/orig/44039.jpg,http://johnlsayers.com/phpBB2/download/file.php?id=44039,122659
44040,data/images/orig/44040.jpg,http://johnlsayers.com/phpBB2/download/file.php?id=44040,131802
44041,data/images/orig/44041.jpg,http://johnlsayers.com/phpBB2/download/file.php?id=44041,135133
44042,data/images/orig/44042.jpg,http://johnlsayers.com/phpBB2/download/file.php?id=44042,100553
44043,data/images/orig/44043.jpg,http://johnlsayers.com/phpBB2/download/file.php?id=44043,124457
44044,data/images/orig/44044.jpg,http://johnlsayers.com/phpBB2/download/file.php?id=44044,110842
44045,data/images/orig/44045.jpg,http://johnlsayers.com/phpBB2/download/file.php?id=44045,143572
44046,data/images/orig/44046.jpg,http://johnlsayers.com/phpBB2/download/file.php?id=44046,117310
44080,data/images/orig/44080.jpg,http://johnlsayers.com/phpBB2/download/file.php?id=44080,462295
44212,data/images/orig/44212.png,http://johnlsayers.com/phpBB2/download/file.php?id=44212&t=1,199139
44213,data/images/orig/44213.png,http://johnlsayers.com/phpBB2/download/file.php?id=44213&t=1,146967
44287,data/images/orig/44287.jpg,http://johnlsayers.com/phpBB2/download/file.php?id=44287,97703
44288,data/images/orig/44288.jpg,http://johnlsayers.com/phpBB2/download/file.php?id=44288,110498
44289,data/images/orig/44289.jpg,http://johnlsayers.com/phpBB2/download/file.php?id=44289,167373
44290,data/images/orig/44290.jpg,http://johnlsayers.com/phpBB2/download/file.php?id=44290,5802
44308,data/images/orig/44308.jpg,http://johnlsayers.com/phpBB2/download/file.php?id=44308,97703
44309,data/images/orig/44309.jpg,http://johnlsayers.com/phpBB2/download/file.php?id=44309,110498
44310,data/images/orig/44310.jpg,http://johnlsayers.com/phpBB2/download/file.php?id=44310,106702
44315,data/images/orig/44315.jpg,http://johnlsayers.com/phpBB2/download/file.php?id=44315,185006
44459,data/images/orig/44459.jpg,http://johnlsayers.com/phpBB2/download/file.php?id=44459,74426
44464,data/images/orig/44464.jpg,http://johnlsayers.com/phpBB2/download/file.php?id=44464,57936
44612,data/images/orig/44612.png,http://johnlsayers.com/phpBB2/download/file.php?id=44612,18040
44613,data/images/orig/44613.png,http://johnlsayers.com/phpBB2/download/file.php?id=44613,22988
44672,data/images/orig/44672.jpg,http://johnlsayers.com/phpBB2/download/file.php?id=44672,119170
44893,data/images/orig/44893.jpg,http://johnlsayers.com/phpBB2/download/file.php?id=44893&t=1,43674
44894,data/images/orig/44894.jpg,http://johnlsayers.com/phpBB2/download/file.php?id=44894&t=1,42503
44898,data/images/orig/44898.jpg,http://johnlsayers.com/phpBB2/download/file.php?id=44898,159203
44899,data/images/orig/44899.jpg,http://johnlsayers.com/phpBB2/download/file.php?id=44899,170034
44900,data/images/orig/44900.jpg,http://johnlsayers.com/phpBB2/download/file.php?id=44900,174583
44901,data/images/orig/44901.jpg,http://johnlsayers.com/phpBB2/download/file.php?id=44901,157265
44902,data/images/orig/44902.jpg,http://johnlsayers.com/phpBB2/download/file.php?id=44902,161229
44903,data/images/orig/44903.jpg,http://johnlsayers.com/phpBB2/download/file.php?id=44903,182624
44904,data/images/orig/44904.jpg,http://johnlsayers.com/phpBB2/download/file.php?id=44904,170905
44927,data/images/orig/44927.jpg,http://johnlsayers.com/phpBB2/download/file.php?id=44927,229352
44980,data/images/orig/44980.jpg,http://johnlsayers.com/phpBB2/download/file.php?id=44980&t=1,32511
44995,data/images/orig/44995.jpg,http://johnlsayers.com/phpBB2/download/file.php?id=44995,90212
44996,data/images/orig/44996.jpg,http://johnlsayers.com/phpBB2/download/file.php?id=44996,96652
44997,data/images/orig/44997.jpg,http://johnlsayers.com/phpBB2/download/file.php?id=44997,100135
45030,data/images/orig/45030.jpg,http://johnlsayers.com/phpBB2/download/file.php?id=45030,135608
45032,data/images/orig/45032.jpg,http://johnlsayers.com/phpBB2/download/file.php?id=45032,61253
45083,data/images/orig/45083.jpg,http://johnlsayers.com/phpBB2/download/file.php?id=45083,86497
45129,data/images/orig/45129.jpg,http://johnlsayers.com/phpBB2/download/file.php?id=45129,135608
45157,data/images/orig/45157.jpg,http://johnlsayers.com/phpBB2/download/file.php?id=45157,187873
45179,data/images/orig/45179.jpg,http://johnlsayers.com/phpBB2/download/file.php?id=45179,20333
45180,data/images/orig/45180.jpg,http://johnlsayers.com/phpBB2/download/file.php?id=45180,23228
45231,data/images/orig/45231.jpg,http://johnlsayers.com/phpBB2/download/file.php?id=45231&t=1,99858
45232,data/images/orig/45232.jpg,http://johnlsayers.com/phpBB2/download/file.php?id=45232&t=1,100448
45234,data/images/orig/45234.jpg,http://johnlsayers.com/phpBB2/download/file.php?id=45234&t=1,93857
45235,data/images/orig/45235.jpg,http://johnlsayers.com/phpBB2/download/file.php?id=45235&t=1,88465
45236,data/images/orig/45236.jpg,http://johnlsayers.com/phpBB2/download/file.php?id=45236&t=1,87680
45237,data/images/orig/45237.jpg,http://johnlsayers.com/phpBB2/download/file.php?id=45237&t=1,89087
45238,data/images/orig/45238.jpg,http://johnlsayers.com/phpBB2/download/file.php?id=45238&t=1,83740
45250,data/images/orig/45250.jpg,http://johnlsayers.com/phpBB2/download/file.php?id=45250&t=1,48008
45251,data/images/orig/45251.jpg,http://johnlsayers.com/phpBB2/download/file.php?id=45251&t=1,40279
45258,data/images/orig/45258.jpg,http://johnlsayers.com/phpBB2/download/file.php?id=45258&t=1,57386
45259,data/images/orig/45259.jpg,http://johnlsayers.com/phpBB2/download/file.php?id=45259&t=1,78358
45304,data/images/orig/45304.png,http://johnlsayers.com/phpBB2/download/file.php?id=45304&t=1,391142
45305,data/images/orig/45305.png,http://johnlsayers.com/phpBB2/download/file.php?id=45305&t=1,382462
45307,data/images/orig/45307.jpg,http://johnlsayers.com/phpBB2/download/file.php?id=45307,119197
45406,data/images/orig/45406.jpg,http://johnlsayers.com/phpBB2/download/file.php?id=45406&t=1,74630
45413,data/images/orig/45413.jpg,http://johnlsayers.com/phpBB2/download/file.php?id=45413,117546
45414,data/images/orig/45414.jpg,http://johnlsayers.com/phpBB2/download/file.php?id=45414,95131
45415,data/images/orig/45415.jpg,http://johnlsayers.com/phpBB2/download/file.php?id=45415,120090
45419,data/images/orig/45419.jpg,http://johnlsayers.com/phpBB2/download/file.php?id=45419,106940
45420,data/images/orig/45420.jpg,http://johnlsayers.com/phpBB2/download/file.php?id=45420,94116
45421,data/images/orig/45421.jpg,http://johnlsayers.com/phpBB2/download/file.php?id=45421,137605
45423,data/images/orig/45423.jpg,http://johnlsayers.com/phpBB2/download/file.php?id=45423,182459
45424,data/images/orig/45424.jpg,http://johnlsayers.com/phpBB2/download/file.php?id=45424,177301
45427,data/images/orig/45427.jpg,http://johnlsayers.com/phpBB2/download/file.php?id=45427,126879
45431,data/images/orig/45431.jpg,http://johnlsayers.com/phpBB2/download/file.php?id=45431,109763
45432,data/images/orig/45432.jpg,http://johnlsayers.com/phpBB2/download/file.php?id=45432,85441
45433,data/images/orig/45433.jpg,http://johnlsayers.com/phpBB2/download/file.php?id=45433,86459
45434,data/images/orig/45434.jpg,http://johnlsayers.com/phpBB2/download/file.php?id=45434&t=1,70122
45435,data/images/orig/45435.jpg,http://johnlsayers.com/phpBB2/download/file.php?id=45435&t=1,74535
45439,data/images/orig/45439.jpg,http://johnlsayers.com/phpBB2/download/file.php?id=45439,127688
45440,data/images/orig/45440.jpg,http://johnlsayers.com/phpBB2/download/file.php?id=45440,137605
45442,data/images/orig/45442.jpg,http://johnlsayers.com/phpBB2/download/file.php?id=45442,101663
45443,data/images/orig/45443.jpg,http://johnlsayers.com/phpBB2/download/file.php?id=45443,113782
45445,data/images/orig/45445.png,http://www.johnlsayers.com/phpBB2/download/file.php?mode=view&id=45445,134001
45464,data/images/orig/45464.jpg,http://johnlsayers.com/phpBB2/download/file.php?id=45464,118675
45465,data/images/orig/45465.jpg,http://johnlsayers.com/phpBB2/download/file.php?id=45465,106967
45466,data/images/orig/45466.jpg,http://johnlsayers.com/phpBB2/download/file.php?id=45466,107274
45469,data/images/orig/45469.jpg,http://johnlsayers.com/phpBB2/download/file.php?id=45469,151126
45487,data/images/orig/45487.png,http://johnlsayers.com/phpBB2/download/file.php?id=45487&t=1,288292
45494,data/images/orig/45494.jpg,http://johnlsayers.com/phpBB2/download/file.php?id=45494,122695
45552,data/images/orig/45552.png,http://www.johnlsayers.com/phpBB2/download/file.php?id=45552,45297
45555,data/images/orig/45555.jpg,http://johnlsayers.com/phpBB2/download/file.php?id=45555&t=1,92349
45559,data/images/orig/45559.png,http://johnlsayers.com/phpBB2/download/file.php?id=45559,1694
45560,data/images/orig/45560.jpg,http://johnlsayers.com/phpBB2/download/file.php?id=45560&t=1,94061
45561,data/images/orig/45561.jpg,http://johnlsayers.com/phpBB2/download/file.php?id=45561&t=1,71750
45570,data/images/orig/45570.jpeg,http://johnlsayers.com/phpBB2/download/file.php?id=45570,62583
45571,data/images/orig/45571.jpeg,http://johnlsayers.com/phpBB2/download/file.php?id=45571,101089
45572,data/images/orig/45572.jpeg,http://johnlsayers.com/phpBB2/download/file.php?id=45572,75312
45573,data/images/orig/45573.jpg,http://johnlsayers.com/phpBB2/download/file.php?id=45573&t=1,31605
45592,data/images/orig/45592.png,http://johnlsayers.com/phpBB2/download/file.php?id=45592,74342
45593,data/images/orig/45593.png,http://johnlsayers.com/phpBB2/download/file.php?id=45593,69503
45671,data/images/orig/45671.jpg,http://johnlsayers.com/phpBB2/download/file.php?id=45671&t=1,152573
45709,data/images/orig/45709.jpg,http://johnlsayers.com/phpBB2/download/file.php?id=45709&t=1,72275
45758,data/images/orig/45758.jpg,http://johnlsayers.com/phpBB2/download/file.php?id=45758,76458
45956,data/images/orig/45956.jpg,http://johnlsayers.com/phpBB2/download/file.php?id=45956&t=1,89713
45958,data/images/orig/45958.jpg,http://johnlsayers.com/phpBB2/download/file.php?id=45958&t=1,92061
45972,data/images/orig/45972.jpg,http://johnlsayers.com/phpBB2/download/file.php?id=45972&t=1,27442
45989,data/images/orig/45989.jpg,http://johnlsayers.com/phpBB2/download/file.php?id=45989&t=1,28699
45990,data/images/orig/45990.jpg,http://johnlsayers.com/phpBB2/download/file.php?id=45990&t=1,41828
45992,data/images/orig/45992.jpg,http://johnlsayers.com/phpBB2/download/file.php?id=45992&t=1,88525
46023,data/images/orig/46023.jpg,http://johnlsayers.com/phpBB2/download/file.php?id=46023,41844
46024,data/images/orig/46024.jpg,http://johnlsayers.com/phpBB2/download/file.php?id=46024,33684
46025,data/images/orig/46025.jpg,http://johnlsayers.com/phpBB2/download/file.php?id=46025,11751
46044,data/images/orig/46044.jpg,http://johnlsayers.com/phpBB2/download/file.php?id=46044,80458
46045,data/images/orig/46045.jpg,http://johnlsayers.com/phpBB2/download/file.php?id=46045,101627
46132,data/images/orig/46132.jpg,http://johnlsayers.com/phpBB2/download/file.php?id=46132,43132
46133,data/images/orig/46133.jpg,http://johnlsayers.com/phpBB2/download/file.php?id=46133,18131
46156,data/images/orig/46156.jpg,http://johnlsayers.com/phpBB2/download/file.php?id=46156,11442
46158,data/images/orig/46158.jpg,http://johnlsayers.com/phpBB2/download/file.php?id=46158,82894
46183,data/images/orig/46183.jpg,http://johnlsayers.com/phpBB2/download/file.php?id=46183,42593
46184,data/images/orig/46184.jpg,http://johnlsayers.com/phpBB2/download/file.php?id=46184,21699
46192,data/images/orig/46192.png,http://johnlsayers.com/phpBB2/download/file.php?id=46192,9827
46203,data/images/orig/46203.png,http://johnlsayers.com/phpBB2/download/file.php?id=46203&t=1,91720
46204,data/images/orig/46204.jpg,http://johnlsayers.com/phpBB2/download/file.php?id=46204,53937
46264,data/images/orig/46264.jpg,http://johnlsayers.com/phpBB2/download/file.php?id=46264&t=1,112952
46265,data/images/orig/46265.jpg,http://johnlsayers.com/phpBB2/download/file.php?id=46265&t=1,152246
46266,data/images/orig/46266.jpg,http://johnlsayers.com/phpBB2/download/file.php?id=46266&t=1,147941
46267,data/images/orig/46267.jpg,http://johnlsayers.com/phpBB2/download/file.php?id=46267&t=1,41121
46268,data/images/orig/46268.jpg,http://johnlsayers.com/phpBB2/download/file.php?id=46268&t=1,57722
46269,data/images/orig/46269.jpg,http://johnlsayers.com/phpBB2/download/file.php?id=46269&t=1,59436
46270,data/images/orig/46270.jpg,http://johnlsayers.com/phpBB2/download/file.php?id=46270&t=1,108084
46271,data/images/orig/46271.jpg,http://johnlsayers.com/phpBB2/download/file.php?id=46271&t=1,83327
46272,data/images/orig/46272.jpg,http://johnlsayers.com/phpBB2/download/file.php?id=46272&t=1,78158
46273,data/images/orig/46273.jpg,http://johnlsayers.com/phpBB2/download/file.php?id=46273&t=1,47222
46278,data/images/orig/46278.jpg,http://johnlsayers.com/phpBB2/download/file.php?id=46278,40702
46279,data/images/orig/46279.jpg,http://johnlsayers.com/phpBB2/download/file.php?id=46279,35481
46280,data/images/orig/46280.jpg,http://johnlsayers.com/phpBB2/download/file.php?id=46280,32923
46281,data/images/orig/46281.png,http://johnlsayers.com/phpBB2/download/file.php?id=46281,231756
46284,data/images/orig/46284.jpg,http://johnlsayers.com/phpBB2/download/file.php?id=46284,167066
46312,data/images/orig/46312.png,http://johnlsayers.com/phpBB2/download/file.php?id=46312,16424
46313,data/images/orig/46313.png,http://johnlsayers.com/phpBB2/download/file.php?id=46313,28618
46314,data/images/orig/46314.jpg,http://johnlsayers.com/phpBB2/download/file.php?id=46314,106466
46315,data/images/orig/46315.jpg,http://johnlsayers.com/phpBB2/download/file.php?id=46315,94545
46316,data/images/orig/46316.jpg,http://johnlsayers.com/phpBB2/download/file.php?id=46316,76912
46317,data/images/orig/46317.jpg,http://johnlsayers.com/phpBB2/download/file.php?id=46317,73072
46318,data/images/orig/46318.jpg,http://johnlsayers.com/phpBB2/download/file.php?id=46318,119885
46319,data/images/orig/46319.jpg,http://johnlsayers.com/phpBB2/download/file.php?id=46319&t=1,75470
46359,data/images/orig/46359.jpg,http://johnlsayers.com/phpBB2/download/file.php?id=46359,62798
46373,data/images/orig/46373.jpg,http://johnlsayers.com/phpBB2/download/file.php?id=46373&mode=view,175437
46375,data/images/orig/46375.jpg,http://johnlsayers.com/phpBB2/download/file.php?id=46375,266751
46377,data/images/orig/46377.jpg,http://johnlsayers.com/phpBB2/download/file.php?id=46377,237041
46378,data/images/orig/46378.jpg,http://johnlsayers.com/phpBB2/download/file.php?id=46378,246810
46379,data/images/orig/46379.jpg,http://johnlsayers.com/phpBB2/download/file.php?id=46379,212902
46381,data/images/orig/46381.jpg,http://johnlsayers.com/phpBB2/download/file.php?id=46381,245696
46383,data/images/orig/46383.jpg,http://johnlsayers.com/phpBB2/download/file.php?id=46383,93026
46385,data/images/orig/46385.jpg,http://johnlsayers.com/phpBB2/download/file.php?id=46385,380422
46386,data/images/orig/46386.jpg,http://johnlsayers.com/phpBB2/download/file.php?id=46386,278740
46400,data/images/orig/46400.jpg,http://johnlsayers.com/phpBB2/download/file.php?id=46400,31304
46403,data/images/orig/46403.jpg,http://johnlsayers.com/phpBB2/download/file.php?id=46403,124736
46405,data/images/orig/46405.jpg,http://johnlsayers.com/phpBB2/download/file.php?id=46405,105634
46406,data/images/orig/46406.jpg,http://johnlsayers.com/phpBB2/download/file.php?id=46406,129773
46407,data/images/orig/46407.jpg,http://johnlsayers.com/phpBB2/download/file.php?id=46407,126936
46408,data/images/orig/46408.jpg,http://johnlsayers.com/phpBB2/download/file.php?id=46408,129157
46409,data/images/orig/46409.jpg,http://johnlsayers.com/phpBB2/download/file.php?id=46409,136332
46410,data/images/orig/46410.jpg,http://johnlsayers.com/phpBB2/download/file.php?id=46410,134126
46411,data/images/orig/46411.jpg,http://johnlsayers.com/phpBB2/download/file.php?id=46411,113589
46412,data/images/orig/46412.jpg,http://johnlsayers.com/phpBB2/download/file.php?id=46412,125403
46413,data/images/orig/46413.jpg,http://johnlsayers.com/phpBB2/download/file.php?id=46413,137532
46425,data/images/orig/46425.jpg,http://johnlsayers.com/phpBB2/download/file.php?id=46425,216568
46426,data/images/orig/46426.jpg,http://johnlsayers.com/phpBB2/download/file.php?id=46426,209420
46427,data/images/orig/46427.jpg,http://johnlsayers.com/phpBB2/download/file.php?id=46427,51552
46428,data/images/orig/46428.jpg,http://johnlsayers.com/phpBB2/download/file.php?id=46428,50468
46429,data/images/orig/46429.jpg,http://johnlsayers.com/phpBB2/download/file.php?id=46429,62591
46430,data/images/orig/46430.jpg,http://johnlsayers.com/phpBB2/download/file.php?id=46430,68476
46446,data/images/orig/46446.jpg,http://johnlsayers.com/phpBB2/download/file.php?id=46446,72582
46447,data/images/orig/46447.jpg,http://johnlsayers.com/phpBB2/download/file.php?id=46447&t=1,90418
46479,data/images/orig/46479.jpg,http://johnlsayers.com/phpBB2/download/file.php?id=46479,74125
46493,data/images/orig/46493.jpg,http://johnlsayers.com/phpBB2/download/file.php?id=46493,37966
46494,data/images/orig/46494.jpg,http://johnlsayers.com/phpBB2/download/file.php?id=46494,52060
46497,data/images/orig/46497.jpg,http://johnlsayers.com/phpBB2/download/file.php?id=46497,37544
46504,data/images/orig/46504.png,http://johnlsayers.com/phpBB2/download/file.php?id=46504,138466
46505,data/images/orig/46505.png,http://johnlsayers.com/phpBB2/download/file.php?id=46505,27423
46506,data/images/orig/46506.jpg,http://johnlsayers.com/phpBB2/download/file.php?id=46506,56869
46507,data/images/orig/46507.jpg,http://johnlsayers.com/phpBB2/download/file.php?id=46507,70441
46508,data/images/orig/46508.jpg,http://johnlsayers.com/phpBB2/download/file.php?id=46508,105697
46509,data/images/orig/46509.jpg,http://johnlsayers.com/phpBB2/download/file.php?id=46509,138736
46510,data/images/orig/46510.jpg,http://johnlsayers.com/phpBB2/download/file.php?id=46510,143997
46511,data/images/orig/46511.jpg,http://johnlsayers.com/phpBB2/download/file.php?id=46511,142476
46512,data/images/orig/46512.jpg,http://johnlsayers.com/phpBB2/download/file.php?id=46512&t=1,78288
46515,data/images/orig/46515.jpg,http://johnlsayers.com/phpBB2/download/file.php?id=46515&t=1,44923
46516,data/images/orig/46516.jpg,http://johnlsayers.com/phpBB2/download/file.php?id=46516&t=1,65012
46517,data/images/orig/46517.jpg,http://johnlsayers.com/phpBB2/download/file.php?id=46517&t=1,53771
46518,data/images/orig/46518.jpg,http://johnlsayers.com/phpBB2/download/file.php?id=46518&t=1,49662
46534,data/images/orig/46534.jpg,http://johnlsayers.com/phpBB2/download/file.php?id=46534&t=1,85285
46536,data/images/orig/46536.jpg,http://johnlsayers.com/phpBB2/download/file.php?id=46536,139163
46537,data/images/orig/46537.jpg,http://johnlsayers.com/phpBB2/download/file.php?id=46537&t=1,89271
46539,data/images/orig/46539.jpg,http://johnlsayers.com/phpBB2/download/file.php?id=46539&t=1,133171
46548,data/images/orig/46548.jpg,http://johnlsayers.com/phpBB2/download/file.php?id=46548&t=1,71305
46549,data/images/orig/46549.jpg,http://johnlsayers.com/phpBB2/download/file.php?id=46549&t=1,87137
46550,data/images/orig/46550.jpg,http://johnlsayers.com/phpBB2/download/file.php?id=46550&t=1,104644
46551,data/images/orig/46551.jpg,http://johnlsayers.com/phpBB2/download/file.php?id=46551&t=1,81282
46553,data/images/orig/46553.jpg,http://johnlsayers.com/phpBB2/download/file.php?id=46553,142122
46554,data/images/orig/46554.jpg,http://johnlsayers.com/phpBB2/download/file.php?id=46554,145102
46555,data/images/orig/46555.jpg,http://johnlsayers.com/phpBB2/download/file.php?id=46555&t=1,109114
46556,data/images/orig/46556.jpg,http://johnlsayers.com/phpBB2/download/file.php?id=46556&t=1,106465
46558,data/images/orig/46558.jpg,http://johnlsayers.com/phpBB2/download/file.php?id=46558,113061
46559,data/images/orig/46559.jpg,http://johnlsayers.com/phpBB2/download/file.php?id=46559&t=1,80627
46560,data/images/orig/46560.jpg,http://johnlsayers.com/phpBB2/download/file.php?id=46560,114927
46561,data/images/orig/46561.jpg,http://johnlsayers.com/phpBB2/download/file.php?id=46561,113857
46562,data/images/orig/46562.jpg,http://johnlsayers.com/phpBB2/download/file.php?id=46562,117176
46563,data/images/orig/46563.jpg,http://johnlsayers.com/phpBB2/download/file.php?id=46563,94412
46564,data/images/orig/46564.jpg,http://johnlsayers.com/phpBB2/download/file.php?id=46564,103690
46565,data/images/orig/46565.jpg,http://johnlsayers.com/phpBB2/download/file.php?id=46565,115775
46566,data/images/orig/46566.jpg,http://johnlsayers.com/phpBB2/download/file.php?id=46566,95321
46567,data/images/orig/46567.jpg,http://johnlsayers.com/phpBB2/download/file.php?id=46567&t=1,106650
46569,data/images/orig/46569.jpg,http://johnlsayers.com/phpBB2/download/file.php?id=46569,103044
46570,data/images/orig/46570.jpg,http://johnlsayers.com/phpBB2/download/file.php?id=46570,77376
46571,data/images/orig/46571.jpg,http://johnlsayers.com/phpBB2/download/file.php?id=46571,332057
46572,data/images/orig/46572.jpg,http://johnlsayers.com/phpBB2/download/file.php?id=46572,141483
46573,data/images/orig/46573.jpg,http://johnlsayers.com/phpBB2/download/file.php?id=46573,83872
46575,data/images/orig/46575.jpg,http://johnlsayers.com/phpBB2/download/file.php?id=46575,94692
46577,data/images/orig/46577.jpg,http://johnlsayers.com/phpBB2/download/file.php?id=46577,65410
46578,data/images/orig/46578.jpg,http://johnlsayers.com/phpBB2/download/file.php?id=46578,66611
46579,data/images/orig/46579.jpg,http://johnlsayers.com/phpBB2/download/file.php?id=46579&t=1,69044
46580,data/images/orig/46580.jpg,http://johnlsayers.com/phpBB2/download/file.php?id=46580,87070
46581,data/images/orig/46581.jpg,http://johnlsayers.com/phpBB2/download/file.php?id=46581&t=1,89470
46582,data/images/orig/46582.jpg,http://johnlsayers.com/phpBB2/download/file.php?id=46582,165100
46584,data/images/orig/46584.jpg,http://johnlsayers.com/phpBB2/download/file.php?id=46584,117971
46585,data/images/orig/46585.jpg,http://johnlsayers.com/phpBB2/download/file.php?id=46585,102809
46586,data/images/orig/46586.jpg,http://johnlsayers.com/phpBB2/download/file.php?id=46586&t=1,102338
46587,data/images/orig/46587.jpg,http://johnlsayers.com/phpBB2/download/file.php?id=46587,112080
46588,data/images/orig/46588.jpg,http://johnlsayers.com/phpBB2/download/file.php?id=46588&t=1,126798
46589,data/images/orig/46589.jpg,http://johnlsayers.com/phpBB2/download/file.php?id=46589,122461
46590,data/images/orig/46590.jpg,http://johnlsayers.com/phpBB2/download/file.php?id=46590,149222
46591,data/images/orig/46591.jpg,http://johnlsayers.com/phpBB2/download/file.php?id=46591,140585
46593,data/images/orig/46593.jpg,http://johnlsayers.com/phpBB2/download/file.php?id=46593,139520
46616,data/images/orig/46616.jpg,http://johnlsayers.com/phpBB2/download/file.php?id=46616,48436
46617,data/images/orig/46617.jpg,http://johnlsayers.com/phpBB2/download/file.php?id=46617,17699
46637,data/images/orig/46637.jpg,http://johnlsayers.com/phpBB2/download/file.php?id=46637,59835
46638,data/images/orig/46638.jpg,http://johnlsayers.com/phpBB2/download/file.php?id=46638,57393
46676,data/images/orig/46676.jpg,http://johnlsayers.com/phpBB2/download/file.php?id=46676&t=1,29575
46720,data/images/orig/46720.jpg,http://johnlsayers.com/phpBB2/download/file.php?id=46720&t=1,53626
46722,data/images/orig/46722.jpg,http://johnlsayers.com/phpBB2/download/file.php?id=46722,94514
46723,data/images/orig/46723.jpg,http://johnlsayers.com/phpBB2/download/file.php?id=46723,76510
46724,data/images/orig/46724.jpg,http://johnlsayers.com/phpBB2/download/file.php?id=46724,192042
46726,data/images/orig/46726.jpg,http://johnlsayers.com/phpBB2/download/file.php?id=46726,78117
46727,data/images/orig/46727.jpg,http://johnlsayers.com/phpBB2/download/file.php?id=46727,197957
46731,data/images/orig/46731.jpg,http://johnlsayers.com/phpBB2/download/file.php?id=46731&t=1,63088
46742,data/images/orig/46742.jpg,http://johnlsayers.com/phpBB2/download/file.php?id=46742&t=1,83092
46743,data/images/orig/46743.jpg,http://johnlsayers.com/phpBB2/download/file.php?id=46743&t=1,58544
46744,data/images/orig/46744.jpg,http://johnlsayers.com/phpBB2/download/file.php?id=46744&t=1,103578
46745,data/images/orig/46745.jpg,http://johnlsayers.com/phpBB2/download/file.php?id=46745&t=1,52711
46747,data/images/orig/46747.jpg,http://johnlsayers.com/phpBB2/download/file.php?id=46747,126497
46748,data/images/orig/46748.jpg,http://johnlsayers.com/phpBB2/download/file.php?id=46748&t=1,81839
46749,data/images/orig/46749.jpg,http://johnlsayers.com/phpBB2/download/file.php?id=46749&t=1,51439
46750,data/images/orig/46750.jpg,http://johnlsayers.com/phpBB2/download/file.php?id=46750&t=1,100391
46755,data/images/orig/46755.jpg,http://johnlsayers.com/phpBB2/download/file.php?id=46755&t=1,54964
46761,data/images/orig/46761.jpg,http://johnlsayers.com/phpBB2/download/file.php?id=46761&t=1,41948
46762,data/images/orig/46762.jpg,http://johnlsayers.com/phpBB2/download/file.php?id=46762&t=1,38289
46763,data/images/orig/46763.jpg,http://johnlsayers.com/phpBB2/download/file.php?id=46763&t=1,38950
46784,data/images/orig/46784.png,http://www.johnlsayers.com/phpBB2/download/file.php?id=46784,90955
46785,data/images/orig/46785.jpeg,http://johnlsayers.com/phpBB2/download/file.php?id=46785&t=1,65811
46786,data/images/orig/46786.jpeg,http://johnlsayers.com/phpBB2/download/file.php?id=46786&t=1,74335
46787,data/images/orig/46787.jpg,http://johnlsayers.com/phpBB2/download/file.php?id=46787&t=1,71715
46790,data/images/orig/46790.jpg,http://johnlsayers.com/phpBB2/download/file.php?id=46790&t=1,91053
46791,data/images/orig/46791.jpg,http://johnlsayers.com/phpBB2/download/file.php?id=46791&t=1,64081
46793,data/images/orig/46793.jpg,http://johnlsayers.com/phpBB2/download/file.php?id=46793&t=1,110445
46794,data/images/orig/46794.jpg,http://johnlsayers.com/phpBB2/download/file.php?id=46794&t=1,50171
46795,data/images/orig/46795.jpg,http://johnlsayers.com/phpBB2/download/file.php?id=46795&t=1,54235
46796,data/images/orig/46796.jpg,http://johnlsayers.com/phpBB2/download/file.php?id=46796,101778
46861,data/images/orig/46861.jpg,http://johnlsayers.com/phpBB2/download/file.php?id=46861,31685
46862,data/images/orig/46862.png,http://johnlsayers.com/phpBB2/download/file.php?id=46862,33242
46863,data/images/orig/46863.png,http://johnlsayers.com/phpBB2/download/file.php?id=46863,10876
46864,data/images/orig/46864.jpg,http://johnlsayers.com/phpBB2/download/file.php?id=46864,74451
46865,data/images/orig/46865.jpg,http://johnlsayers.com/phpBB2/download/file.php?id=46865,73226
46866,data/images/orig/46866.jpg,http://johnlsayers.com/phpBB2/download/file.php?id=46866,73164
46867,data/images/orig/46867.jpg,http://johnlsayers.com/phpBB2/download/file.php?id=46867,48204
46886,data/images/orig/46886.jpg,http://johnlsayers.com/phpBB2/download/file.php?id=46886,26379
46895,data/images/orig/46895.jpg,http://johnlsayers.com/phpBB2/download/file.php?id=46895,57885
46896,data/images/orig/46896.jpg,http://johnlsayers.com/phpBB2/download/file.php?id=46896,88462
46897,data/images/orig/46897.jpg,http://johnlsayers.com/phpBB2/download/file.php?id=46897&t=1,87307
46898,data/images/orig/46898.jpg,http://johnlsayers.com/phpBB2/download/file.php?id=46898,50961
46899,data/images/orig/46899.jpg,http://johnlsayers.com/phpBB2/download/file.php?id=46899,70570
46900,data/images/orig/46900.jpg,http://johnlsayers.com/phpBB2/download/file.php?id=46900,74059
46901,data/images/orig/46901.jpg,http://johnlsayers.com/phpBB2/download/file.php?id=46901&t=1,52437
46902,data/images/orig/46902.png,http://johnlsayers.com/phpBB2/download/file.php?id=46902,58731
46905,data/images/orig/46905.jpg,http://johnlsayers.com/phpBB2/download/file.php?id=46905&t=1,50814
46911,data/images/orig/46911.png,http://www.johnlsayers.com/phpBB2/download/file.php?id=46911&t=1,402160
46912,data/images/orig/46912.png,http://www.johnlsayers.com/phpBB2/download/file.php?id=46912,176404
46913,data/images/orig/46913.png,http://www.johnlsayers.com/phpBB2/download/file.php?id=46913,266430
46914,data/images/orig/46914.jpg,http://johnlsayers.com/phpBB2/download/file.php?id=46914,330834
46915,data/images/orig/46915.jpg,http://johnlsayers.com/phpBB2/download/file.php?id=46915,330372
46916,data/images/orig/46916.jpg,http://johnlsayers.com/phpBB2/download/file.php?id=46916,340296
46917,data/images/orig/46917.jpg,http://johnlsayers.com/phpBB2/download/file.php?id=46917,338800
46922,data/images/orig/46922.jpg,http://johnlsayers.com/phpBB2/download/file.php?id=46922,106946
46923,data/images/orig/46923.jpg,http://johnlsayers.com/phpBB2/download/file.php?id=46923,157407
46924,data/images/orig/46924.png,http://johnlsayers.com/phpBB2/download/file.php?id=46924&t=1,173914
46926,data/images/orig/46926.png,http://johnlsayers.com/phpBB2/download/file.php?id=46926,156737
46930,data/images/orig/46930.gif,http://www.johnlsayers.com/phpBB2/download/file.php?id=46930,13421
46932,data/images/orig/46932.png,http://www.johnlsayers.com/phpBB2/download/file.php?id=46932,78305
46933,data/images/orig/46933.png,http://www.johnlsayers.com/phpBB2/download/file.php?id=46933,132606
46934,data/images/orig/46934.jpg,http://www.johnlsayers.com/phpBB2/download/file.php?id=46934,51250
46937,data/images/orig/46937.jpg,http://johnlsayers.com/phpBB2/download/file.php?id=46937,83877
46938,data/images/orig/46938.jpg,http://johnlsayers.com/phpBB2/download/file.php?id=46938,61138
46939,data/images/orig/46939.jpg,http://johnlsayers.com/phpBB2/download/file.php?id=46939,29486
46947,data/images/orig/46947.jpg,http://www.johnlsayers.com/phpBB2/download/file.php?id=46947,56145
46948,data/images/orig/46948.gif,http://www.johnlsayers.com/phpBB2/download/file.php?id=46948,11973
46957,data/images/orig/46957.jpg,http://johnlsayers.com/phpBB2/download/file.php?id=46957,44550
47005,data/images/orig/47005.jpg,http://johnlsayers.com/phpBB2/download/file.php?id=47005,140079
47007,data/images/orig/47007.jpg,http://johnlsayers.com/phpBB2/download/file.php?id=47007,53179
47016,data/images/orig/47016.jpg,http://johnlsayers.com/phpBB2/download/file.php?id=47016&t=1,33053
47019,data/images/orig/47019.jpg,http://johnlsayers.com/phpBB2/download/file.php?id=47019,124221
47021,data/images/orig/47021.jpg,http://johnlsayers.com/phpBB2/download/file.php?id=47021,67212
47022,data/images/orig/47022.jpg,http://johnlsayers.com/phpBB2/download/file.php?id=47022,67483
47023,data/images/orig/47023.jpg,http://johnlsayers.com/phpBB2/download/file.php?id=47023&t=1,93935
47024,data/images/orig/47024.jpg,http://johnlsayers.com/phpBB2/download/file.php?id=47024&t=1,85278
47025,data/images/orig/47025.jpg,http://johnlsayers.com/phpBB2/download/file.php?id=47025&t=1,105725
47026,data/images/orig/47026.jpg,http://johnlsayers.com/phpBB2/download/file.php?id=47026&t=1,67110
47027,data/images/orig/47027.jpg,http://johnlsayers.com/phpBB2/download/file.php?id=47027&t=1,92401
47029,data/images/orig/47029.jpg,http://johnlsayers.com/phpBB2/download/file.php?id=47029&t=1,93327
47030,data/images/orig/47030.jpg,http://johnlsayers.com/phpBB2/download/file.php?id=47030&t=1,93481
47031,data/images/orig/47031.jpg,http://johnlsayers.com/phpBB2/download/file.php?id=47031&t=1,73914
47032,data/images/orig/47032.jpg,http://johnlsayers.com/phpBB2/download/file.php?id=47032&t=1,74772
47033,data/images/orig/47033.jpg,http://johnlsayers.com/phpBB2/download/file.php?id=47033&t=1,78354
47034,data/images/orig/47034.jpg,http://johnlsayers.com/phpBB2/download/file.php?id=47034&t=1,100793
47049,data/images/orig/47049.jpg,http://johnlsayers.com/phpBB2/download/file.php?id=47049,134043
47054,data/images/orig/47054.jpg,http://johnlsayers.com/phpBB2/download/file.php?id=47054&t=1,68411
47056,data/images/orig/47056.jpg,http://johnlsayers.com/phpBB2/download/file.php?id=47056&t=1,109117
47057,data/images/orig/47057.jpg,http://johnlsayers.com/phpBB2/download/file.php?id=47057&t=1,61577
47058,data/images/orig/47058.jpg,http://johnlsayers.com/phpBB2/download/file.php?id=47058&t=1,72075
47059,data/images/orig/47059.jpg,http://johnlsayers.com/phpBB2/download/file.php?id=47059&t=1,50942
47060,data/images/orig/47060.jpg,http://johnlsayers.com/phpBB2/download/file.php?id=47060&t=1,78916
47062,data/images/orig/47062.jpg,http://johnlsayers.com/phpBB2/download/file.php?id=47062&t=1,101793
47063,data/images/orig/47063.jpg,http://johnlsayers.com/phpBB2/download/file.php?id=47063&t=1,78458
47064,data/images/orig/47064.jpg,http://johnlsayers.com/phpBB2/download/file.php?id=47064&t=1,84700
47065,data/images/orig/47065.jpg,http://johnlsayers.com/phpBB2/download/file.php?id=47065&t=1,145115
47066,data/images/orig/47066.jpg,http://johnlsayers.com/phpBB2/download/file.php?id=47066&t=1,61181
47067,data/images/orig/47067.jpg,http://johnlsayers.com/phpBB2/download/file.php?id=47067&t=1,68518
47068,data/images/orig/47068.jpg,http://johnlsayers.com/phpBB2/download/file.php?id=47068&t=1,34095
47069,data/images/orig/47069.jpg,http://johnlsayers.com/phpBB2/download/file.php?id=47069&t=1,32856
47070,data/images/orig/47070.jpg,http://johnlsayers.com/phpBB2/download/file.php?id=47070&t=1,28779
47071,data/images/orig/47071.jpg,http://johnlsayers.com/phpBB2/download/file.php?id=47071&t=1,41372
47072,data/images/orig/47072.jpg,http://johnlsayers.com/phpBB2/download/file.php?id=47072&t=1,103108
47073,data/images/orig/47073.jpg,http://johnlsayers.com/phpBB2/download/file.php?id=47073&t=1,98056
47074,data/images/orig/47074.jpg,http://johnlsayers.com/phpBB2/download/file.php?id=47074&t=1,95859
47075,data/images/orig/47075.jpg,http://johnlsayers.com/phpBB2/download/file.php?id=47075&t=1,100236
47077,data/images/orig/47077.jpg,http://johnlsayers.com/phpBB2/download/file.php?id=47077&t=1,82540
47078,data/images/orig/47078.gif,http://www.johnlsayers.com/phpBB2/download/file.php?id=47078,20904
47079,data/images/orig/47079.png,http://www.johnlsayers.com/phpBB2/download/file.php?id=47079,247844
47080,data/images/orig/47080.png,http://www.johnlsayers.com/phpBB2/download/file.php?id=47080,113325
47081,data/images/orig/47081.png,http://www.johnlsayers.com/phpBB2/download/file.php?id=47081,215201
47083,data/images/orig/47083.png,http://www.johnlsayers.com/phpBB2/download/file.php?id=47083,209752
47084,data/images/orig/47084.png,http://www.johnlsayers.com/phpBB2/download/file.php?id=47084,207449
47093,data/images/orig/47093.jpg,http://johnlsayers.com/phpBB2/download/file.php?id=47093,135835
47099,data/images/orig/47099.jpg,http://johnlsayers.com/phpBB2/download/file.php?id=47099,52990
47111,data/images/orig/47111.jpg,http://johnlsayers.com/phpBB2/download/file.php?id=47111,157563
47112,data/images/orig/47112.jpg,http://johnlsayers.com/phpBB2/download/file.php?id=47112,150574
47116,data/images/orig/47116.jpg,http://johnlsayers.com/phpBB2/download/file.php?id=47116,42789
47119,data/images/orig/47119.jpg,http://johnlsayers.com/phpBB2/download/file.php?id=47119&t=1,45264
47120,data/images/orig/47120.jpg,http://johnlsayers.com/phpBB2/download/file.php?id=47120,38931
47121,data/images/orig/47121.jpg,http://johnlsayers.com/phpBB2/download/file.php?id=47121,41109
47122,data/images/orig/47122.jpg,http://johnlsayers.com/phpBB2/download/file.php?id=47122,40817
47130,data/images/orig/47130.jpg,http://johnlsayers.com/phpBB2/download/file.php?id=47130,121864
47146,data/images/orig/47146.jpg,http://johnlsayers.com/phpBB2/download/file.php?id=47146&t=1,112664
47147,data/images/orig/47147.jpg,http://johnlsayers.com/phpBB2/download/file.php?id=47147&t=1,93067
47148,data/images/orig/47148.jpg,http://johnlsayers.com/phpBB2/download/file.php?id=47148&t=1,97490
47149,data/images/orig/47149.jpg,http://johnlsayers.com/phpBB2/download/file.php?id=47149&t=1,97469
47150,data/images/orig/47150.jpg,http://johnlsayers.com/phpBB2/download/file.php?id=47150&t=1,77727
47151,data/images/orig/47151.jpg,http://johnlsayers.com/phpBB2/download/file.php?id=47151&t=1,108235
47153,data/images/orig/47153.jpg,http://johnlsayers.com/phpBB2/download/file.php?id=47153&t=1,84326
47154,data/images/orig/47154.jpg,http://johnlsayers.com/phpBB2/download/file.php?id=47154,68037
47155,data/images/orig/47155.jpg,http://johnlsayers.com/phpBB2/download/file.php?id=47155,87639
47156,data/images/orig/47156.jpg,http://johnlsayers.com/phpBB2/download/file.php?id=47156&t=1,40325
47157,data/images/orig/47157.jpg,http://johnlsayers.com/phpBB2/download/file.php?id=47157,68208
47158,data/images/orig/47158.jpg,http://johnlsayers.com/phpBB2/download/file.php?id=47158&t=1,64168
47164,data/images/orig/47164.jpg,http://johnlsayers.com/phpBB2/download/file.php?id=47164,299688
47165,data/images/orig/47165.jpg,http://johnlsayers.com/phpBB2/download/file.php?id=47165,334251
47167,data/images/orig/47167.jpg,http://johnlsayers.com/phpBB2/download/file.php?id=47167,59101
47168,data/images/orig/47168.jpg,http://johnlsayers.com/phpBB2/download/file.php?id=47168,66659
47169,data/images/orig/47169.jpg,http://johnlsayers.com/phpBB2/download/file.php?id=47169,82300
47172,data/images/orig/47172.png,http://www.johnlsayers.com/phpBB2/download/file.php?id=47172,291971
47174,data/images/orig/47174.jpg,http://www.johnlsayers.com/phpBB2/download/file.php?id=47174,109907
47175,data/images/orig/47175.jpg,http://www.johnlsayers.com/phpBB2/download/file.php?id=47175,41696
47176,data/images/orig/47176.jpg,http://www.johnlsayers.com/phpBB2/download/file.php?id=47176,41253
47177,data/images/orig/47177.jpg,http://www.johnlsayers.com/phpBB2/download/file.php?id=47177,108134
47178,data/images/orig/47178.jpg,http://johnlsayers.com/phpBB2/download/file.php?id=47178,133250
47179,data/images/orig/47179.jpg,http://johnlsayers.com/phpBB2/download/file.php?id=47179,100489
47181,data/images/orig/47181.jpg,http://johnlsayers.com/phpBB2/download/file.php?id=47181,100811
47187,data/images/orig/47187.jpg,http://johnlsayers.com/phpBB2/download/file.php?id=47187,97453
47188,data/images/orig/47188.jpg,http://johnlsayers.com/phpBB2/download/file.php?id=47188,114410
47259,data/images/orig/47259.jpg,http://johnlsayers.com/phpBB2/download/file.php?id=47259,37628
47260,data/images/orig/47260.jpg,http://johnlsayers.com/phpBB2/download/file.php?id=47260&t=1,44117
47310,data/images/orig/47310.jpg,http://johnlsayers.com/phpBB2/download/file.php?id=47310,28734
47343,data/images/orig/47343.jpg,http://johnlsayers.com/phpBB2/download/file.php?id=47343,66720
47353,data/images/orig/47353.jpg,http://johnlsayers.com/phpBB2/download/file.php?id=47353&t=1,105211
47354,data/images/orig/47354.jpg,http://johnlsayers.com/phpBB2/download/file.php?id=47354&t=1,87257
47377,data/images/orig/47377.jpg,http://johnlsayers.com/phpBB2/download/file.php?id=47377,223016
47378,data/images/orig/47378.jpg,http://johnlsayers.com/phpBB2/download/file.php?id=47378,213292
47379,data/images/orig/47379.jpg,http://johnlsayers.com/phpBB2/download/file.php?id=47379,142028
47380,data/images/orig/47380.jpg,http://johnlsayers.com/phpBB2/download/file.php?id=47380,125097
47381,data/images/orig/47381.jpg,http://johnlsayers.com/phpBB2/download/file.php?id=47381&t=1,29938
47382,data/images/orig/47382.jpg,http://johnlsayers.com/phpBB2/download/file.php?id=47382&t=1,37392
47383,data/images/orig/47383.jpg,http://johnlsayers.com/phpBB2/download/file.php?id=47383&t=1,39771
47386,data/images/orig/47386.jpg,http://johnlsayers.com/phpBB2/download/file.php?id=47386&t=1,35070
47387,data/images/orig/47387.jpg,http://johnlsayers.com/phpBB2/download/file.php?id=47387&t=1,35225
47388,data/images/orig/47388.jpg,http://johnlsayers.com/phpBB2/download/file.php?id=47388&t=1,32192
47391,data/images/orig/47391.jpg,http://johnlsayers.com/phpBB2/download/file.php?id=47391&t=1,104942
47392,data/images/orig/47392.jpg,http://johnlsayers.com/phpBB2/download/file.php?id=47392&t=1,139291
47394,data/images/orig/47394.jpg,http://johnlsayers.com/phpBB2/download/file.php?id=47394&t=1,117743
47398,data/images/orig/47398.jpg,http://johnlsayers.com/phpBB2/download/file.php?id=47398,34875
47399,data/images/orig/47399.jpg,http://johnlsayers.com/phpBB2/download/file.php?id=47399,40537
47400,data/images/orig/47400.jpg,http://johnlsayers.com/phpBB2/download/file.php?id=47400,43079
47402,data/images/orig/47402.jpg,http://johnlsayers.com/phpBB2/download/file.php?id=47402,44542
47415,data/images/orig/47415.jpg,http://johnlsayers.com/phpBB2/download/file.php?id=47415,41710
47416,data/images/orig/47416.jpg,http://johnlsayers.com/phpBB2/download/file.php?id=47416,44609
47417,data/images/orig/47417.jpg,http://johnlsayers.com/phpBB2/download/file.php?id=47417,38812
47418,data/images/orig/47418.jpg,http://johnlsayers.com/phpBB2/download/file.php?id=47418,35149
47419,data/images/orig/47419.jpg,http://johnlsayers.com/phpBB2/download/file.php?id=47419,33377
47420,data/images/orig/47420.jpg,http://johnlsayers.com/phpBB2/download/file.php?id=47420,37643
47421,data/images/orig/47421.jpg,http://johnlsayers.com/phpBB2/download/file.php?id=47421,37796
47422,data/images/orig/47422.jpg,http://johnlsayers.com/phpBB2/download/file.php?id=47422,36724
47423,data/images/orig/47423.jpg,http://johnlsayers.com/phpBB2/download/file.php?id=47423,34989
47424,data/images/orig/47424.jpg,http://johnlsayers.com/phpBB2/download/file.php?id=47424,30927
47425,data/images/orig/47425.jpg,http://johnlsayers.com/phpBB2/download/file.php?id=47425,44474
47426,data/images/orig/47426.jpg,http://johnlsayers.com/phpBB2/download/file.php?id=47426,50768
47427,data/images/orig/47427.jpg,http://johnlsayers.com/phpBB2/download/file.php?id=47427,230098
47430,data/images/orig/47430.jpg,http://johnlsayers.com/phpBB2/download/file.php?id=47430,221628
47436,data/images/orig/47436.jpg,http://johnlsayers.com/phpBB2/download/file.php?id=47436,57066
47437,data/images/orig/47437.png,http://johnlsayers.com/phpBB2/download/file.php?id=47437,19073
47439,data/images/orig/47439.png,http://johnlsayers.com/phpBB2/download/file.php?id=47439,42296
47440,data/images/orig/47440.png,http://johnlsayers.com/phpBB2/download/file.php?id=47440,40685
47442,data/images/orig/47442.jpg,http://johnlsayers.com/phpBB2/download/file.php?id=47442,120072
47451,data/images/orig/47451.png,http://johnlsayers.com/phpBB2/download/file.php?id=47451&t=1,225340
47452,data/images/orig/47452.png,http://johnlsayers.com/phpBB2/download/file.php?id=47452&t=1,266660
47453,data/images/orig/47453.png,http://johnlsayers.com/phpBB2/download/file.php?id=47453,37595
47454,data/images/orig/47454.png,http://johnlsayers.com/phpBB2/download/file.php?id=47454,162962
47457,data/images/orig/47457.jpg,http://johnlsayers.com/phpBB2/download/file.php?id=47457&t=1,53581
47458,data/images/orig/47458.jpg,http://johnlsayers.com/phpBB2/download/file.php?id=47458&t=1,71007
47459,data/images/orig/47459.jpg,http://johnlsayers.com/phpBB2/download/file.php?id=47459&t=1,73855
47460,data/images/orig/47460.jpg,http://johnlsayers.com/phpBB2/download/file.php?id=47460&t=1,40639
47461,data/images/orig/47461.jpg,http://johnlsayers.com/phpBB2/download/file.php?id=47461&t=1,56994
47464,data/images/orig/47464.jpg,http://johnlsayers.com/phpBB2/download/file.php?id=47464&t=1,81550
47465,data/images/orig/47465.jpg,http://johnlsayers.com/phpBB2/download/file.php?id=47465&t=1,62777
47469,data/images/orig/47469.jpg,http://johnlsayers.com/phpBB2/download/file.php?id=47469&t=1,42473
47470,data/images/orig/47470.jpg,http://johnlsayers.com/phpBB2/download/file.php?id=47470&t=1,100544
47471,data/images/orig/47471.jpg,http://johnlsayers.com/phpBB2/download/file.php?id=47471&t=1,110847
47472,data/images/orig/47472.jpg,http://johnlsayers.com/phpBB2/download/file.php?id=47472&t=1,84030
47473,data/images/orig/47473.jpg,http://johnlsayers.com/phpBB2/download/file.php?id=47473&t=1,112646
47474,data/images/orig/47474.jpg,http://johnlsayers.com/phpBB2/download/file.php?id=47474&t=1,88073
47475,data/images/orig/47475.jpg,http://johnlsayers.com/phpBB2/download/file.php?id=47475&t=1,94287
47476,data/images/orig/47476.gif,http://johnlsayers.com/phpBB2/download/file.php?id=47476,9626
47477,data/images/orig/47477.jpg,http://johnlsayers.com/phpBB2/download/file.php?id=47477,148682
47478,data/images/orig/47478.jpg,http://johnlsayers.com/phpBB2/download/file.php?id=47478,96254
47479,data/images/orig/47479.jpg,http://johnlsayers.com/phpBB2/download/file.php?id=47479&t=1,73112
47480,data/images/orig/47480.png,http://johnlsayers.com/phpBB2/download/file.php?id=47480,317605
47482,data/images/orig/47482.png,http://johnlsayers.com/phpBB2/download/file.php?id=47482,154021
47484,data/images/orig/47484.png,http://johnlsayers.com/phpBB2/download/file.php?id=47484,161021
47490,data/images/orig/47490.jpg,http://johnlsayers.com/phpBB2/download/file.php?id=47490&t=1,22546
47491,data/images/orig/47491.jpg,http://johnlsayers.com/phpBB2/download/file.php?id=47491&t=1,92582
47493,data/images/orig/47493.jpg,http://johnlsayers.com/phpBB2/download/file.php?id=47493,58814
47494,data/images/orig/47494.jpg,http://johnlsayers.com/phpBB2/download/file.php?id=47494,57619
47495,data/images/orig/47495.jpg,http://johnlsayers.com/phpBB2/download/file.php?id=47495,56466
47496,data/images/orig/47496.png,http://johnlsayers.com/phpBB2/download/file.php?id=47496,16874
47498,data/images/orig/47498.jpg,http://johnlsayers.com/phpBB2/download/file.php?id=47498&t=1,90904
47512,data/images/orig/47512.jpg,http://johnlsayers.com/phpBB2/download/file.php?id=47512,41090
47513,data/images/orig/47513.jpg,http://johnlsayers.com/phpBB2/download/file.php?id=47513,142028
47514,data/images/orig/47514.jpg,http://johnlsayers.com/phpBB2/download/file.php?id=47514,47942
47515,data/images/orig/47515.jpg,http://johnlsayers.com/phpBB2/download/file.php?id=47515,81767
47516,data/images/orig/47516.jpg,http://johnlsayers.com/phpBB2/download/file.php?id=47516&t=1,20622
47517,data/images/orig/47517.jpg,http://johnlsayers.com/phpBB2/download/file.php?id=47517,64557
47518,data/images/orig/47518.jpg,http://johnlsayers.com/phpBB2/download/file.php?id=47518,95142
47519,data/images/orig/47519.jpg,http://johnlsayers.com/phpBB2/download/file.php?id=47519,62161
47520,data/images/orig/47520.jpg,http://johnlsayers.com/phpBB2/download/file.php?id=47520,182036
47521,data/images/orig/47521.jpg,http://johnlsayers.com/phpBB2/download/file.php?id=47521,206551
47522,data/images/orig/47522.jpg,http://johnlsayers.com/phpBB2/download/file.php?id=47522,204655
47523,data/images/orig/47523.jpg,http://johnlsayers.com/phpBB2/download/file.php?id=47523,33037
47524,data/images/orig/47524.jpg,http://johnlsayers.com/phpBB2/download/file.php?id=47524,171698
47525,data/images/orig/47525.jpg,http://johnlsayers.com/phpBB2/download/file.php?id=47525,74723
47526,data/images/orig/47526.jpg,http://johnlsayers.com/phpBB2/download/file.php?id=47526&t=1,22691
47527,data/images/orig/47527.jpg,http://johnlsayers.com/phpBB2/download/file.php?id=47527,188163
47528,data/images/orig/47528.jpg,http://johnlsayers.com/phpBB2/download/file.php?id=47528,196329
47529,data/images/orig/47529.jpg,http://johnlsayers.com/phpBB2/download/file.php?id=47529,76133
47530,data/images/orig/47530.jpg,http://johnlsayers.com/phpBB2/download/file.php?id=47530,183236
47531,data/images/orig/47531.jpg,http://johnlsayers.com/phpBB2/download/file.php?id=47531,193861
47532,data/images/orig/47532.jpg,http://johnlsayers.com/phpBB2/download/file.php?id=47532,223016
47533,data/images/orig/47533.jpg,http://johnlsayers.com/phpBB2/download/file.php?id=47533,109140
47534,data/images/orig/47534.jpg,http://johnlsayers.com/phpBB2/download/file.php?id=47534,120597
47535,data/images/orig/47535.jpg,http://johnlsayers.com/phpBB2/download/file.php?id=47535,144606
47536,data/images/orig/47536.jpg,http://johnlsayers.com/phpBB2/download/file.php?id=47536,96925
47537,data/images/orig/47537.jpg,http://johnlsayers.com/phpBB2/download/file.php?id=47537,133197
47538,data/images/orig/47538.jpg,http://johnlsayers.com/phpBB2/download/file.php?id=47538,114863
47539,data/images/orig/47539.jpg,http://johnlsayers.com/phpBB2/download/file.php?id=47539,157183
47540,data/images/orig/47540.jpg,http://johnlsayers.com/phpBB2/download/file.php?id=47540,76293
47541,data/images/orig/47541.jpg,http://johnlsayers.com/phpBB2/download/file.php?id=47541,95598
47542,data/images/orig/47542.jpg,http://johnlsayers.com/phpBB2/download/file.php?id=47542,40885
47543,data/images/orig/47543.jpg,http://johnlsayers.com/phpBB2/download/file.php?id=47543,40062
47544,data/images/orig/47544.png,http://johnlsayers.com/phpBB2/download/file.php?id=47544,37017
47545,data/images/orig/47545.png,http://johnlsayers.com/phpBB2/download/file.php?id=47545,62518
47546,data/images/orig/47546.jpg,http://johnlsayers.com/phpBB2/download/file.php?id=47546,210767
47549,data/images/orig/47549.jpg,http://johnlsayers.com/phpBB2/download/file.php?id=47549&t=1,93043
47554,data/images/orig/47554.gif,http://johnlsayers.com/phpBB2/download/file.php?id=47554,10412
47556,data/images/orig/47556.png,http://johnlsayers.com/phpBB2/download/file.php?id=47556,61278
47557,data/images/orig/47557.jpg,http://johnlsayers.com/phpBB2/download/file.php?id=47557&t=1,110931
47558,data/images/orig/47558.jpg,http://johnlsayers.com/phpBB2/download/file.php?id=47558&t=1,103481
47563,data/images/orig/47563.jpg,http://johnlsayers.com/phpBB2/download/file.php?id=47563,102818
47564,data/images/orig/47564.jpg,http://johnlsayers.com/phpBB2/download/file.php?id=47564,95219
47565,data/images/orig/47565.jpg,http://johnlsayers.com/phpBB2/download/file.php?id=47565&t=1,108314
47566,data/images/orig/47566.jpg,http://johnlsayers.com/phpBB2/download/file.php?id=47566,35543
47567,data/images/orig/47567.jpg,http://johnlsayers.com/phpBB2/download/file.php?id=47567,37083
47568,data/images/orig/47568.jpg,http://johnlsayers.com/phpBB2/download/file.php?id=47568,68335
47569,data/images/orig/47569.jpg,http://johnlsayers.com/phpBB2/download/file.php?id=47569,87597
47570,data/images/orig/47570.jpg,http://johnlsayers.com/phpBB2/download/file.php?id=47570,72257
47572,data/images/orig/47572.jpg,http://johnlsayers.com/phpBB2/download/file.php?id=47572,71751
47573,data/images/orig/47573.png,http://johnlsayers.com/phpBB2/download/file.php?id=47573,22122
47574,data/images/orig/47574.png,http://johnlsayers.com/phpBB2/download/file.php?id=47574,13015
47576,data/images/orig/47576.png,http://johnlsayers.com/phpBB2/download/file.php?id=47576,53892
47577,data/images/orig/47577.jpg,http://johnlsayers.com/phpBB2/download/file.php?id=47577&mode=view,271519
47578,data/images/orig/47578.jpg,http://johnlsayers.com/phpBB2/download/file.php?id=47578&mode=view,339616
47579,data/images/orig/47579.jpg,http://johnlsayers.com/phpBB2/download/file.php?id=47579,87925
47580,data/images/orig/47580.jpg,http://johnlsayers.com/phpBB2/download/file.php?id=47580,62826
47581,data/images/orig/47581.jpg,http://johnlsayers.com/phpBB2/download/file.php?id=47581,181100
47582,data/images/orig/47582.jpg,http://johnlsayers.com/phpBB2/download/file.php?id=47582,119724
47583,data/images/orig/47583.jpg,http://johnlsayers.com/phpBB2/download/file.php?id=47583,129054
47584,data/images/orig/47584.jpg,http://johnlsayers.com/phpBB2/download/file.php?id=47584,133716
47585,data/images/orig/47585.jpg,http://johnlsayers.com/phpBB2/download/file.php?id=47585,120863
47586,data/images/orig/47586.jpg,http://johnlsayers.com/phpBB2/download/file.php?id=47586,124528
47589,data/images/orig/47589.jpg,http://johnlsayers.com/phpBB2/download/file.php?id=47589,104607
47591,data/images/orig/47591.jpg,http://johnlsayers.com/phpBB2/download/file.php?id=47591,98980
47592,data/images/orig/47592.jpg,http://johnlsayers.com/phpBB2/download/file.php?id=47592,76248
47593,data/images/orig/47593.jpg,http://johnlsayers.com/phpBB2/download/file.php?id=47593,102932
47594,data/images/orig/47594.jpg,http://johnlsayers.com/phpBB2/download/file.php?id=47594,115334
47595,data/images/orig/47595.jpg,http://johnlsayers.com/phpBB2/download/file.php?id=47595,99451
47596,data/images/orig/47596.jpg,http://johnlsayers.com/phpBB2/download/file.php?id=47596,92830
47597,data/images/orig/47597.jpg,http://johnlsayers.com/phpBB2/download/file.php?id=47597,108135
47598,data/images/orig/47598.jpg,http://johnlsayers.com/phpBB2/download/file.php?id=47598,99165
47599,data/images/orig/47599.jpg,http://johnlsayers.com/phpBB2/download/file.php?id=47599,115900
47600,data/images/orig/47600.jpg,http://johnlsayers.com/phpBB2/download/file.php?id=47600,80992
47601,data/images/orig/47601.jpg,http://johnlsayers.com/phpBB2/download/file.php?id=47601,72596
47603,data/images/orig/47603.jpg,http://johnlsayers.com/phpBB2/download/file.php?id=47603,103513
47604,data/images/orig/47604.jpg,http://johnlsayers.com/phpBB2/download/file.php?id=47604,98763
47605,data/images/orig/47605.jpg,http://johnlsayers.com/phpBB2/download/file.php?id=47605,110449
47606,data/images/orig/47606.jpg,http://johnlsayers.com/phpBB2/download/file.php?id=47606,106145
47608,data/images/orig/47608.jpg,http://johnlsayers.com/phpBB2/download/file.php?id=47608,107665
47609,data/images/orig/47609.jpg,http://johnlsayers.com/phpBB2/download/file.php?id=47609,125591
47610,data/images/orig/47610.jpg,http://johnlsayers.com/phpBB2/download/file.php?id=47610,142008
47611,data/images/orig/47611.jpg,http://johnlsayers.com/phpBB2/download/file.php?id=47611,97350
47612,data/images/orig/47612.jpg,http://johnlsayers.com/phpBB2/download/file.php?id=47612,97372
47613,data/images/orig/47613.jpg,http://johnlsayers.com/phpBB2/download/file.php?id=47613,139631
47614,data/images/orig/47614.jpg,http://johnlsayers.com/phpBB2/download/file.php?id=47614,78308
47615,data/images/orig/47615.jpg,http://johnlsayers.com/phpBB2/download/file.php?id=47615,67737
47618,data/images/orig/47618.jpg,http://johnlsayers.com/phpBB2/download/file.php?id=47618,17099
47619,data/images/orig/47619.jpg,http://johnlsayers.com/phpBB2/download/file.php?id=47619,21617
47620,data/images/orig/47620.jpg,http://johnlsayers.com/phpBB2/download/file.php?id=47620,27415
47621,data/images/orig/47621.jpg,http://johnlsayers.com/phpBB2/download/file.php?id=47621,65539
47622,data/images/orig/47622.jpg,http://johnlsayers.com/phpBB2/download/file.php?id=47622&t=1,96311
47623,data/images/orig/47623.jpg,http://johnlsayers.com/phpBB2/download/file.php?id=47623&t=1,98640
47624,data/images/orig/47624.jpg,http://johnlsayers.com/phpBB2/download/file.php?id=47624,71044
47625,data/images/orig/47625.jpg,http://johnlsayers.com/phpBB2/download/file.php?id=47625,70457
47626,data/images/orig/47626.jpg,http://johnlsayers.com/phpBB2/download/file.php?id=47626,22469
47627,data/images/orig/47627.jpg,http://johnlsayers.com/phpBB2/download/file.php?id=47627&t=1,97262
47628,data/images/orig/47628.jpg,http://johnlsayers.com/phpBB2/download/file.php?id=47628&t=1,83992
47629,data/images/orig/47629.jpg,http://johnlsayers.com/phpBB2/download/file.php?id=47629&t=1,74833
47630,data/images/orig/47630.jpg,http://johnlsayers.com/phpBB2/download/file.php?id=47630,87574
47640,data/images/orig/47640.jpg,http://johnlsayers.com/phpBB2/download/file.php?id=47640,286089
47641,data/images/orig/47641.jpg,http://johnlsayers.com/phpBB2/download/file.php?id=47641,116519
47642,data/images/orig/47642.jpg,http://johnlsayers.com/phpBB2/download/file.php?id=47642,121421
47643,data/images/orig/47643.jpg,http://johnlsayers.com/phpBB2/download/file.php?id=47643,81207
47644,data/images/orig/47644.jpg,http://johnlsayers.com/phpBB2/download/file.php?id=47644,100463
47645,data/images/orig/47645.jpg,http://johnlsayers.com/phpBB2/download/file.php?id=47645,45971
47646,data/images/orig/47646.jpeg,http://johnlsayers.com/phpBB2/download/file.php?id=47646,60461
47647,data/images/orig/47647.png,http://johnlsayers.com/phpBB2/download/file.php?id=47647,28139
47648,data/images/orig/47648.jpg,http://johnlsayers.com/phpBB2/download/file.php?id=47648&t=1,40031
47649,data/images/orig/47649.jpg,http://johnlsayers.com/phpBB2/download/file.php?id=47649&t=1,28043
47650,data/images/orig/47650.jpg,http://johnlsayers.com/phpBB2/download/file.php?id=47650&t=1,79583
47651,data/images/orig/47651.jpg,http://johnlsayers.com/phpBB2/download/file.php?id=47651&t=1,94298
47652,data/images/orig/47652.jpg,http://johnlsayers.com/phpBB2/download/file.php?id=47652&t=1,90245
47653,data/images/orig/47653.jpg,http://johnlsayers.com/phpBB2/download/file.php?id=47653&t=1,71097
47654,data/images/orig/47654.jpg,http://johnlsayers.com/phpBB2/download/file.php?id=47654&t=1,64481
47655,data/images/orig/47655.jpg,http://johnlsayers.com/phpBB2/download/file.php?id=47655&t=1,65244
47656,data/images/orig/47656.jpg,http://johnlsayers.com/phpBB2/download/file.php?id=47656,287297
47659,data/images/orig/47659.jpg,http://johnlsayers.com/phpBB2/download/file.php?id=47659,47235
47660,data/images/orig/47660.jpg,http://johnlsayers.com/phpBB2/download/file.php?id=47660,53208
47661,data/images/orig/47661.jpg,http://johnlsayers.com/phpBB2/download/file.php?id=47661&t=1,75244
47662,data/images/orig/47662.jpg,http://johnlsayers.com/phpBB2/download/file.php?id=47662&t=1,121079
47663,data/images/orig/47663.jpg,http://johnlsayers.com/phpBB2/download/file.php?id=47663&t=1,121800
47665,data/images/orig/47665.jpg,http://johnlsayers.com/phpBB2/download/file.php?id=47665&t=1,91935
47666,data/images/orig/47666.jpg,http://johnlsayers.com/phpBB2/download/file.php?id=47666&t=1,94872
47667,data/images/orig/47667.jpg,http://johnlsayers.com/phpBB2/download/file.php?id=47667&t=1,85418
47668,data/images/orig/47668.jpg,http://johnlsayers.com/phpBB2/download/file.php?id=47668&t=1,106237
47669,data/images/orig/47669.jpg,http://johnlsayers.com/phpBB2/download/file.php?id=47669&t=1,103528
47670,data/images/orig/47670.jpg,http://johnlsayers.com/phpBB2/download/file.php?id=47670&t=1,107644
47671,data/images/orig/47671.jpg,http://johnlsayers.com/phpBB2/download/file.php?id=47671&t=1,81311
47675,data/images/orig/47675.png,http://johnlsayers.com/phpBB2/download/file.php?id=47675,314546
47676,data/images/orig/47676.png,http://johnlsayers.com/phpBB2/download/file.php?id=47676&t=1,318539
47677,data/images/orig/47677.png,http://johnlsayers.com/phpBB2/download/file.php?id=47677&t=1,225846
47678,data/images/orig/47678.png,http://johnlsayers.com/phpBB2/download/file.php?id=47678&t=1,229052
47680,data/images/orig/47680.jpg,http://johnlsayers.com/phpBB2/download/file.php?id=47680,55111
47682,data/images/orig/47682.png,http://johnlsayers.com/phpBB2/download/file.php?id=47682,86611
47683,data/images/orig/47683.jpg,http://johnlsayers.com/phpBB2/download/file.php?id=47683&t=1,125135
47684,data/images/orig/47684.png,http://johnlsayers.com/phpBB2/download/file.php?id=47684,156522
47697,data/images/orig/47697.png,http://johnlsayers.com/phpBB2/download/file.php?id=47697,103990
47698,data/images/orig/47698.jpg,http://johnlsayers.com/phpBB2/download/file.php?id=47698&t=1,81311
47699,data/images/orig/47699.gif,http://johnlsayers.com/phpBB2/download/file.php?id=47699&t=1,350412
47700,data/images/orig/47700.gif,http://johnlsayers.com/phpBB2/download/file.php?id=47700&t=1,383344
47704,data/images/orig/47704.jpg,http://johnlsayers.com/phpBB2/download/file.php?id=47704,136112
47705,data/images/orig/47705.png,http://johnlsayers.com/phpBB2/download/file.php?id=47705,8945
47706,data/images/orig/47706.jpg,http://johnlsayers.com/phpBB2/download/file.php?id=47706&t=1,15335
47707,data/images/orig/47707.jpeg,http://johnlsayers.com/phpBB2/download/file.php?id=47707,47861
47708,data/images/orig/47708.jpg,http://johnlsayers.com/phpBB2/download/file.php?id=47708&t=1,91449
47709,data/images/orig/47709.jpg,http://johnlsayers.com/phpBB2/download/file.php?id=47709&t=1,101499
47710,data/images/orig/47710.jpg,http://johnlsayers.com/phpBB2/download/file.php?id=47710&t=1,119676
47711,data/images/orig/47711.jpg,http://johnlsayers.com/phpBB2/download/file.php?id=47711&t=1,94477
47712,data/images/orig/47712.jpg,http://johnlsayers.com/phpBB2/download/file.php?id=47712&t=1,53551
47713,data/images/orig/47713.jpg,http://johnlsayers.com/phpBB2/download/file.php?id=47713&t=1,99265
47714,data/images/orig/47714.jpg,http://johnlsayers.com/phpBB2/download/file.php?id=47714&t=1,66268
47716,data/images/orig/47716.jpg,http://johnlsayers.com/phpBB2/download/file.php?id=47716,108095
47717,data/images/orig/47717.jpg,http://johnlsayers.com/phpBB2/download/file.php?id=47717&t=1,102912
47718,data/images/orig/47718.jpg,http://johnlsayers.com/phpBB2/download/file.php?id=47718&t=1,104153
47719,data/images/orig/47719.jpg,http://johnlsayers.com/phpBB2/download/file.php?id=47719&t=1,142030
47720,data/images/orig/47720.jpg,http://johnlsayers.com/phpBB2/download/file.php?id=47720&t=1,126820
47721,data/images/orig/47721.jpg,http://johnlsayers.com/phpBB2/download/file.php?id=47721&t=1,100204
47722,data/images/orig/47722.jpg,http://johnlsayers.com/phpBB2/download/file.php?id=47722&t=1,98689
47724,data/images/orig/47724.jpg,http://johnlsayers.com/phpBB2/download/file.php?id=47724,99487
47725,data/images/orig/47725.jpg,http://johnlsayers.com/phpBB2/download/file.php?id=47725&t=1,87866
47726,data/images/orig/47726.jpg,http://johnlsayers.com/phpBB2/download/file.php?id=47726,19989
47730,data/images/orig/47730.png,http://johnlsayers.com/phpBB2/download/file.php?id=47730&t=1,96793
47731,data/images/orig/47731.png,http://johnlsayers.com/phpBB2/download/file.php?id=47731&t=1,76852
47732,data/images/orig/47732.png,http://johnlsayers.com/phpBB2/download/file.php?id=47732&t=1,168555
47733,data/images/orig/47733.png,http://johnlsayers.com/phpBB2/download/file.php?id=47733&t=1,175368
47734,data/images/orig/47734.png,http://johnlsayers.com/phpBB2/download/file.php?id=47734&t=1,147960
47735,data/images/orig/47735.png,http://johnlsayers.com/phpBB2/download/file.php?id=47735&t=1,150406
47736,data/images/orig/47736.png,http://johnlsayers.com/phpBB2/download/file.php?id=47736&t=1,132403
47737,data/images/orig/47737.png,http://johnlsayers.com/phpBB2/download/file.php?id=47737&t=1,165563
47738,data/images/orig/47738.png,http://johnlsayers.com/phpBB2/download/file.php?id=47738&t=1,95081
47743,data/images/orig/47743.jpg,http://johnlsayers.com/phpBB2/download/file.php?id=47743&t=1,63933
47744,data/images/orig/47744.jpg,http://johnlsayers.com/phpBB2/download/file.php?id=47744,83652
47745,data/images/orig/47745.jpg,http://johnlsayers.com/phpBB2/download/file.php?id=47745&t=1,83908
47747,data/images/orig/47747.jpg,http://johnlsayers.com/phpBB2/download/file.php?id=47747&t=1,88518
47750,data/images/orig/47750.jpg,http://johnlsayers.com/phpBB2/download/file.php?id=47750,34975
47751,data/images/orig/47751.jpg,http://johnlsayers.com/phpBB2/download/file.php?id=47751,41938
47752,data/images/orig/47752.jpg,http://johnlsayers.com/phpBB2/download/file.php?id=47752,17844
47753,data/images/orig/47753.jpg,http://johnlsayers.com/phpBB2/download/file.php?id=47753,132134
47757,data/images/orig/47757.jpg,http://johnlsayers.com/phpBB2/download/file.php?id=47757&t=1,79289
47758,data/images/orig/47758.jpg,http://johnlsayers.com/phpBB2/download/file.php?id=47758&t=1,79048
47759,data/images/orig/47759.jpg,http://johnlsayers.com/phpBB2/download/file.php?id=47759,222543
47760,data/images/orig/47760.jpg,http://johnlsayers.com/phpBB2/download/file.php?id=47760&t=1,64846
47761,data/images/orig/47761.jpg,http://johnlsayers.com/phpBB2/download/file.php?id=47761,151284
47762,data/images/orig/47762.jpg,http://johnlsayers.com/phpBB2/download/file.php?id=47762&t=1,77308
47764,data/images/orig/47764.jpg,http://johnlsayers.com/phpBB2/download/file.php?id=47764,23570
47765,data/images/orig/47765.jpg,http://johnlsayers.com/phpBB2/download/file.php?id=47765,30954
47766,data/images/orig/47766.jpg,http://johnlsayers.com/phpBB2/download/file.php?id=47766,32859
47767,data/images/orig/47767.jpg,http://johnlsayers.com/phpBB2/download/file.php?id=47767,17215
47768,data/images/orig/47768.jpg,http://johnlsayers.com/phpBB2/download/file.php?id=47768,169993
47769,data/images/orig/47769.jpg,http://johnlsayers.com/phpBB2/download/file.php?id=47769&t=1,69708
47771,data/images/orig/47771.jpg,http://johnlsayers.com/phpBB2/download/file.php?id=47771,93239
47772,data/images/orig/47772.jpg,http://johnlsayers.com/phpBB2/download/file.php?id=47772,103183
47773,data/images/orig/47773.jpg,http://johnlsayers.com/phpBB2/download/file.php?id=47773,60195
47774,data/images/orig/47774.jpg,http://johnlsayers.com/phpBB2/download/file.php?id=47774,51018
47775,data/images/orig/47775.jpg,http://johnlsayers.com/phpBB2/download/file.php?id=47775,58083
47776,data/images/orig/47776.jpg,http://johnlsayers.com/phpBB2/download/file.php?id=47776,42754
47777,data/images/orig/47777.jpg,http://johnlsayers.com/phpBB2/download/file.php?id=47777,53159
47779,data/images/orig/47779.png,http://johnlsayers.com/phpBB2/download/file.php?id=47779,427226
47780,data/images/orig/47780.jpg,http://johnlsayers.com/phpBB2/download/file.php?id=47780&t=1,110484
47781,data/images/orig/47781.jpg,http://johnlsayers.com/phpBB2/download/file.php?id=47781,121998
47782,data/images/orig/47782.jpg,http://johnlsayers.com/phpBB2/download/file.php?id=47782,106163
47783,data/images/orig/47783.jpg,http://johnlsayers.com/phpBB2/download/file.php?id=47783,107283
47784,data/images/orig/47784.jpg,http://johnlsayers.com/phpBB2/download/file.php?id=47784&t=1,104246
47785,data/images/orig/47785.png,http://johnlsayers.com/phpBB2/download/file.php?id=47785,231988
47787,data/images/orig/47787.png,http://johnlsayers.com/phpBB2/download/file.php?id=47787&t=1,236375
47788,data/images/orig/47788.png,http://johnlsayers.com/phpBB2/download/file.php?id=47788&t=1,239364
47789,data/images/orig/47789.png,http://johnlsayers.com/phpBB2/download/file.php?id=47789&t=1,233047
47790,data/images/orig/47790.jpg,http://www.johnlsayers.com/phpBB2/download/file.php?mode=view&id=47790,99107
47791,data/images/orig/47791.jpg,http://johnlsayers.com/phpBB2/download/file.php?id=47791,143143
47792,data/images/orig/47792.jpg,http://johnlsayers.com/phpBB2/download/file.php?id=47792,66892
47793,data/images/orig/47793.png,http://johnlsayers.com/phpBB2/download/file.php?id=47793,231988
47794,data/images/orig/47794.png,http://johnlsayers.com/phpBB2/download/file.php?id=47794,35562
47795,data/images/orig/47795.png,http://johnlsayers.com/phpBB2/download/file.php?id=47795,39014
47797,data/images/orig/47797.png,http://johnlsayers.com/phpBB2/download/file.php?id=47797&t=1,236375
47798,data/images/orig/47798.png,http://johnlsayers.com/phpBB2/download/file.php?id=47798&t=1,129683
47800,data/images/orig/47800.jpg,http://johnlsayers.com/phpBB2/download/file.php?id=47800&t=1,100548
47801,data/images/orig/47801.jpg,http://johnlsayers.com/phpBB2/download/file.php?id=47801,164708
47802,data/images/orig/47802.jpg,http://johnlsayers.com/phpBB2/download/file.php?id=47802,150872
47803,data/images/orig/47803.jpg,http://johnlsayers.com/phpBB2/download/file.php?id=47803,56112
47804,data/images/orig/47804.jpg,http://johnlsayers.com/phpBB2/download/file.php?id=47804,63684
47805,data/images/orig/47805.jpg,http://johnlsayers.com/phpBB2/download/file.php?id=47805,72231
47806,data/images/orig/47806.jpg,http://johnlsayers.com/phpBB2/download/file.php?id=47806&t=1,65121
47807,data/images/orig/47807.jpg,http://johnlsayers.com/phpBB2/download/file.php?id=47807,96886
47808,data/images/orig/47808.png,http://johnlsayers.com/phpBB2/download/file.php?id=47808&t=1,267480
47809,data/images/orig/47809.jpg,http://johnlsayers.com/phpBB2/download/file.php?id=47809,164950
47810,data/images/orig/47810.jpg,http://johnlsayers.com/phpBB2/download/file.php?id=47810,109159
47811,data/images/orig/47811.jpg,http://johnlsayers.com/phpBB2/download/file.php?id=47811,192620
47812,data/images/orig/47812.png,http://www.johnlsayers.com/phpBB2/download/file.php?id=47812&t=1,345119
47814,data/images/orig/47814.png,http://johnlsayers.com/phpBB2/download/file.php?id=47814,27586
47815,data/images/orig/47815.jpg,http://johnlsayers.com/phpBB2/download/file.php?id=47815,116227
47816,data/images/orig/47816.jpg,http://johnlsayers.com/phpBB2/download/file.php?id=47816,140964
47817,data/images/orig/47817.jpg,http://johnlsayers.com/phpBB2/download/file.php?id=47817&t=1,95840
47823,data/images/orig/47823.jpg,http://johnlsayers.com/phpBB2/download/file.php?id=47823,63837
47824,data/images/orig/47824.jpg,http://johnlsayers.com/phpBB2/download/file.php?id=47824,89520
47825,data/images/orig/47825.jpg,http://johnlsayers.com/phpBB2/download/file.php?id=47825&t=1,106853
47847,data/images/orig/47847.jpg,http://johnlsayers.com/phpBB2/download/file.php?id=47847,109513
47850,data/images/orig/47850.jpg,http://johnlsayers.com/phpBB2/download/file.php?id=47850,230098
47868,data/images/orig/47868.jpg,http://johnlsayers.com/phpBB2/download/file.php?id=47868,61113
47880,data/images/orig/47880.jpg,http://johnlsayers.com/phpBB2/download/file.php?id=47880,55040
47881,data/images/orig/47881.jpg,http://johnlsayers.com/phpBB2/download/file.php?id=47881,70801
47882,data/images/orig/47882.jpg,http://johnlsayers.com/phpBB2/download/file.php?id=47882,69622
47883,data/images/orig/47883.jpg,http://johnlsayers.com/phpBB2/download/file.php?id=47883,141246
47884,data/images/orig/47884.jpg,http://johnlsayers.com/phpBB2/download/file.php?id=47884,118809
47885,data/images/orig/47885.jpg,http://johnlsayers.com/phpBB2/download/file.php?id=47885,78648
47895,data/images/orig/47895.jpg,http://johnlsayers.com/phpBB2/download/file.php?id=47895,149586
47907,data/images/orig/47907.png,http://johnlsayers.com/phpBB2/download/file.php?id=47907,368740
47923,data/images/orig/47923.jpg,http://johnlsayers.com/phpBB2/download/file.php?id=47923&t=1,87483
47955,data/images/orig/47955.jpg,http://johnlsayers.com/phpBB2/download/file.php?id=47955,283694
47956,data/images/orig/47956.jpg,http://johnlsayers.com/phpBB2/download/file.php?id=47956,276719
47957,data/images/orig/47957.jpg,http://johnlsayers.com/phpBB2/download/file.php?id=47957,293878
47958,data/images/orig/47958.jpg,http://johnlsayers.com/phpBB2/download/file.php?id=47958,240000
26018,data/images/orig/26018.jpg,http://johnlsayers.com/phpBB2/download/file.php?id=26018&mode=view,70465
26531,data/images/orig/26531.jpg,http://johnlsayers.com/phpBB2/download/file.php?id=26531&t=1,36707
26609,data/images/orig/26609.jpg,http://johnlsayers.com/phpBB2/download/file.php?id=26609&mode=view,22988
27678,data/images/orig/27678.jpg,http://johnlsayers.com/phpBB2/download/file.php?id=27678&t=1,9508
27679,data/images/orig/27679.jpg,http://johnlsayers.com/phpBB2/download/file.php?id=27679,10527
27731,data/images/orig/27731.jpg,http://johnlsayers.com/phpBB2/download/file.php?id=27731&t=1,31783
29882,data/images/orig/29882.jpg,http://johnlsayers.com/phpBB2/download/file.php?id=29882&t=1,28124
30092,data/images/orig/30092.jpg,http://johnlsayers.com/phpBB2/download/file.php?id=30092&t=1,42900
30094,data/images/orig/30094.jpg,http://johnlsayers.com/phpBB2/download/file.php?id=30094&t=1,43901
30227,data/images/orig/30227.jpg,http://johnlsayers.com/phpBB2/download/file.php?id=30227&t=1,51326
30237,data/images/orig/30237.jpg,http://johnlsayers.com/phpBB2/download/file.php?id=30237&t=1,12142
30240,data/images/orig/30240.jpg,http://johnlsayers.com/phpBB2/download/file.php?id=30240&t=1,20942
30346,data/images/orig/30346.jpg,http://johnlsayers.com/phpBB2/download/file.php?id=30346,15306
30805,data/images/orig/30805.jpg,http://johnlsayers.com/phpBB2/download/file.php?id=30805&t=1,20266
31137,data/images/orig/31137.jpg,http://johnlsayers.com/phpBB2/download/file.php?id=31137&t=1,36204
37260,data/images/orig/37260.jpg,http://johnlsayers.com/phpBB2/download/file.php?id=37260,56162
37262,data/images/orig/37262.jpg,http://johnlsayers.com/phpBB2/download/file.php?id=37262,60619
37263,data/images/orig/37263.jpg,http://johnlsayers.com/phpBB2/download/file.php?id=37263,58739
45282,data/images/orig/45282.jpg,http://johnlsayers.com/phpBB2/download/file.php?id=45282,16204
